المعرف,الفئة,العنوان الأصلي,العنوان العربي/الترجمة الوصفية,المسؤولية العلمية,الناشر/المؤسسة,السنة,الطبعة/الأجزاء,ISBN/DOI,بيانات الدورية,بيانات المخطوط,النوع,اللغة,اللغة الأساسية,العصر,المحاور,النطاق الجغرافي,القيمة البحثية,مستوى القارئ,التقييم,سبب التقييم وحدود الاستخدام,رابط السجل/الناشر,رابط النص/المادة,الإتاحة,الحقوق,حالة التحقق,ما الذي فُحص فعليًا,أساس الوصف,فائدة المشروع,ملاحظات,ربط بـ v4.9,الإصدار,سجل التغيير,تاريخ التحقق,معرف المسار
LIB-PRI-001,مصدر أصلي,"The History of the Conquest of Egypt, North Africa and Spain, known as the Futūḥ Miṣr of Ibn ʿAbd al-Ḥakam",فتوح مصر والمغرب والأندلس لابن عبد الحكم (النص العربي المحقق),ابن عبد الحكم (ت 257هـ/871م)؛ تحقيق: Charles C. Torrey,"Yale University Press, New Haven",1922,مجلد واحد (65 + 369 ص),لم أتحقق,,,كتاب,عربية (مقدمة إنجليزية),عربية,الفتح والولاة,سياسة; عسكري; تأريخ ونقد مصادر,مصر؛ إفريقية؛ المغرب؛ الأندلس,أقدم رواية عربية مدوّنة عن فتح الأندلس (القرن 3هـ)؛ تساعد على مقارنة روايات الفتح (طارق وموسى، المائدة، يوليان) بالروايات الأندلسية المتأخرة.,بحثي متخصص,A,الطبعة النقدية المعيارية؛ الجزء الأندلسي قصير ومشبع بعناصر أسطورية يلزم نقدها.,https://archive.org/details/historyofconques00ibna,https://archive.org/details/historyofconques00ibna,نص كامل مجاني,غير متحقق (طبعة 1922؛ أرشيف الإنترنت لم يصرّح بترخيص في الصفحة),اطلاع على الفهرس/المقدمة/وصف الناشر,فتحت صفحة أرشيف الإنترنت: الناشر Yale UP، نيوهيفن 1922، التحقيق لتوري، الوصف المادي. (تاريخ التحقق 2026-09-23),بيانات السجل + معرفة عامة بالمحتوى,خط زمني; مقال موسوعي; درس,ترجمة إنجليزية حديثة معلنة من جامعة كامبريدج (صفحة AMES) تعذّر فتحها (404)؛ لم أتحقق من بياناتها.,,v1.0,,2026-09-23,P-01
LIB-PRI-002,مصدر أصلي,أخبار مجموعة في فتح الأندلس وذكر أمرائها رحمهم الله والحروب الواقعة بها بينهم,أخبار مجموعة في فتح الأندلس,مؤلف مجهول؛ تحقيق: إبراهيم الأبياري,دار الكتاب المصري/دار الكتاب اللبناني (سلسلة المكتبة الأندلسية) — لم أتحقق من الناشر على صفحة فهرس,لم أتحقق,لم أتحقق,لم أتحقق,,,كتاب,عربية,عربية,الفتح والولاة; الإمارة,سياسة; عسكري; تأريخ ونقد مصادر,الأندلس,مجموعة روايات قرطبية عن الفتح وعصر الولاة وقيام الإمارة حتى عبد الرحمن الناصر؛ مصدر رئيس لأحداث بلاط وفتن الولاة.,متقدم,A,من أهم مصادر الفتح، لكن تاريخ تأليفه (القرن 4 أو 5هـ) ومؤلفه موضع خلاف؛ طبعة الأبياري تجارية التحقيق نسبيًا.,https://altair.imarabe.org/notice.php?q=id:21237,,شراء؛ نسخ مصورة على مواقع غير رسمية,غير متحقق,سجل ببليوغرافي فقط,سجل فهرس معهد العالم العربي ظهر في نتائج البحث بعنوان التحقيق واسم الأبياري؛ الصفحة نفسها حجبها تحقق أمني ولم تُفتح. (تاريخ التحقق 2026-09-23),معرفة عامة + عنوان السجل,خط زمني; مقال موسوعي; بطاقة شخصية,الطبعة الأقدم: Lafuente y Alcántara، مدريد 1867 مع ترجمة إسبانية (لم أتحقق). يُفضّل مقارنته بـ Chalmeta وبدراسات Molina حول تأريخ النص.,,v1.0,,2026-09-23,P-02
LIB-PRI-003,مصدر أصلي,تاريخ افتتاح الأندلس,تاريخ افتتاح الأندلس لابن القوطية,ابن القوطية (ت 367هـ)؛ تحقيق: عبد الله أنيس الطباع؛ مراجعة وفهارس: عمر فاروق الطباع,مؤسسة المعارف للطباعة والنشر، بيروت,1994,لم أتحقق,لم أتحقق,,,كتاب,عربية,عربية,الفتح والولاة; الإمارة,سياسة; مجتمع; الأديان والجماعات; تأريخ ونقد مصادر,الأندلس (قرطبة وإشبيلية),رواية مولّد من أصل قوطي تبرز دور أحفاد الملك غيطشة والموالي؛ تجيب عن سؤال: كيف رأت النخبة المولّدة الفتح والإمارة؟,متقدم,A,مصدر أولي فريد (مخطوط وحيد في باريس)؛ النص أمالٍ دوّنها تلاميذه، فيه اضطراب وقصصية.,https://archive.org/details/tokyo.elektro_20230720,https://archive.org/details/tokyo.elektro_20230720,نص كامل (نسخة مرفوعة على أرشيف الإنترنت),غير متحقق (رفع من مستخدم؛ الطبعة محفوظة الحقوق غالبًا),اطلاع على الفهرس/المقدمة/وصف الناشر,فتحت صفحة أرشيف الإنترنت: المحقق والناشر والسنة. (تاريخ التحقق 2026-09-23),بيانات السجل,خط زمني; مقال موسوعي; درس,طبعة الأبياري (دار الكتاب المصري) متداولة أيضًا ولم أتحقق منها. ترجمة إنجليزية علمية: P-04.,,v1.0,,2026-09-23,P-03
LIB-PRI-004,مصدر أصلي,Early Islamic Spain: The History of Ibn al-Qūṭīya,إسبانيا الإسلامية المبكرة: تاريخ ابن القوطية (ترجمة ودراسة),ابن القوطية؛ ترجمة ودراسة: David James,"Routledge, London/New York (Culture and Civilization in the Middle East)",2009 (طبعة ورقية 2011),xi+174 ص، خرائط وجداول أنساب,9780415475525 (مجلد)؛ 9780415668552 (ورقي)؛ 9780203882672 (إلكتروني),,,كتاب,إنجليزية,إنجليزية,الفتح والولاة; الإمارة; الخلافة,سياسة; مجتمع; الأديان والجماعات; تأريخ ونقد مصادر,الأندلس,أول ترجمة إنجليزية كاملة مع دراسة للمخطوط الباريسي وحواشٍ وجداول أنساب؛ تصلح للقارئ غير العربي ولفريق المحتوى.,متقدم,A,ترجمة أكاديمية موثقة؛ بعض المراجعات انتقدت مواضع في الترجمة (لم أفحصها).,https://searchworks.stanford.edu/view/7928358,,شراء/استعارة,غير متحقق,اطلاع على الفهرس/المقدمة/وصف الناشر,فتحت سجل مكتبة ستانفورد (ISBNs والوصف المادي) وصفحة الناشر Routledge (الوصف). (تاريخ التحقق 2026-09-23),وصف ناشر + سجل مكتبة,مقال موسوعي; درس; بطاقة شخصية,نسخة مرفوعة في أرشيف الإنترنت (archive.org/details/early-islamic-spain-the-history-of-Ibn-al-qutiyah) غير مرخّصة غالبًا؛ لا يُعتمد عليها للنشر.,,v1.0,,2026-09-23,P-04
LIB-PRI-005,مصدر أصلي,Conquerors and Chroniclers of Early Medieval Spain,الفاتحون والإخباريون في إسبانيا في العصور الوسطى المبكرة (يتضمن ترجمة حولية 754 وحولية ألفونسو الثالث),ترجمة وتقديم: Kenneth Baxter Wolf,"Liverpool University Press (Translated Texts for Historians, vol. 9)",1990 (ط2 1999 — لم أتحقق من الطبعة الثانية),xvii+203 ص,9780853230472,,,كتاب,إنجليزية,إنجليزية,ما قبل الفتح; الفتح والولاة,سياسة; عسكري; الأديان والجماعات; تأريخ ونقد مصادر,هسبانيا القوطية؛ الأندلس؛ أستورياس,يضم الشاهد اللاتيني المعاصر الأهم للفتح (حولية 754 المستعربية) ورواية أستورياس (ألفونسو الثالث)؛ ضروري لموازنة الروايات العربية.,متقدم,A,سلسلة ترجمات علمية محكّمة؛ مقدمة 60 صفحة؛ ترجمة لا نص أصلي.,https://bmcr.brynmawr.edu/1991/1991.04.17/,,شراء/استعارة,غير متحقق,اطلاع على الفهرس/المقدمة/وصف الناشر,فتحت مراجعة Bryn Mawr Classical Review: الناشر والسنة والصفحات وISBN والنصوص الأربعة المترجمة. (تاريخ التحقق 2026-09-23),مراجعة علمية,خط زمني; مقال موسوعي; درس,النص اللاتيني النقدي للحولية: J. E. López Pereira (1980) — لم أتحقق.,,v1.0,,2026-09-23,P-05
LIB-PRI-006,مصدر أصلي,"Medieval Iberia: Readings from Christian, Muslim, and Jewish Sources (2nd ed.)",إيبيريا الوسيطة: نصوص مختارة من المصادر المسيحية والإسلامية واليهودية (ط2),تحرير: Olivia Remie Constable، بمساعدة Damian Zurro,"University of Pennsylvania Press, Philadelphia (The Middle Ages Series)",2012 (تاريخ الفهرس؛ صفحة الناشر تذكر 2011),ط2؛ xxxiii+601 ص (الناشر: 624 ص),9780812221688,,,كتاب,إنجليزية (مترجم من العربية واللاتينية والعبرية والقشتالية وغيرها),إنجليزية,شامل,سياسة; مجتمع; المرأة; الأديان والجماعات; مؤسسات/قضاء/إدارة; أدب وشعر,شبه الجزيرة الإيبيرية,مختارات مترجمة من القرن 8 إلى 15 مرتبة زمنيًا ومفهرسة موضوعيًا؛ أسرع مدخل لنصوص أولية متعددة الأديان لإعداد الدروس.,متوسط,A,مختارات أكاديمية مرجعية؛ مقتطفات لا نصوص كاملة، تُراجع الأصول للاستشهاد الدقيق.,https://searchworks.stanford.edu/view/9437488,,شراء/استعارة (نسخة ط1 للاستعارة الرقمية في أرشيف الإنترنت),غير متحقق,اطلاع على الفهرس/المقدمة/وصف الناشر,فتحت سجل ستانفورد (الطبعة والصفحات وISBN وملخص المحتوى) وصفحة مدونة Penn Press. (تاريخ التحقق 2026-09-23) || v1.1: فتحت سجل Open Library لـ 9780812221688: ط2، University of Pennsylvania Press 2012، xxxiii+601 ص، The Middle Ages series — يؤكد 2012 تاريخاً للطبعة — تاريخ التحقق 2026-09-23,وصف ناشر + سجل مكتبة,درس; مقال موسوعي; مادة تعليمية,نسخ PDF على Scribd وpdfcoffee غير مرخّصة — مستبعدة.,,v1.0,v1.1: تأكيد دون تغيير,2026-09-23,P-06
LIB-PRI-007,مصدر أصلي,Christians and Moors in Spain. Vol. III: Arabic Sources (711–1501),المسيحيون والمسلمون في إسبانيا، ج3: المصادر العربية,Charles Melville و Ahmad Ubaydli (السلسلة بإشراف Colin Smith),Aris & Phillips، Warminster (Hispanic Classics),1992 (المجلد الثالث)؛ 1988 تاريخ بدء السلسلة (المجلد الأول),202 ص؛ نص عربي مقابل الترجمة,0856684503 / 9780856684500,,,كتاب,ثنائية (عربية-إنجليزية),عربية,شامل,سياسة; عسكري; الأديان والجماعات; مؤسسات/قضاء/إدارة,الأندلس والممالك المسيحية,112 نصًا عربيًا (معارك، سفارات، فتاوى، معاهدات) مع الأصل العربي؛ يجيب عن رؤية المسلمين للعلاقة مع الممالك المسيحية.,متوسط,A,مختارات علمية ثنائية اللغة؛ مقتطفات قصيرة.,https://books.google.com/books/about/Christians_and_Moors_in_Spain.html?id=zl4vDwAAQBAJ,,شراء؛ متاح أيضًا عبر JSTOR باشتراك (j.ctv16zjjpp — لم تُفتح الصفحة),غير متحقق,اطلاع على الفهرس/المقدمة/وصف الناشر,"فتحت سجل Google Books (الوصف وISBN وعدد النصوص). صفحة JSTOR لم تُحمَّل. (تاريخ التحقق 2026-09-23) || v1.1: فتحت نتائج Cambridge Core: مراجعة BSOAS 56.3 (أكتوبر 1993، ص644) تذكر المجلد III: Aris and Phillips، Warminster، 1992، 202 ص، £7.95؛ وسجل HathiTrust (MARC: Warminster: Aris & Phillips, 1988– ؛ v.3 Arabic sources (711–1501)) — سنة 1988 هي بداية السلسلة لا المجلد الثالث، وذكر OUP في سجل Google Books خطأ/توزيع — تاريخ التحقق 2026-09-23",وصف ناشر,درس; مقال موسوعي; خط زمني,المجلدان 1–2 (Colin Smith) يقدمان المصادر اللاتينية والقشتالية (711–1614) — لم أتحقق من بياناتهما منفردة.,,v1.0,"v1.1: publisher, year",2026-09-23,P-07
LIB-PRI-008,مصدر أصلي,Fatḥ al-Andalus (La conquista de al-Andalus),فتح الأندلس (مؤلف مجهول) — تحقيق وترجمة إسبانية,مؤلف مجهول؛ تحقيق وترجمة: Mayte Penelas,CSIC، مدريد (Fuentes Arábico-Hispanas),2002 (لم أتحقق من صفحة الناشر),لم أتحقق,لم أتحقق,,,كتاب,ثنائية (عربية-إسبانية),عربية,الفتح والولاة; الإمارة,سياسة; عسكري; تأريخ ونقد مصادر,الأندلس,نص متأخر يجمع روايات عن الفتح حتى القرن 4هـ، مع دراسة نقدية لمصادره.,بحثي متخصص,B,تحقيق علمي في سلسلة CSIC المعتمدة، لكن النص متأخر ومصادره ثانوية.,http://libros.csic.es/product_info.php?products_id=1940,,لم أتحقق,غير متحقق,سجل ببليوغرافي فقط,ظهر في نتائج البحث سجل Editorial CSIC وسجل libros.csic.es؛ فتح الصفحتين تعذّر (robots/إعادة توجيه). البيانات من عناوين نتائج البحث. (تاريخ التحقق 2026-09-23),عنوان السجل فقط,مقال موسوعي,استكمال: التحقق من السنة والرقم في السلسلة وISBN من موقع CSIC.,,v1.0,,2026-09-23,P-08
LIB-PRI-009,مصدر أصلي,Una descripción anónima de al-Andalus (Ḏikr bilād al-Andalus),وصف مجهول للأندلس (ذكر بلاد الأندلس) — تحقيق وترجمة,مؤلف مجهول؛ تحقيق وترجمة ومقدمة وحواشٍ وفهارس: Luis Molina,CSIC، مدريد,1983,مجلدان (نص وترجمة) — لم أتحقق,لم أتحقق,,,كتاب,ثنائية (عربية-إسبانية),عربية,شامل,جغرافيا; سياسة; مدن وعمران,الأندلس (وصف المدن والكور),يجمع وصفًا جغرافيًا وتاريخًا مختصرًا للأندلس حتى العصر الموحدي/النصري؛ مفيد لبطاقات المدن.,بحثي متخصص,B,تحقيق علمي موثوق؛ النص متأخر ويعتمد مصادر سابقة.,https://funci.org/benumeya/bny-72212/,,استعارة/شراء مستعمل,غير متحقق,سجل ببليوغرافي فقط,فتحت سجل مكتبة FUNCI (العنوان، المحقق، CSIC مدريد 1983). (تاريخ التحقق 2026-09-23),سجل مكتبة,خريطة; بطاقة مدينة; مقال موسوعي,انظر مقال Molina في Al-Qantara حول مؤلف النص.,,v1.0,,2026-09-23,P-09
LIB-PRI-010,مصدر أصلي,السفر الثاني من كتاب المقتبس,المقتبس لابن حيان — السفر الثاني (المقتبس II-1),ابن حيان القرطبي (ت 469هـ)؛ تحقيق: محمود علي مكي,مركز الملك فيصل للبحوث والدراسات الإسلامية، الرياض,2003 (ط1؛ سجل أرشيف الإنترنت يذكر 2002),لم أتحقق,لم أتحقق,,,كتاب,عربية,عربية,الإمارة,سياسة; مجتمع; أدب وشعر; مؤسسات/قضاء/إدارة,الأندلس,عهدا الحكم الأول وعبد الرحمن الأوسط؛ أهم نص عن تشكّل الدولة الأموية وثورة الربض وزرياب.,بحثي متخصص,A,تحقيق مكي معيار علمي.,https://search.worldcat.org/title/sifr-al-thani-min-kitab-al-muqtabas/oclc/54534305,https://archive.org/details/20240424_20240424_2207,نص كامل (نسخة مرفوعة),أرشيف الإنترنت يضع علامة Public Domain Mark على الرفع — تصنيف مشكوك فيه، غير متحقق,اطلاع على الفهرس/المقدمة/وصف الناشر,فتحت سجل WorldCat (OCLC 54534305) وصفحة أرشيف الإنترنت. (تاريخ التحقق 2026-09-23),سجل مكتبة,خط زمني; بطاقة شخصية; مقال موسوعي,موجود في v4.9: يثري بيانات الطبعة. ترجمة إسبانية: Makki & Corriente، Zaragoza 2001 — لم أتحقق.,SRC-001,v1.0,,2026-09-23,P-10
LIB-PRI-011,مصدر أصلي,المقتبس (الجزء الخامس),المقتبس لابن حيان — الجزء الخامس (عهد عبد الرحمن الناصر),ابن حيان؛ تحقيق: P. Chalmeta بالتعاون مع F. Corriente و M. Ṣubḥ وآخرين,المعهد الإسباني العربي للثقافة (مدريد) وكلية الآداب بالرباط,1979,مجلد واحد: 19 ص مقدمة + 490 ص نص + 88 ص فهارس (بحسب عنوان مراجعة Arabica),لم أتحقق,,,كتاب,عربية,عربية,الخلافة,سياسة; عسكري; مؤسسات/قضاء/إدارة,الأندلس والمغرب,حوليات مفصلة لعهد الناصر (300–330هـ)؛ أساس بناء خط زمني دقيق للخلافة.,بحثي متخصص,A,الطبعة النقدية المعيارية.,https://archive.org/details/20240424_20240424_0638,https://archive.org/details/20240424_20240424_0638,نص كامل (نسخة مرفوعة),غير متحقق,سجل ببليوغرافي فقط,فتحت صفحة أرشيف الإنترنت (المحقق فقط)؛ بقية البيانات من عناوين مراجعتين في Persée وArabica ظهرتا في نتائج البحث ولم تُفتحا. (تاريخ التحقق 2026-09-23),عنوان مراجعة علمية,خط زمني; مقال موسوعي,موجود في v4.9: يثري بيانات الطبعة. ترجمة إسبانية: Viguera & Corriente 1981 — لم أتحقق.,SRC-001,v1.0,,2026-09-23,P-11
LIB-PRI-012,مصدر أصلي,مذكرات الأمير عبد الله آخر ملوك بني زيري بغرناطة المسماة بكتاب التبيان,التبيان (مذكرات عبد الله بن بلقين),عبد الله بن بلقين (ت بعد 483هـ)؛ نشر: E. Lévi-Provençal,دار المعارف، القاهرة (سلسلة ذخائر العرب 18),1955,لم أتحقق,لم أتحقق,,,كتاب,عربية,عربية,الفتنة والطوائف; المرابطون,سياسة; عسكري; الأديان والجماعات; مجتمع,غرناطة؛ الأندلس,سيرة ذاتية نادرة لحاكم طائفي؛ شهادة من الداخل عن الطوائف والمرابطين والزلاقة ووزير غرناطة اليهودي.,متقدم,A,مصدر أولي فريد؛ دفاع ذاتي من المؤلف يستلزم القراءة النقدية.,https://archive.org/details/Tokyo.Elektro_201906,https://archive.org/details/Tokyo.Elektro_201906,نص كامل (نسخة مرفوعة),غير متحقق,اطلاع على الفهرس/المقدمة/وصف الناشر,فتحت صفحة أرشيف الإنترنت (الناشر والسنة والسلسلة). (تاريخ التحقق 2026-09-23),بيانات السجل,بطاقة شخصية; خط زمني; درس,الطبعة المنقحة: أمين توفيق الطيبي، منشورات عكاظ، الرباط (مرفوعة: archive.org/details/20231101_20231101_0113) — السنة لم أتحقق (يُذكر 1995).,,v1.0,,2026-09-23,P-12
LIB-PRI-013,مصدر أصلي,"The Tibyān: Memoirs of ʿAbd Allāh b. Buluggīn, Last Zīrid Amīr of Granada",التبيان: مذكرات عبد الله بن بلقين (ترجمة إنجليزية),ترجمة ومقدمة وحواشٍ: Amin T. Tibi,"E. J. Brill, Leiden (Medieval Iberian Peninsula: Texts and Studies, v. 5)",1986,291 ص؛ خرائط؛ Medieval Iberian Peninsula 5,ISBN 9004076697 / 9789004076693,,,كتاب,إنجليزية,إنجليزية,الفتنة والطوائف; المرابطون,سياسة; عسكري; الأديان والجماعات,غرناطة,ترجمة مشروحة عن نص عربي منقح؛ أساس للاستشهاد الإنجليزي.,متقدم,A,ترجمة علمية محكمة من Brill.,https://www.nli.org.il/en/books/NNL_ALEPH990010717380205171/NLI,,شراء/استعارة,غير متحقق,سجل ببليوغرافي فقط,فتحت سجل المكتبة الوطنية الإسرائيلية (الناشر والسنة والسلسلة والصفحات). (تاريخ التحقق 2026-09-23) || v1.1: فتحت سجل Open Library لـ 9004076697: The Tibyān، Brill، 291 ص، Medieval Iberian Peninsula vol. 5 (يذكر تاريخ 1997، وهو على الأرجح تاريخ توزيع/إعادة طبع؛ الأصل 1986) — تاريخ التحقق 2026-09-23,سجل مكتبة,درس; بطاقة شخصية,,,v1.0,"v1.1: isbn_doi, edition_volumes",2026-09-23,P-13
LIB-PRI-014,مصدر أصلي,الذخيرة في محاسن أهل الجزيرة,الذخيرة لابن بسام,ابن بسام الشنتريني (ت 542هـ)؛ تحقيق: إحسان عباس,دار الثقافة، بيروت,1979 (لم أتحقق من الصفحة),توجد طبعة لدار الثقافة (بيروت) مؤرخة 1417هـ/1997م في 8 مجلدات مصورة على الأقل (أقسام 1-4) — سنة الطبعة الأولى 1979 لم تُتحقق,لم أتحقق,,,كتاب,عربية,عربية,الفتنة والطوائف,أدب وشعر; سياسة; تأريخ ونقد مصادر,الأندلس,يحفظ نصوصًا مفقودة من ابن حيان (المتين) عن الفتنة والطوائف، مع تراجم الأدباء والوزراء؛ مصدر لا غنى عنه لتاريخ القرن 5هـ.,متقدم,A,تحقيق إحسان عباس هو المعيار.,https://archive.org/details/zakhera_mahasen_jazeera,https://archive.org/details/zakhera_mahasen_jazeera,نص كامل (نسخة مرفوعة),غير متحقق,سجل ببليوغرافي فقط,فتحت صفحة أرشيف الإنترنت (المحقق والناشر فقط، بلا سنة). سجلات مكتبة اتحاد الإمارات لم تُحمَّل. (تاريخ التحقق 2026-09-23) || v1.1: فتحت https://archive.org/metadata/BBib-Alex-08478/metadata: الناشر دار الثقافة، التاريخ 1997-1417، ق1 مج1 576 ص؛ ونتائج بحث الأرشيف تُظهر مجلدات BBib-Alex-08477..08484 بالناشر نفسه (بيانات رفع غير رسمي على أرشيف الإنترنت — دليل ببليوغرافي فقط). لم أتحقق من سنة 1979. تاريخ التحقق 2026-09-23,بيانات السجل + معرفة عامة,بطاقة شخصية; مقال موسوعي,,,v1.0,v1.1: edition_volumes,2026-09-23,P-14
LIB-PRI-015,مصدر أصلي,طوق الحمامة في الألفة والألاف (ضمن رسائل ابن حزم الأندلسي، ج1),طوق الحمامة لابن حزم,ابن حزم (ت 456هـ)؛ تحقيق: إحسان عباس,المؤسسة العربية للدراسات والنشر، بيروت,1980,لم أتحقق,لم أتحقق,,,كتاب,عربية,عربية,الخلافة; الفتنة والطوائف,أدب وشعر; مجتمع; المرأة,قرطبة,نص فريد عن الحياة الاجتماعية والعاطفية وقصور قرطبة زمن الفتنة؛ تجارب شخصية للمؤلف.,متوسط,A,تحقيق علمي؛ نص أدبي لا حولي.,https://shamela.ws/book/1038/16,,شراء؛ نص رقمي في الشاملة,غير متحقق,اطلاع على الفهرس/المقدمة/وصف الناشر,فتحت صفحة المكتبة الشاملة من مقدمة المحقق التي تعدد الطبعات التسع للطوق وتذكر طبعته (بيروت 1980). (تاريخ التحقق 2026-09-23),مقدمة المحقق,درس; بطاقة شخصية; مقال موسوعي,"ترجمة إنجليزية: A. J. Arberry, The Ring of the Dove, Luzac 1953 (إعادة طبع 1994، متاحة للاستعارة: archive.org/details/ringofdovetreati0000ibnh). طبعة Petrof، ليدن 1914 عن المخطوط الوحيد.",,v1.0,,2026-09-23,P-15
LIB-PRI-016,مصدر أصلي,المن بالإمامة: تاريخ بلاد المغرب والأندلس في عهد الموحدين,المن بالإمامة لابن صاحب الصلاة,عبد الملك بن صاحب الصلاة (ت بعد 594هـ)؛ تحقيق: عبد الهادي التازي,دار الغرب الإسلامي، بيروت,1987 (ط3),مجلد واحد، 551 ص,لم أتحقق,,,كتاب,عربية,عربية,الموحدون,سياسة; عسكري; مدن وعمران; عمارة وفنون,المغرب؛ الأندلس (إشبيلية),شاهد عيان موحدي على بناء جامع إشبيلية وجسرها وحملات الموحدين في الأندلس.,متقدم,A,مصدر معاصر؛ الجزء الباقي فقط (السفر الثاني)، بتحيّز رسمي للموحدين.,https://www.alukah.net/culture/0/110200/,,شراء,غير متحقق,سجل ببليوغرافي فقط,فتحت مقال الألوكة (المحقق والناشر) وصفحة متجر دار أطلس الخضراء (بلا سنة). (تاريخ التحقق 2026-09-23) || v1.1: فتحت https://archive.org/metadata/AlmnBelemamh/metadata: المؤلف ابن صاحب الصلاة، التحقيق للتازي، الناشر دار الغرب الإسلامي بيروت، 1987 الطبعة الثالثة، 551 ص (بيانات رفع غير رسمي على أرشيف الإنترنت — دليل ببليوغرافي فقط). تاريخ التحقق 2026-09-23,وصف مقال,خط زمني; صورة/عمارة; مقال موسوعي,السنة والطبعة تحتاجان استكمال.,,v1.0,"v1.1: year, edition_volumes",2026-09-23,P-16
LIB-PRI-017,مصدر أصلي,المعجب في تلخيص أخبار المغرب,المعجب لعبد الواحد المراكشي,عبد الواحد المراكشي (ت بعد 621هـ)؛ تحقيق: صلاح الدين الهواري,المكتبة العصرية، صيدا-بيروت,2006 (ط1),303 ص,لم أتحقق,,,كتاب,عربية,عربية,الفتنة والطوائف; المرابطون; الموحدون,سياسة; أدب وشعر; فلسفة وفقه,الأندلس والمغرب,رواية موجزة من الفتح إلى الموحدين، ثرية بأخبار ابن رشد وابن طفيل وبلاط الموحدين.,متوسط,B,مصدر مهم، لكن طبعة الهواري غير نقدية؛ الطبعة النقدية لدوزي (ليدن 1847/1881) ومحمد سعيد العريان.,https://shamela.ws/book/8559,https://shamela.ws/book/8559,نص رقمي مجاني (الشاملة),غير متحقق,اطلاع على الفهرس/المقدمة/وصف الناشر,فتحت بطاقة الكتاب في المكتبة الشاملة (المحقق والناشر والسنة والصفحات). (تاريخ التحقق 2026-09-23),بطاقة الكتاب,بطاقة شخصية; مقال موسوعي,يُفضّل البحث عن طبعة دوزي/العريان للاستشهاد العلمي (لم أتحقق).,,v1.0,,2026-09-23,P-17
LIB-PRI-018,مصدر أصلي,الحلل الموشية في ذكر الأخبار المراكشية,الحلل الموشية,مؤلف مجهول (يُنسب لابن سماك)؛ تحقيق: سهيل زكار وعبد القادر زمامة,دار الرشاد الحديثة، الدار البيضاء,1979 (ط1),207 ص,لم أتحقق,,,كتاب,عربية,عربية,المرابطون; الموحدون,سياسة; عسكري,المغرب؛ الأندلس,مصدر رئيس للمرابطين ومعركة الزلاقة وعبور يوسف بن تاشفين.,متوسط,B,متأخر (القرن 8هـ) ينقل عن مصادر سابقة.,https://archive.org/details/al7olal-rachad,https://archive.org/details/al7olal-rachad,نص كامل (نسخة مرفوعة),غير متحقق,اطلاع على الفهرس/المقدمة/وصف الناشر,فتحت صفحة أرشيف الإنترنت (المحققان والناشر والمكان والسنة والصفحات). (تاريخ التحقق 2026-09-23),بيانات السجل,خط زمني; مقال موسوعي,تحقيق أحدث: عبد القادر بوباية، دار الكتب العلمية، بيروت 2010، 319 ص (تحققت منه في سجل المكتبة الوطنية الإسرائيلية) ينسبه لابن سماك.,,v1.0,,2026-09-23,P-18
LIB-PRI-019,مصدر أصلي,اللمحة البدرية في الدولة النصرية,اللمحة البدرية لابن الخطيب,لسان الدين ابن الخطيب (ت 776هـ)؛ تحقيق: لجنة إحياء التراث العربي في دار الآفاق الجديدة,دار الآفاق الجديدة، بيروت,1980 (ط3),159 ص,لم أتحقق,,,كتاب,عربية,عربية,غرناطة النصرية,سياسة; مؤسسات/قضاء/إدارة; مدن وعمران,غرناطة,تاريخ مختصر لسلاطين بني نصر حتى منتصف القرن 8هـ بقلم وزيرهم؛ أساس لقائمة الحكام والخط الزمني النصري.,متوسط,A,مصدر رسمي من الداخل؛ الطبعة ليست نقدية بالكامل.,https://ndlsearch.ndl.go.jp/books/R100000002-Ia1000029352?ar=4e1f&locale=en,,شراء؛ نسخ مرفوعة,غير متحقق,سجل ببليوغرافي فقط,فتحت سجل المكتبة الوطنية اليابانية (NDL). (تاريخ التحقق 2026-09-23),سجل مكتبة,خط زمني; بطاقة شخصية,تحقيق محمد مسعود جبران (دار المدار الإسلامي 2009؟) — لم أتحقق.,,v1.0,,2026-09-23,P-19
LIB-PRI-020,مصدر أصلي,نبذة العصر في أخبار ملوك بني نصر,نبذة العصر في أخبار ملوك بني نصر (آخر أيام غرناطة),مؤلف مجهول معاصر للسقوط؛ تحقيق: محمد رضوان الداية,دار حسان، دمشق,1404هـ (≈1983–1984م) (ط1),143 ص,لم أتحقق,,,كتاب,عربية,عربية,غرناطة النصرية; السقوط والموريسكيون,سياسة; عسكري,غرناطة,الشهادة العربية المعاصرة الوحيدة المفصلة تقريبًا عن حرب غرناطة (1482–1492) وتسليمها.,متوسط,A,مصدر معاصر فريد؛ منظور عسكري محلي.,https://shamela.ws/index.php/book/6646,https://shamela.ws/index.php/book/6646,نص رقمي مجاني (الشاملة),غير متحقق,اطلاع على الفهرس/المقدمة/وصف الناشر,فتحت بطاقة الكتاب في الشاملة. (تاريخ التحقق 2026-09-23),بطاقة الكتاب,خط زمني; درس; مقال موسوعي,طبعة ألفريد البستاني (العرائش 1940) مرفوعة: archive.org/details/kaoikaprophe_20180208 (بلا بيانات نشر في السجل).,,v1.0,,2026-09-23,P-20
LIB-PRI-021,مصدر أصلي,المعيار المعرب والجامع المغرب عن فتاوى أهل إفريقية والأندلس والمغرب,المعيار للونشريسي,أحمد الونشريسي (ت 914هـ)؛ خرّجه جماعة من الفقهاء بإشراف محمد حجي (لم أتحقق من صيغة المسؤولية),وزارة الأوقاف والشؤون الإسلامية بالمملكة المغربية / دار الغرب الإسلامي,1981 (لم أتحقق),13 جزءًا + فهارس (نسخة الأرشيف 14 ملفًا),لم أتحقق,,,كتاب,عربية,عربية,شامل,فلسفة وفقه; مؤسسات/قضاء/إدارة; مجتمع; اقتصاد وتجارة; المرأة; الأديان والجماعات,الأندلس والمغرب وإفريقية,أكبر مجموع فتاوى مالكية؛ منجم للتاريخ الاجتماعي والاقتصادي (الأوقاف، المياه، الأسرة، المدجنون والهجرة).,بحثي متخصص,A,مصدر أساسي للتاريخ الاجتماعي؛ الفتاوى معيارية لا وصفية ويصعب تأريخ بعضها.,https://archive.org/details/Miyar_Muerib,https://archive.org/details/Miyar_Muerib,نص كامل (نسخة مرفوعة),غير متحقق,سجل ببليوغرافي فقط,فتحت صفحة أرشيف الإنترنت: تذكر الوزارة ودار الغرب لكن تسمي «زكريا عميرات» محققًا — تضارب لم يُحسم. (تاريخ التحقق 2026-09-23),بيانات السجل + معرفة عامة,مقال موسوعي; درس (الحياة اليومية),التحقق من صفحة العنوان مطلوب.,,v1.0,,2026-09-23,P-21
LIB-PRI-022,مصدر أصلي,Séville musulmane au début du XIIe siècle: le traité d'Ibn ʿAbdūn sur la vie urbaine et les corps de métiers,إشبيلية الإسلامية في مطلع القرن 12: رسالة ابن عبدون في الحسبة (ترجمة فرنسية),ابن عبدون التجيبي؛ ترجمة ومقدمة وحواشٍ: É. Lévi-Provençal,Maisonneuve et Larose، باريس (إعادة طبع مصورة عن ط. G.-P. Maisonneuve 1947),2001 (23 مايو 2001؛ الأصل 1947),178 ص,2-7068-1494-2,,,كتاب,فرنسية,فرنسية,المرابطون,مدن وعمران; اقتصاد وتجارة; مؤسسات/قضاء/إدارة; مجتمع; الأديان والجماعات,إشبيلية,أهم نص حسبة أندلسي: تنظيم الأسواق والحِرف والمسجد والعلاقات مع أهل الذمة؛ مادة مباشرة لدروس الحياة اليومية والمدينة.,متوسط,A,ترجمة مرجعية؛ النص العربي نُشر منفصلًا (ثلاث رسائل أندلسية في آداب الحسبة، القاهرة 1955 — لم أتحقق).,https://catalogue.bnf.fr/ark:/12148/cb376376726,https://classiques.uqam.ca/classiques/levi_provencal_evariste/seville_musulmane_12e/seville_musulmane_12e_avant_pr.html,نص كامل مجاني (Les Classiques des sciences sociales — لم أفتح الرابط، ظهر في نتائج البحث),غير متحقق,سجل ببليوغرافي فقط,فتحت سجل المكتبة الوطنية الفرنسية (BnF). (تاريخ التحقق 2026-09-23) || v1.1: فتحت سجل Open Library لـ 2706814942: Maisonneuve & Larose، 23 مايو 2001، ورقي — يؤكد ISBN والناشر — تاريخ التحقق 2026-09-23,سجل مكتبة + معرفة عامة,درس; مقال موسوعي; بطاقة مدينة,ترجمة إنجليزية مقتطفة في Constable (P-06) — لم أتحقق من الموضع.,,v1.0,v1.1: year,2026-09-23,P-22
LIB-PRI-023,مصدر أصلي,Kitāb al-qaṣd wa-l-bayān. Libro de agricultura,كتاب القصد والبيان في الفلاحة لابن بصال — تحقيق وترجمة إسبانية,ابن بصال الطليطلي (ق5هـ)؛ تحقيق وترجمة: J. M. Millás Vallicrosa و محمد عزيمان,Instituto Muley El-Hasan، تطوان,1955 (إعادة طبع مصورة بدراسة E. García و J. E. Hernández Bermejo، إشبيلية 1995),لم أتحقق,لم أتحقق,,,كتاب,ثنائية (عربية-إسبانية),عربية,الفتنة والطوائف,زراعة وتقنيات; علوم وطب وفلك,طليطلة؛ إشبيلية,أقدم كتب الفلاحة الأندلسية العملية؛ يوضح تقنيات الري والتطعيم والمحاصيل في طليطلة الطائفية.,بحثي متخصص,A,الطبعة العلمية الوحيدة المعتمدة.,http://www.filaha.org/author_Ibn_bassal.html,,لم أتحقق,غير متحقق,سجل ببليوغرافي فقط,فتحت صفحة ابن بصال في موقع filaha.org (ببليوغرافيا متخصصة) التي تسرد الطبعات. (تاريخ التحقق 2026-09-23),ببليوغرافيا متخصصة,مقال موسوعي; درس (الزراعة),,,v1.0,,2026-09-23,P-23
LIB-PRI-024,مصدر أصلي,Kitāb al-filāḥa / Libro de agricultura (ed. y trad. J. A. Banqueri),كتاب الفلاحة لابن العوام — نص عربي وترجمة إسبانية,ابن العوام الإشبيلي (ق6هـ)؛ تحقيق وترجمة: J. A. Banqueri؛ طبعة مصورة بتقديم E. García Sánchez و J. E. Hernández Bermejo,"مدريد 1802 (مجلدان)؛ مصورة: Ministerio de Agricultura, Pesca y Alimentación وMinisterio de Asuntos Exteriores، مدريد 1988",1802؛ 1988,مجلدان,لم أتحقق,,,كتاب,ثنائية (عربية-إسبانية),عربية,الموحدون,زراعة وتقنيات; علوم وطب وفلك,إشبيلية/الشرف,موسوعة الفلاحة الأندلسية الكبرى (يجمع ابن بصال وأبا الخير وغيرهما)؛ يجيب عن أنواع المحاصيل والأشجار وتقنيات التسميد والري.,بحثي متخصص,A,الطبعة الوحيدة الكاملة للنص العربي حتى الآن رغم قِدمها؛ تحقيق حديث قيد الإعداد في CSIC (لم أتحقق).,https://www.filaha.org/author_ibn_al_awwam.html,http://books.google.co.uk/books?id=CKVEAAAAcAAJ ؛ http://books.google.co.uk/books?id=daZEAAAAcAAJ,نص كامل مجاني (طبعة 1802 على Google Books — الروابط من filaha.org ولم أفتحها),طبعة 1802 في الملك العام (استنتاج من التاريخ),سجل ببليوغرافي فقط,فتحت صفحة ابن العوام في filaha.org. (تاريخ التحقق 2026-09-23),ببليوغرافيا متخصصة,مقال موسوعي; صورة; درس,ترجمة فرنسية: Clément-Mullet 1864–1867 (أعيدت 2000 Actes Sud).,,v1.0,,2026-09-23,P-24
LIB-PRI-025,مصدر أصلي,الروض المعطار في خبر الأقطار,الروض المعطار للحميري,محمد بن عبد المنعم الحميري؛ تحقيق: إحسان عباس,مؤسسة ناصر للثقافة، بيروت (طبع دار السراج),1980 (ط2),623 ص,لم أتحقق,,,كتاب,عربية,عربية,شامل,جغرافيا; مدن وعمران; سياسة,العالم الإسلامي مع مواد أندلسية كثيفة,معجم جغرافي تاريخي مرتب ألفبائيًا؛ مداخل المدن الأندلسية تنقل عن البكري والإدريسي وتصلح مباشرة لبطاقات المدن.,متوسط,A,تحقيق معياري؛ نص متأخر (ق8-9هـ) ناقل.,https://shamela.ws/book/1043,https://shamela.ws/book/1043,نص رقمي مجاني (الشاملة),غير متحقق,اطلاع على الفهرس/المقدمة/وصف الناشر,فتحت بطاقة الكتاب في الشاملة. (تاريخ التحقق 2026-09-23),بطاقة الكتاب,خريطة; بطاقة مدينة; مقال موسوعي,المنتخب الأندلسي منه: «صفة جزيرة الأندلس» بنشر E. Lévi-Provençal، القاهرة 1937 (السنة لم أتحقق؛ نسخة مرفوعة archive.org/details/2783p.d.f2528).,,v1.0,,2026-09-23,P-25
LIB-PRI-026,مصدر أصلي,المسالك والممالك,المسالك والممالك للبكري,أبو عبيد البكري (ت 487هـ)؛ تحقيق: Adrian van Leeuwen و André Ferré,بيت الحكمة (المجمع التونسي للعلوم والآداب والفنون)، تونس / الدار العربية للكتاب,1992,مجلدان، 1035 ص,9789973101073,,,كتاب,عربية,عربية,الفتنة والطوائف; شامل,جغرافيا; مدن وعمران; اقتصاد وتجارة,الأندلس؛ المغرب؛ إفريقيا جنوب الصحراء,وصف جغرافي أندلسي من القرن 5هـ؛ مادة أصلية للمدن والطرق والتجارة، مع قسم أندلسي.,بحثي متخصص,A,الطبعة النقدية الكاملة الوحيدة.,https://www.beitalhikma.tn/publication/acces-boutique/%D9%83%D8%AA%D8%A8-%D9%84%D9%84%D8%A8%D9%8A%D8%B9/itineraires-et-royaumes-al-masalik-wal-mamalik-2-volumes-2/,https://archive.org/details/massalik-mamalik-bakry,شراء من الناشر؛ نسخة مرفوعة,غير متحقق,اطلاع على الفهرس/المقدمة/وصف الناشر,فتحت صفحة متجر بيت الحكمة (المحققان والسنة وISBN والصفحات). (تاريخ التحقق 2026-09-23),وصف ناشر,خريطة; بطاقة مدينة,القسم الأندلسي نشره عبد الرحمن الحجي (جغرافية الأندلس وأوروبا، بيروت 1968) — لم أتحقق.,,v1.0,,2026-09-23,P-26
LIB-PRI-027,مصدر أصلي,The Travels of Ibn Jubayr (Riḥlat Ibn Jubayr),رحلة ابن جبير (النص العربي),ابن جبير (ت 614هـ)؛ تحقيق: William Wright؛ مراجعة: M. J. de Goeje,Brill، ليدن (E. J. W. Gibb Memorial، ج5),1907 (ط2)؛ أعاد Gibb Trust طبعه 2017,428 ص,9780906094457 (طبعة 2017),,,كتاب,عربية (مقدمة إنجليزية),عربية,الموحدون,جغرافيا; مجتمع; اقتصاد وتجارة; بحرية وموانئ,غرناطة ← سبتة ← المتوسط ← المشرق؛ صقلية,رحالة أندلسي من غرناطة (578–581هـ)؛ يفيد في علاقات الأندلس بالمشرق والملاحة المتوسطية ونظرة الأندلسيين للعالم.,متوسط,A,الطبعة النقدية المعيارية؛ الرحلة تخص المشرق أكثر من الأندلس.,https://www.gibbtrust.org/the-travels-of-ibn-jabayr/,https://archive.org/details/travelsofibnjuba05ibnjuoft,نص كامل مجاني (أرشيف الإنترنت),أرشيف الإنترنت: NOT_IN_COPYRIGHT (طبعة 1907),اطلاع على الفهرس/المقدمة/وصف الناشر,فتحت صفحة Gibb Trust وصفحة أرشيف الإنترنت (المحققان والناشر والسنة والحقوق). (تاريخ التحقق 2026-09-23),وصف ناشر + بيانات السجل,خريطة (مسار رحلة); درس; مقال موسوعي,ترجمة إنجليزية: R. J. C. Broadhurst 1952 — لم أتحقق (تعذّر البحث).,,v1.0,,2026-09-23,P-27
LIB-PRI-028,مصدر أصلي,الصلة في تاريخ أئمة الأندلس وعلمائهم ومحدثيهم وفقهائهم وأدبائهم,الصلة لابن بشكوال,ابن بشكوال (ت 578هـ)؛ تحقيق: بشار عواد معروف,دار الغرب الإسلامي، تونس (لم أتحقق من صفحة الناشر),2010 (لم أتحقق),مجلدان (بحسب متجر دار أطلس الخضراء),لم أتحقق,,,كتاب,عربية,عربية,شامل,التعليم; فلسفة وفقه; مجتمع,الأندلس,تراجم علماء الأندلس في القرنين 5–6هـ مكملًا لابن الفرضي؛ أساس بطاقات العلماء وتحليل شبكات الرواية.,متقدم,A,تحقيق بشار عواد ضمن «سلسلة التراجم الأندلسية» أدق من طبعة كوديرا.,https://daratlas.sa/products/37856,,شراء,غير متحقق,سجل ببليوغرافي فقط,فتحت صفحة متجر دار أطلس الخضراء (المحقق وعدد المجلدات، بلا ناشر أصلي أو سنة). سجلات مكتبة اتحاد الإمارات لم تُحمَّل. (تاريخ التحقق 2026-09-23),وصف بائع,بطاقة شخصية; قاعدة بيانات أعلام,ترتبط بقاعدة HATA/PUA لتراجم العلماء.,,v1.0,,2026-09-23,P-28
LIB-PRI-029,مصدر أصلي,التكملة لكتاب الصلة,التكملة لابن الأبار,ابن الأبار البلنسي (ت 658هـ)؛ تحقيق: بشار عواد معروف,دار الغرب الإسلامي، تونس (سلسلة التراجم الأندلسية 7) — الناشر لم يُذكر في الصفحة المفتوحة,1432هـ/2011م,4 مجلدات (3610 تراجم),لم أتحقق,,,كتاب,عربية,عربية,المرابطون; الموحدون; شامل,التعليم; فلسفة وفقه; أدب وشعر,الأندلس (لا سيما شرقها),أوسع معجم تراجم أندلسي للقرنين 6–7هـ؛ ضروري لعصر الموحدين وسقوط بلنسية.,متقدم,A,تحقيق حديث شامل.,https://www.waqfeya.net/books/%D8%A7%D9%84%D8%AA%D9%83%D9%85%D9%84%D8%A9-%D9%84%D9%83%D8%AA%D8%A7%D8%A8-%D8%A7%D9%84%D8%B5%D9%84%D8%A9-%D8%AA-%D9%85%D8%B9%D8%B1%D9%88%D9%81-883d790c4d924974877c523d1074331b,نسخة مصورة في المكتبة الوقفية (الرابط نفسه),نص كامل (مصوّر في الوقفية),غير متحقق,اطلاع على الفهرس/المقدمة/وصف الناشر,فتحت صفحة المكتبة الوقفية (المحقق والسنة والمجلدات والسلسلة ومدى التراجم). (تاريخ التحقق 2026-09-23),بطاقة الكتاب,بطاقة شخصية; قاعدة بيانات أعلام,,,v1.0,,2026-09-23,P-29
LIB-PRI-030,مصدر أصلي,بغية الملتمس في تاريخ رجال أهل الأندلس,بغية الملتمس للضبي,أحمد بن يحيى الضبي (ت 599هـ)؛ تحقيق: إبراهيم الأبياري,دار الكاتب المصري (القاهرة) / دار الكتاب اللبناني (بيروت),1410هـ/1989م,جزءان، 734 ص,لم أتحقق,,,كتاب,عربية,عربية,شامل,التعليم; فلسفة وفقه; أدب وشعر,الأندلس,معجم تراجم مرتب ألفبائيًا يبدأ بمقدمة تاريخية عن حكام الأندلس.,متوسط,B,يعتمد كثيرًا على جذوة المقتبس للحميدي؛ طبعة الأبياري غير نقدية تمامًا.,https://waqfeya.net/book.php?bid=10816,https://waqfeya.net/book.php?bid=10816,نص كامل (مصوّر في الوقفية),غير متحقق,اطلاع على الفهرس/المقدمة/وصف الناشر,فتحت صفحة المكتبة الوقفية. (تاريخ التحقق 2026-09-23) || v1.1: فتحت بيانات BBib-Alex-07448 وBBib-Alex-04606 على أرشيف الإنترنت (مسح لنسخة مكتبة الإسكندرية بحسب البادئة): الناشر «دار الكاتب المصري واللبناني»، التاريخ 1989-1410، ج1 384 ص وج2 366 ص؛ الحقل يذكر «الطبعة الأولى» بخلاف «ط2» في السجل الحالي — رقم الطبعة يبقى غير محسوم (بيانات رفع غير رسمي على أرشيف الإنترنت — دليل ببليوغرافي فقط). تاريخ التحقق 2026-09-23,بطاقة الكتاب,بطاقة شخصية,طبعة كوديرا وريبيرا، مدريد 1885 (Bibliotheca Arabico-Hispana 3) — لم أتحقق.,,v1.0,"v1.1: publisher, year",2026-09-23,P-30
LIB-PRI-031,مصدر أصلي,قلائد العقيان ومحاسن الأعيان,قلائد العقيان للفتح بن خاقان,الفتح بن خاقان (ت 529هـ)؛ تحقيق وتعليق: حسين يوسف خريوش,مكتبة المنار، الزرقاء,1409هـ/1989م,4 أجزاء في مجلدين، 1060 ص,لم أتحقق,,,كتاب,عربية,عربية,الفتنة والطوائف; المرابطون,أدب وشعر; سياسة,الأندلس,تراجم أدبية لملوك الطوائف ووزرائهم وشعرائهم؛ يُكمل الذخيرة ويفيد بطاقات الشخصيات.,متقدم,B,نثر مسجوع شديد التحيز (مدح وذم)؛ قيمة أدبية أكثر منها إخبارية.,https://www.nli.org.il/en/books/NNL_ALEPH990026328030205171/NLI,,شراء؛ نسخ مرفوعة,غير متحقق,سجل ببليوغرافي فقط,فتحت سجل المكتبة الوطنية الإسرائيلية. (تاريخ التحقق 2026-09-23),سجل مكتبة,بطاقة شخصية,«مطمح الأنفس» (تحقيق محمد علي شوابكة، 1983) لم أتحقق من بياناته.,,v1.0,,2026-09-23,P-31
LIB-PRI-032,مصدر أصلي,Sefer ha-Qabbalah: The Book of Tradition,كتاب التقليد (سفر هقبالاه) لإبراهيم بن داود — تحقيق نقدي وترجمة,أبراهام بن داود (ت نحو 1180م)؛ تحقيق وترجمة وحواشٍ: Gerson D. Cohen,Jewish Publication Society of America، فيلادلفيا,1967,لم أتحقق,9780827609167,,,كتاب,ثنائية (عبرية-إنجليزية),إنجليزية,الخلافة; الفتنة والطوائف; الموحدون,الأديان والجماعات; تأريخ ونقد مصادر,الأندلس (قرطبة، غرناطة، طليطلة),المصدر العبري الرئيس لتاريخ يهود الأندلس (حسداي بن شبروط، ابن النغريلة) كُتب بعد الغزو الموحدي.,متقدم,A,طبعة نقدية معيارية؛ النص ذو غاية جدلية/دينية.,https://jps.org/books/book-of-tradition/,,شراء,غير متحقق,اطلاع على الفهرس/المقدمة/وصف الناشر,فتحت صفحة الناشر JPS. (تاريخ التحقق 2026-09-23),وصف ناشر,مقال موسوعي; بطاقة شخصية,,,v1.0,,2026-09-23,P-32
LIB-PRI-033,مصدر أصلي,Tratado [Tafsira] del Mancebo de Arévalo,التفسيرة (رسالة فتى أريبالو) — نص أعجمي موريسكي,Mancebo de Arévalo (ق16م)؛ تحقيق ودراسة ومسرد: María Teresa Narváez Córdova,Editorial Trotta، مدريد (Al-Andalus. Textos y Estudios),2003,464 ص,978-84-8164-609-2,,Instituto de Filología (CSIC)، مدريد — رقم الحفظ لم أتحقق,كتاب,إسبانية (نقحرة لنص أعجمي),إسبانية,السقوط والموريسكيون,الأديان والجماعات; لغة; مخطوطات,قشتالة؛ أراغون؛ غرناطة,أهم نص أعجمي موريسكي: شهادات عن سقوط غرناطة وحال الإسلام السري؛ مخطوطه في معهد الفيلولوجيا CSIC بمدريد.,بحثي متخصص,A,أول طبعة كاملة؛ نُوقشت قراءات المحققة في مراجعات لاحقة.,https://www.trotta.es/libros/tratado-tafsira-del-mancebo-de-arevalo/9788481646092/,,شراء,غير متحقق,اطلاع على الفهرس/المقدمة/وصف الناشر,فتحت صفحة الناشر Trotta. (تاريخ التحقق 2026-09-23),وصف ناشر,مقال موسوعي; درس,,,v1.0,,2026-09-23,P-33
LIB-PRI-034,مصدر أصلي,Kitāb Nāṣir al-dīn ʿalā ʾl-qawm al-kāfirīn (The Supporter of Religion against the Infidels),ناصر الدين على القوم الكافرين لأحمد بن قاسم الحجري أفوقاي — تحقيق وترجمة,أحمد بن قاسم الحجري؛ مقدمة عامة وتحقيق وترجمة مشروحة (ط2 منقحة ومحدثة في ضوء مخطوطة الأزهر): P. S. van Koningsveld، Q. al-Samarrai، G. A. Wiegers,CSIC، مدريد (Fuentes Arábico-Hispanas 35),2015 (ط2 منقحة؛ ط1 1997),ط2؛ 335 ص (Open Library),ISBN 9788400100100,,,كتاب,ثنائية (عربية-إنجليزية),عربية,السقوط والموريسكيون,الأديان والجماعات; سياسة; لغة,إسبانيا؛ المغرب؛ فرنسا؛ هولندا,سيرة موريسكي هارب ومترجم لسلطان المغرب ومناظراته في أوروبا؛ يجيب عن تجربة التهجير والهوية الموريسكية.,بحثي متخصص,A,طبعة نقدية مستفيدة من مخطوط الأزهر.,https://franklin.library.upenn.edu/catalog/FRANKLIN_9977349296703681,,شراء,غير متحقق,سجل ببليوغرافي فقط,بيانات الطبعة الثانية من عنوان مراجعة REMMM وعنوان سجل مكتبة بنسلفانيا في نتائج البحث؛ فتح الصفحتين تعذّر (حماية بوت/إعادة توجيه). (تاريخ التحقق 2026-09-23) || v1.1: فتحت سجل Open Library لـ 9788400100100: CSIC 2015، الطبعة الثانية، 335 ص، Fuentes arábico-hispanas 35، بيان المسؤولية كاملاً — تاريخ التحقق 2026-09-23,عنوان سجل ومراجعة,بطاقة شخصية; درس; مقال موسوعي,,,v1.0,"v1.1: responsibility, isbn_doi, edition_volumes",2026-09-23,P-34
LIB-PRI-035,مصدر أصلي,Best of Delectable Foods and Dishes from al-Andalus and al-Maghrib: A Cookbook by Thirteenth-Century Andalusi Scholar Ibn Razīn al-Tujībī (1227–1293),فضالة الخوان في طيبات الطعام والألوان لابن رزين التجيبي — ترجمة إنجليزية,Ibn Razīn al-Tujībī; ترجمة ومقدمة ومسرد Nawal Nasrallah,Brill (Islamic History and Civilization، 186),2021,xxix+884 ص؛ 218 صورة ملونة,ISBN 9789004469471 (مجلد)؛ 9789004469488 (إلكتروني),,,كتاب (ترجمة مصدر),إنجليزية (ترجمة عن العربية),إنجليزية,الموحدون; الممالك المتأخرة,مجتمع; اقتصاد وتجارة; زراعة وتقنيات,الأندلس؛ المغرب,نحو 475 وصفة أندلسية مع مقدمة ومسرد مصطلحات؛ مصدر مباشر للحياة اليومية والطعام، وهي فجوة واضحة.,متوسط,A,ترجمة علمية موثقة لمصدر أصلي؛ لا يُعمّم منه على عامة الناس (مطبخ النخبة غالبًا),https://searchworks.stanford.edu/view/14091483,,شراء,غير متحقق,اطلاع على الفهرس/المقدمة/وصف الناشر,فتحت سجل SearchWorks (المحتويات والبيانات) — تاريخ التحقق 2026-09-23,فهرس,مقال موسوعي (الطعام); صورة; درس,مصنف مصدرًا أصليًا لأنه ترجمة نص وسيط؛ الأصل العربي محقق سابقًا (تحقيق محمد بن شقرون — لم أتحقق),,v1.0,,2026-09-23,T-41
LIB-BK-001,كتاب حديث,The Routledge Handbook of Muslim Iberia,دليل روتلدج لإيبيريا الإسلامية,Maribel Fierro (محررة)؛ مجموعة من المتخصصين,Routledge,2020,الطبعة الأولى؛ مجلد واحد، 840 ص,9781032236490 (ورقي)؛ 9781138649149 (مجلد),,,كتاب,إنجليزية,إنجليزية,شامل,سياسة; مجتمع; الأديان والجماعات; المرأة; مؤسسات/قضاء/إدارة; أدب وشعر; فلسفة وفقه; علوم وطب وفلك; عمارة وفنون; مسكوكات; تأريخ ونقد مصادر,شبه الجزيرة الإيبيرية كاملة (إسبانيا والبرتغال) مع الامتداد المغربي,أحدث مرجع جامع بإشراف أبرز المتخصصين (مدرسة مدريد/CSIC)؛ يغطي من إيبيريا قبل الفتح حتى الموريسكيين وذاكرة الأندلس الحديثة، بفصول مستقلة عن الطوائف والمرابطين والموحدين والنصريين والمسكوكات والمرأة والعبيد والعلماء والصوفية والحياة اليومية. يجيب عن: ما حالة البحث الراهنة في كل محور؟,متقدم,A,مرجع أكاديمي محكّم حديث بأقلام متخصصين؛ الحد: فصول موجزة نسبيًا وتتفاوت في العمق، وسعره مرتفع.,https://www.routledge.com/The-Routledge-Handbook-of-Muslim-Iberia/Fierro/p/book/9781032236490,https://www.taylorfrancis.com/books/edit/10.4324/9781315625959/routledge-handbook-muslim-iberia-maribel-fierro,شراء/اشتراك مؤسسي (Taylor & Francis eBooks),غير متحقق (محمي بحقوق النشر),اطلاع على الفهرس/المقدمة/وصف الناشر,فتحت صفحة الناشر Routledge واطلعت على الفهرس (الأجزاء الأربعة وأسماء مؤلفي فصول الجزء الأول) والوصف؛ رابط Taylor & Francis ظهر في نتائج البحث ولم أفتحه — تاريخ التحقق 2026-09-23,فهرس + وصف ناشر,مقال موسوعي; خط زمني; درس; بطاقة شخصية,DOI المحتمل 10.4324/9781315625959 ظهر في رابط taylorfrancis ضمن نتائج البحث ولم أفتح الصفحة؛ يُفضّل البدء بهذا المرجع لكل عصر.,,v1.0,,2026-09-23,B-01
LIB-BK-002,كتاب حديث,The Legacy of Muslim Spain,تراث إسبانيا المسلمة — والترجمة العربية: «الحضارة العربية الإسلامية في الأندلس»,Salma Khadra Jayyusi (محررة)؛ Manuela Marín (مستشارة تحرير)؛ الترجمة العربية بإشراف سلمى الخضراء الجيوسي,"E.J. Brill (Handbook of Oriental Studies, Section 1, vol. 12)؛ الترجمة العربية: مركز دراسات الوحدة العربية (بيروت)",1992 (الأصل)؛ طبعة في مجلدين 1994؛ الترجمة العربية ط2 1999,xix+1098 ص (Handbuch der Orientalistik 1/12)؛ طبعة 1994 في مجلدين مع 27 لوحة؛ الترجمة العربية جزءان,9004095993 / 9789004095991 (1992)؛ 9004099549 (طبعة المجلدين 1994),,,كتاب,إنجليزية؛ وترجمة عربية,إنجليزية,شامل,سياسة; أدب وشعر; موسيقى; عمارة وفنون; علوم وطب وفلك; فلسفة وفقه; مدن وعمران; الأديان والجماعات; زراعة وتقنيات,الأندلس,أول عمل جماعي شامل للحضارة الأندلسية بأقلام نخبة دولية (سياسة، أقليات، مدن، موسيقى، شعر، عمارة، علوم)؛ ميزته الكبرى توفره بالعربية. يجيب عن: ما منجزات الأندلس الحضارية بحسب التخصصات؟,متوسط,A,مرجع جماعي معتمد واسع الاستشهاد؛ الحد: تاريخ صدوره 1992 فلا يعكس البحث الأثري والتأريخي الأحدث، ويميل بعض فصوله إلى الإطار الاحتفائي.,https://www.abebooks.com/9789004095991/Legacy-Muslim-Spain-Handbook-Oriental-9004095993/plp,https://archive.org/details/1-.-2-1999,شراء (الأصل)؛ نسخة الترجمة العربية مرفوعة على أرشيف الإنترنت من مستخدم,غير متحقق؛ نسخ أرشيف الإنترنت رفعها مستخدمون (aghiras) دون ترخيص معلن,سجل ببليوغرافي فقط,فتحت سجل AbeBooks للأصل (الناشر، السنة، الصفحات، السلسلة) وصفحة أرشيف الإنترنت للترجمة العربية (ط2، 1999، جزءان)؛ وصف محتوى الجزء الأول (تاريخ سياسي، أقليات، مدن، موسيقى) من عنوان مادة أرشيف أخرى — تاريخ التحقق 2026-09-23 || v1.1: فتحت بيانات أرشيف الإنترنت legacyofmuslimsp0000unse (Brill، ليدن/نيويورك 1992، xix+1098، ISBN 9004095993) وlegacyofmuslimsp0001unse (1994، مجلدان، ISBN 9004099549) وسجل Open Library (السلسلة HdO 1/12) — تاريخ التحقق 2026-09-23,وصف ناشر مقتبس + وصف مادة الأرشيف,مقال موسوعي; درس; بطاقة شخصية,صفحة الناشر Brill تعذّر فتحها (403). مراجعة في IJMES موجودة على Cambridge Core. لم أتحقق من سنة الطبعة العربية الأولى (يُذكر 1998).,,v1.0,"v1.1: year, isbn_doi, edition_volumes",2026-09-23,B-02
LIB-BK-003,كتاب حديث,"The New Cambridge History of Islam, Volume 2: The Western Islamic World, Eleventh to Eighteenth Centuries",تاريخ كامبريدج الجديد للإسلام، المجلد 2: العالم الإسلامي الغربي من القرن 11 إلى 18,Maribel Fierro (محررة المجلد),Cambridge University Press,2010 (طبعة ورقية 4 نوفمبر 2010؛ على Cambridge Core مارس 2011),المجلد 2 من 6؛ نحو 896 ص؛ خمسة أقسام، أولها: الأندلس وشمال وغرب أفريقيا (ق11–15م),ISBN 9780521839570 (مجلد)؛ 9781107456952 (ورقي)؛ 9781139056151 (رقمي)؛ DOI 10.1017/CHOL9780521839570,,,كتاب,إنجليزية,إنجليزية,المرابطون; الموحدون; غرناطة النصرية; السقوط والموريسكيون,سياسة; مجتمع; الأديان والجماعات; تأريخ ونقد مصادر,الغرب الإسلامي: الأندلس والمغرب,يضع الأندلس المتأخرة في سياق الغرب الإسلامي (المغرب، المرابطون، الموحدون، النصريون، الموريسكيون). يجيب عن: كيف ترتبط الأندلس بديناميات المغرب بعد القرن الحادي عشر؟,متقدم,A,سلسلة مرجعية جامعية كبرى؛ الحد: الأندلس جزء من نطاق أوسع.,https://www.cambridge.org/core/books/new-cambridge-history-of-islam/CAEA752E397DC65D731D28B4E64AE760,,شراء/اشتراك مؤسسي (Cambridge Core),غير متحقق (محمي بحقوق النشر),اطلاع على الفهرس/المقدمة/وصف الناشر,تحققت من العنوان والمحررة والسنة والناشر عبر صفحة ويكيبيديا للسلسلة فقط؛ لم أطلع على الفهرس — تاريخ التحقق 2026-09-23 || v1.1: فتحت صفحة الكتاب على Cambridge Core (عبر https://doi.org/10.1017/CHOL9780521839570): العنوان والمحررة Maribel Fierro والتواريخ وثلاثة ISBN وDOI والصفحات وعرض الأقسام الخمسة؛ لم تظهر أسماء كتّاب الفصول — تاريخ التحقق 2026-09-23,سجل ببليوغرافي,مقال موسوعي; خط زمني,يحتاج تحققًا من صفحة Cambridge Core للفهرس وDOI؛ نفدت ميزانية البحث قبل ذلك.,,v1.0,"v1.1: year, isbn_doi, edition_volumes, url_record, verification_level",2026-09-23,B-03
LIB-BK-004,كتاب حديث,Histoire de l'Espagne musulmane (nouvelle édition revue et augmentée),تاريخ إسبانيا الإسلامية,Évariste Lévi-Provençal,G.-P. Maisonneuve & Cie (Paris) / E.J. Brill (Leiden),1950–1953,3 مجلدات: I الفتح والإمارة (710–912)؛ II الخلافة الأموية بقرطبة (912–1031)؛ III قرن الخلافة بقرطبة (الحضارة والمؤسسات),لم أتحقق,,,كتاب,فرنسية,فرنسية,الفتح والولاة; الإمارة; الخلافة,سياسة; مؤسسات/قضاء/إدارة; مجتمع; اقتصاد وتجارة; مدن وعمران,الأندلس,العمل الكلاسيكي المؤسس للتأريخ الحديث للأندلس الأموية؛ المجلد الثالث مرجع في المؤسسات والإدارة والمجتمع القرطبي. يجيب عن: كيف نُظّمت الدولة الأموية ومؤسساتها؟,متقدم,A,مرجع تأسيسي لا غنى عنه تاريخيًا؛ الحد: متقادم في التفسير (قبل الثورة الأثرية وقبل نقد مدرسة Guichard/Manzano)، ويقف عند 1031.,https://www.livre-rare-book.com/book/5472308/70175,https://archive.org/stream/in.ernet.dli.2015.358243/2015.358243.Histoire-De_djvu.txt,شراء مستعمل؛ نسخة المجلد الثالث في أرشيف الإنترنت (مكتبة الهند الرقمية),غير متحقق (محمي بحقوق النشر),سجل ببليوغرافي فقط,فتحت سجل livre-rare-book (الناشرون، السنوات، عناوين المجلدات، الصفحات)؛ رابط نص المجلد الثالث ظهر في نتائج البحث ولم أفتحه — تاريخ التحقق 2026-09-23 || v1.1: فتحت بيانات أرشيف الإنترنت histoiredelespag0000levi: Maisonneuve & Larose، 1999 (إعادة طبع)؛ لم أتحقق من الطبعة الأصلية 1950–1953 في صفحة مفتوحة — تاريخ التحقق 2026-09-23,سجل ببليوغرافي بعناوين المجلدات,مقال موسوعي; خط زمني; بطاقة شخصية,له ترجمة إسبانية ضمن Historia de España de Menéndez Pidal (لم أتحقق). وضع حقوق نسخة الأرشيف غير واضح. | له ترجمة إسبانية ضمن Historia de España de Menéndez Pidal (لم أتحقق). وضع حقوق نسخة الأرشيف غير واضح. توجد إعادة طبع Maisonneuve & Larose (1999) رقمية للإعارة على أرشيف الإنترنت (histoiredelespag0000levi).,,v1.0,v1.1: notes,2026-09-23,B-04
LIB-BK-005,كتاب حديث,دولة الإسلام في الأندلس,دولة الإسلام في الأندلس,محمد عبد الله عنان,مكتبة الخانجي، القاهرة,المجلدات 1، 2، 5: ط4 1417هـ/1997م؛ المجلدات 3، 4: ط2 1411هـ/1990م (بحسب المكتبة الشاملة),أربعة عصور في 5 مجلدات بحسب الشاملة (7 أجزاء مادية في طبعة الخانجي بحسب بيت الكتب),لم أتحقق,,,كتاب,عربية,عربية,شامل,سياسة; عسكري; تأريخ ونقد مصادر; السقوط والموريسكيون,الأندلس والمغرب,أوسع سرد عربي حديث متصل للتاريخ السياسي من الفتح حتى نهاية الأندلس وتاريخ الموريسكيين، مبني على المصادر العربية والأوروبية. يجيب عن: ما التسلسل التفصيلي للأحداث والحكام؟,متوسط,A,المرجع العربي الشامل الأساسي في التاريخ السياسي؛ الحد: كُتب بين الأربعينيات والستينيات فهو سردي سياسي، وتقادم في التفسير والتوثيق الأثري.,https://shamela.ws/book/1009,https://shamela.ws/book/1009,نص كامل مجاني (المكتبة الشاملة)؛ شراء ورقي,غير متحقق (المؤلف توفي 1986؛ الحقوق للناشر/الورثة),سجل ببليوغرافي فقط,فتحت بطاقة الكتاب في المكتبة الشاملة (الناشر، الطبعات، تقسيم العصور الأربعة) وصفحة بيت الكتب (ط4، 7 أجزاء) — تاريخ التحقق 2026-09-23,وصف المكتبة الشاملة لبنية الكتاب,خط زمني; بطاقة شخصية; مقال موسوعي,العصور: (1) من الفتح إلى بداية عهد الناصر؛ (2) الطوائف؛ (3) المرابطون والموحدون؛ (4) نهاية الأندلس وتاريخ العرب المتنصرين. تنبيه: صفحات noor-book وأمثالها غير معتمدة للتحقق.,,v1.0,,2026-09-23,B-05
LIB-BK-006,كتاب حديث,فجر الأندلس: دراسة في تاريخ الأندلس من الفتح الإسلامي إلى قيام الدولة الأموية (711–756م),فجر الأندلس,حسين مؤنس,طبعة منقحة: العصر الحديث للنشر والتوزيع، بيروت (بعد وفاة المؤلف، بحسب مقدمة الناشر في المسح)؛ ومقدمة المؤلف تذكر ط2 عن الدار السعودية للنشر والتوزيع، جدة — الطبعة الأولى وسنتها لم تُحسم,طبعة منقحة 2002 بحسب Goodreads (الطبعة الأولى أقدم، لم أتحقق من سنتها),مجلد واحد، 765 ص (طبعة منقحة),لم أتحقق,,,كتاب,عربية,عربية,الفتح والولاة,سياسة; عسكري; تأريخ ونقد مصادر; الأديان والجماعات,الأندلس,الدراسة العربية الأعمق لعصر الولاة، استفادت من الدراسات الإسبانية والأوروبية. يجيب عن: كيف تمّ الفتح والاستقرار قبل عبد الرحمن الداخل؟,متوسط,B,دراسة رائدة لمؤرخ متخصص؛ الحد: متقادمة جزئيًا بعد أعمال Clarke وGarcía Sanjuán وManzano، وبيانات الطبعة غير محسومة.,https://www.goodreads.com/ar/book/show/10209726,,شراء؛ نسخ PDF متداولة غير مرخصة,غير متحقق (محمي بحقوق النشر),فحص أجزاء من المحتوى,فتحت Goodreads (الصفحات 765، طبعة منقحة 2002، وصف موجز) ومركز المعرفة الرقمي ddl.ae (العنوان والمؤلف فقط)؛ لم أجد صفحة ناشر — تاريخ التحقق 2026-09-23 || v1.1: فتحت نص OCR لمادة أرشيف الإنترنت ar118hist86 (ia601501.us.archive.org/.../حسين مؤنس-فجر الأندلس_djvu.txt): صفحات العنوان تذكر «العصر الحديث للنشر والتوزيع – بيروت» و«الطبعة الأولى المنقحة» وكلمة ناشر «تحية وفاء... للمؤلف... رحمه الله»؛ مقدمة المؤلف تذكر نفاد الطبعة الأولى وطبعة ثانية بالأوفست عن الدار السعودية للنشر والتوزيع بجدة. الأرقام (سنة الظهور الأول، تاريخ المقدمة) مشوهة في OCR فلم أعتمدها (بيانات رفع غير رسمي على أرشيف الإنترنت — دليل ببليوغرافي فقط). تاريخ التحقق 2026-09-23,وصف Goodreads + العنوان الفرعي,خط زمني; بطاقة شخصية; مقال موسوعي,يلزم التحقق من الناشر (تُذكر دار الرشاد/دار المناهل في مواقع غير معتمدة).,,v1.0,"v1.1: publisher, verification_level",2026-09-23,B-06
LIB-BK-007,كتاب حديث,تاريخ المسلمين وآثارهم في الأندلس من الفتح العربي حتى سقوط الخلافة بقرطبة,تاريخ المسلمين وآثارهم في الأندلس,السيد عبد العزيز سالم,دار النهضة العربية للطباعة والنشر (بيروت),2008 بحسب نيل وفرات (2007 بحسب دار رؤية),مجلد واحد، 444 ص,9789953470108 (بحسب دار رؤية),,,كتاب,عربية,عربية,الفتح والولاة; الإمارة; الخلافة,سياسة; آثار; عمارة وفنون; مدن وعمران; جغرافيا,الأندلس والمغرب,يجمع بين السرد السياسي والآثار المعمارية الباقية للعصر الأموي؛ مفيد لربط الأحداث بالمواقع. يجيب عن: ما المعالم الأثرية الأموية وسياقها التاريخي؟,متوسط,B,لمؤرخ آثار متخصص (جامعة الإسكندرية)؛ الحد: قديم الأصل وموجز في الآثار مقارنة بالأدبيات الأثرية الحديثة.,https://www.neelwafurat.com/itempage.aspx?id=lbb131138-91270&search=books,,شراء (نفد لدى نيل وفرات),غير متحقق (محمي بحقوق النشر),اطلاع على الفهرس/المقدمة/وصف الناشر,فتحت صفحتي نيل وفرات ودار رؤية (الناشر، الصفحات، ISBN، وصف الفصول الثمانية) — تاريخ التحقق 2026-09-23,وصف البائع لمحتوى الفصول,خريطة; مقال موسوعي; صورة,تعارض بسيط في السنة بين البائعين؛ الطبعة الأصلية أقدم (لم أتحقق).,,v1.0,,2026-09-23,B-07
LIB-BK-008,كتاب حديث,التاريخ الأندلسي من الفتح الإسلامي حتى سقوط غرناطة 92–897هـ / 711–1492م,التاريخ الأندلسي,عبد الرحمن علي الحجي,دار القلم، دمشق,2010 (نسخة مكتبة اتحاد الإمارات؛ للكتاب طبعات أقدم لم أتحقق منها),مجلد واحد، 671 ص، خرائط؛ ثبت مراجع ص625–649,لم أتحقق,,,كتاب,عربية,عربية,شامل,سياسة; عسكري; الأديان والجماعات,الأندلس,عرض عربي متصل في مجلد واحد لكامل التاريخ الأندلسي مع خرائط؛ مناسب كمقرر جامعي. يجيب عن: ما الإطار العام للأحداث من 711 إلى 1492؟,تمهيدي,C,كتاب جامعي تعريفي؛ الحد: يغلب عليه السرد السياسي والمنظور الدعوي/الاعتباري، ولا يُعتمد منفردًا في القضايا الخلافية.,https://library.ecssr.ae/cgi-bin/koha/opac-detail.pl?biblionumber=207507&shelfbrowse_itemnumber=340677,,شراء؛ نسخ على أرشيف الإنترنت مرفوعة من مستخدمين,غير متحقق (محمي بحقوق النشر),سجل ببليوغرافي فقط,فتحت فهرس مكتبة اتحاد الإمارات (الناشر، المكان، السنة، الصفحات، الخرائط، ثبت المراجع)؛ تعذر فتح موقع المؤلف — تاريخ التحقق 2026-09-23,سجل فهرسة + العنوان,خط زمني; درس; خريطة,,,v1.0,,2026-09-23,B-08
LIB-BK-009,كتاب حديث,تاريخ الأدب الأندلسي (عصر سيادة قرطبة؛ عصر الطوائف والمرابطين),تاريخ الأدب الأندلسي,إحسان عباس,دار الثقافة، بيروت,عصر الطوائف والمرابطين: ط1 1962، ط5 1978 (بحسب الشاملة),جزءان مستقلان؛ جزء الطوائف والمرابطين 327 ص,لم أتحقق,,,كتاب,عربية,عربية,الخلافة; الفتنة والطوائف; المرابطون,أدب وشعر; مجتمع; التعليم,الأندلس,المرجع العربي الأساسي في تطور الأدب الأندلسي وصلته بالمجتمع ورعاية الدولة ومكانة الشاعر والنقد. يجيب عن: كيف تطوّر الشعر والنثر الأندلسي وما علاقته بالسياسة؟,متقدم,A,لأحد أبرز محققي التراث الأندلسي؛ الحد: أدبي لا تاريخي، ولا يغطي العصر الموحدي والنصري.,https://shamela.ws/book/1015,https://shamela.ws/book/1015,نص كامل مجاني (المكتبة الشاملة) لجزء الطوائف والمرابطين؛ شراء,غير متحقق (محمي بحقوق النشر),اطلاع على الفهرس/المقدمة/وصف الناشر,فتحت بطاقة جزء «عصر الطوائف والمرابطين» في الشاملة (الناشر، الطبعات، الصفحات، محاور الفهرس)؛ جزء «عصر سيادة قرطبة» ظهر في Goodreads ضمن النتائج ولم أتحقق من بياناته — تاريخ التحقق 2026-09-23,فهرس الشاملة,بطاقة شخصية; مقال موسوعي; درس,,,v1.0,,2026-09-23,B-09
LIB-BK-010,كتاب حديث,تاريخ العرب وحضارتهم في الأندلس,تاريخ العرب وحضارتهم في الأندلس,خليل إبراهيم السامرائي؛ عبد الواحد ذنون طه؛ ناطق صالح مطلوب,دار الكتاب الجديد المتحدة، بيروت (ط1 2000 بحسب الشاملة)؛ الأصل: دار الكتب، الموصل 1986 (بحسب ويكيبيديا),2000,مجلد واحد، 524 ص,لم أتحقق,,,كتاب,عربية,عربية,الفتح والولاة; الإمارة; الخلافة; الفتنة والطوائف,سياسة; عسكري; مجتمع; علوم وطب وفلك; أدب وشعر,الأندلس,مقرر جامعي عراقي منظم في خمسة أبواب (الفتح، الإمارة، الخلافة، الطوائف، الحضارة) مع باب عن أثر الحضارة الأندلسية في أوروبا. يجيب عن: ما الإطار الدراسي المختصر حتى الطوائف؟,تمهيدي,C,كتاب جامعي تعليمي لمتخصصين؛ الحد: يتوقف فعليًا عند الطوائف، ومختصر.,https://shamela.ws/book/29723,https://shamela.ws/book/29723,نص كامل مجاني (المكتبة الشاملة),غير متحقق (محمي بحقوق النشر),اطلاع على الفهرس/المقدمة/وصف الناشر,فتحت بطاقة الكتاب في الشاملة (المؤلفون، الناشر، الطبعة، الصفحات، الأبواب الخمسة) — تاريخ التحقق 2026-09-23,فهرس + مقدمة,درس; خط زمني,,,v1.0,,2026-09-23,B-10
LIB-BK-011,كتاب حديث,The Muslim Conquest and Settlement of North Africa and Spain,الفتح والاستقرار الإسلامي في شمال أفريقيا وإسبانيا (وأصله العربي: «الفتح والاستقرار العربي الإسلامي في شمال أفريقيا والأندلس»),Abdulwahid Dhanun Taha (عبد الواحد ذنون طه),Routledge (Exeter Arabic and Islamic Series)، أعيد في Routledge Library Editions: Muslim Spain؛ العربية: دار الرشيد، بغداد 1982 (بحسب ويكيبيديا),1989 (الأصل الإنجليزي),مجلد واحد، 296 ص (إعادة الطبع),9781138689671 (إعادة الطبع),,,كتاب,إنجليزية؛ وصيغة عربية,إنجليزية,الفتح والولاة,سياسة; عسكري; مجتمع; جغرافيا,المغرب والأندلس,دراسة لأنماط استقرار القبائل العربية والبربرية وتوترات عصر الولاة حتى دخول عبد الرحمن الأول. يجيب عن: من استقر أين، ولماذا اندلعت الصراعات القبلية وثورة البربر؟,متقدم,B,أطروحة دكتوراه منشورة لمؤرخ عراقي متخصص، راجعتها IJMES وBSOAS؛ الحد: تعتمد القراءة الوضعية للروايات المتأخرة التي نقدها Clarke وآخرون.,https://www.routledge.com/The-Muslim-Conquest-and-Settlement-of-North-Africa-and-Spain/Taha/p/book/9781138689671,,شراء,غير متحقق (محمي بحقوق النشر),اطلاع على الفهرس/المقدمة/وصف الناشر,فتحت صفحة Routledge (الفهرس بفصوله الثمانية والوصف)؛ بيانات الأصل العربي من ويكيبيديا العربية للمؤلف — تاريخ التحقق 2026-09-23,فهرس + وصف ناشر,خريطة; خط زمني; مقال موسوعي,مفيد لطبقة القبائل والاستقرار في الأطلس.,,v1.0,,2026-09-23,B-11
LIB-BK-012,كتاب حديث,في تاريخ المغرب والأندلس,في تاريخ المغرب والأندلس,أحمد مختار العبادي,دار النهضة العربية، بيروت,2000 (ط2 بحسب نيل وفرات),مجلد واحد، 368 ص,لم أتحقق,,,كتاب,عربية,عربية,الفتح والولاة; الإمارة; الخلافة; الفتنة والطوائف,سياسة; مؤسسات/قضاء/إدارة,المغرب والأندلس,محاضرات جامعية لمؤرخ مصري بارز تغطي من الفتح حتى الطوائف والزلاقة 1086، مع إبراز العلاقات بين قرطبة وبغداد. يجيب عن: ما العلاقات بين الأندلس والمشرق والمغرب؟,تمهيدي,C,نص تعليمي جامعي لمؤلف متخصص؛ الحد: محاضرات عامة قديمة الأصل.,https://www.neelwafurat.com/itempage.aspx?id=lbb131003-91134&search=books,,شراء,غير متحقق (محمي بحقوق النشر),اطلاع على الفهرس/المقدمة/وصف الناشر,فتحت صفحة نيل وفرات (الناشر، الطبعة، الصفحات، وصف المحتوى) — تاريخ التحقق 2026-09-23,وصف البائع,درس; خط زمني,,,v1.0,,2026-09-23,B-12
LIB-BK-013,كتاب حديث,عامة قرطبة في عصر الخلافة: دراسة في التاريخ الاجتماعي الأندلسي,عامة قرطبة في عصر الخلافة,أحمد الطاهري,منشورات عكاظ (الرباط),1989,مجلد واحد، 263 ص,لم أتحقق,,,كتاب,عربية,عربية,الخلافة,مجتمع; مدن وعمران; اقتصاد وتجارة,قرطبة,من الدراسات العربية القليلة في التاريخ الاجتماعي للعامة (لا النخب) في قرطبة الخلافية. يجيب عن: كيف عاش عامة قرطبة وما دورهم؟,بحثي متخصص,B,دراسة متخصصة لمؤرخ مغربي في التاريخ الاجتماعي؛ الحد: ضيقة النطاق ومتاحة بصعوبة.,https://books.google.com/books/about/%D8%B9%D8%A7%D9%85%D8%A9_%D9%82%D8%B1%D8%B7%D8%A8%D8%A9_%D9%81%D9%8A_%D8%B9%D8%B5%D8%B1_%D8%A7%D9%84%D8%AE%D9%84.html?id=hvYyzgEACAAJ,,فهرس فقط (Google Books بلا معاينة)؛ نسخة على أرشيف الإنترنت مرفوعة من مستخدم,غير متحقق (محمي بحقوق النشر),سجل ببليوغرافي فقط,فتحت سجل Google Books (الناشر، السنة، الصفحات) — تاريخ التحقق 2026-09-23,العنوان والعنوان الفرعي,مقال موسوعي; درس,للمؤلف أعمال أخرى عن الفلاحة والعمران القروي لم أتحقق منها.,,v1.0,,2026-09-23,B-13
LIB-BK-014,كتاب حديث,جزر الأندلس المنسية: التاريخ الإسلامي لجزر البليار (89–680هـ / 708–1287م),جزر الأندلس المنسية,عصام سالم سيسالم,لم أتحقق (يشير رابط بائع إلى دار العلم للملايين، بيروت),لم أتحقق,لم أتحقق,لم أتحقق,,,كتاب,عربية,عربية,شامل,سياسة; بحرية وموانئ; مجتمع,جزر البليار (ميورقة، منورقة، يابسة),يسد فجوة جغرافية نادرة بالعربية: التاريخ الإسلامي لجزر البليار حتى سقوط منورقة 1287. يجيب عن: ما تاريخ الجزر الشرقية ودورها البحري؟,متقدم,B,دراسة أكاديمية متخصصة ونادرة الموضوع؛ الحد: بيانات النشر غير متحقق منها.,https://archive.org/details/896807081287,https://archive.org/details/896807081287,نسخة على أرشيف الإنترنت مرفوعة من مستخدم,غير متحقق؛ رفع مستخدم دون ترخيص معلن,سجل ببليوغرافي فقط,فتحت صفحة أرشيف الإنترنت (العنوان، المؤلف، النطاق الزمني)؛ تعذر فتح صفحة البائع (رابط طويل) — تاريخ التحقق 2026-09-23,العنوان والعنوان الفرعي,خريطة; مقال موسوعي; خط زمني,يلزم استكمال الناشر والسنة من فهرس مكتبي.,,v1.0,,2026-09-23,B-14
LIB-BK-015,كتاب حديث,التنصير القسري لمسلمي الأندلس في عهد الملكين الكاثوليكيين (1474–1516م),التنصير القسري لمسلمي الأندلس,محمد عبده حتاملة,عمّان (يذكر المصدر «الجامعة الأردنية»، لم أتحقق),غير محسوم (المصدر يذكر 1410هـ/1980م وهما لا يتطابقان),ط1، 180 ص (بحسب المصدر),لم أتحقق,,,كتاب,عربية,عربية,غرناطة النصرية; السقوط والموريسكيون,الأديان والجماعات; سياسة; مجتمع,غرناطة وقشتالة,من أوائل الدراسات العربية المتخصصة في سياسة التنصير القسري بعد سقوط غرناطة؛ ضمن سلسلة للمؤلف عن محنة الموريسكيين. يجيب عن: كيف تحوّل المدجنون إلى موريسكيين؟,متقدم,B,لمؤرخ أردني متخصص في الموريسكيين؛ الحد: بيانات النشر متضاربة، ويقتصر مصدر التحقق على موقع توزيع غير معتمد.,https://www.moswarat.com/books_view_705.html,,لم أتحقق من وجود طبعة متداولة؛ نسخ مصورة,غير متحقق (محمي بحقوق النشر),سجل ببليوغرافي فقط,فتحت صفحة «مصورات» (بيانات النشر المذكورة)؛ عنوانه الآخر «محنة مسلمي الأندلس عشية سقوط غرناطة وبعدها» ظهر في Goodreads ولم تُفتح بياناته — تاريخ التحقق 2026-09-23,العنوان,خط زمني; مقال موسوعي,أولوية للتحقق من فهرس مكتبة الجامعة الأردنية أو مكتبة وطنية. يُكمَّل بـ Harvey Muslims in Spain (موجود في القاعدة) وBrill Expulsion of the Moriscos.,,v1.0,,2026-09-23,B-15
LIB-BK-016,كتاب حديث,تاريخ الأندلس في عهد المرابطين والموحدين,تاريخ الأندلس في عهد المرابطين والموحدين (ترجمة),Joseph Aschbach (يوسف أشباخ)؛ ترجمة محمد عبد الله عنان,دار الوراق (طبعة 2024)؛ الطبعة المعروفة: مكتبة الخانجي (لم أتحقق من سنتها),2024 (طبعة الوراق),جزءان في مجلد واحد، 608 ص,9789933583911 (طبعة الوراق، بحسب دار رؤية),,,كتاب,عربية (مترجم عن الألمانية),عربية,المرابطون; الموحدون,سياسة; عسكري; تأريخ ونقد مصادر,الأندلس والمغرب,سرد سياسي مفصل للعصرين المرابطي والموحدي؛ قيمته اليوم تأريخية (كيف كتب الاستشراق الألماني المبكر) وسردية. يجيب عن: ما تسلسل الأحداث السياسية في القرنين 12–13؟,متوسط,C,عمل استشراقي من القرن التاسع عشر؛ الحد: متقادم المصادر والتفسير، يُستبدل به Bennison وعنان في النقاط الدقيقة.,https://daroueya.com/product/%D8%AA%D8%A7%D8%B1%D9%8A%D8%AE-%D8%A7%D9%84%D8%A3%D9%86%D8%AF%D9%84%D8%B3-%D9%81%D9%8A-%D8%B9%D9%87%D8%AF-%D8%A7%D9%84%D9%85%D8%B1%D8%A7%D8%A8%D8%B7%D9%8A%D9%86-%D9%88%D8%A7%D9%84%D9%85%D9%88%D8%AD/,,شراء,غير متحقق (محمي بحقوق النشر),سجل ببليوغرافي فقط,فتحت صفحة دار رؤية (المؤلف، المترجم، الناشر، السنة، الصفحات، ISBN) — تاريخ التحقق 2026-09-23,وصف البائع,خط زمني,الأصل الألماني: Geschichte Spaniens und Portugals zur Zeit der Herrschaft der Almoraviden und Almohaden (1833–1837) — لم أتحقق.,,v1.0,,2026-09-23,B-16
LIB-BK-017,كتاب حديث,The Muslim Conquest of Iberia: Medieval Arabic Narratives,الفتح الإسلامي لإيبيريا: الروايات العربية الوسيطة,Nicola Clarke,Routledge (Culture and Civilization in the Middle East),2012,مجلد واحد؛ 243 ص بحسب Open Library (254 بحسب Speculum)؛ سلسلة Culture and Civilization in the Middle East، رقم 30,9780415719155 (ورقي)؛ 9780415673204 (مجلد)؛ 9780203180891 (إلكتروني),,,كتاب,إنجليزية,إنجليزية,الفتح والولاة,تأريخ ونقد مصادر; الأديان والجماعات; جغرافيا,الأندلس مع مقارنة بالمشرق,تحليل نقدي لكيفية بناء روايات الفتح في النصوص العربية (ق9–14): المائدة السليمانية، الخونة والمتعاونون، الموالي والمولدون. يجيب عن: ما مدى موثوقية روايات الفتح ولماذا تتباين؟,بحثي متخصص,B,دراسة محكمة مهمة منهجيًا؛ الحد: عن الروايات لا عن الوقائع، فيلزم إكمالها بالسرديات التاريخية.,https://www.routledge.com/The-Muslim-Conquest-of-Iberia-Medieval-Arabic-Narratives/Clarke/p/book/9780415719155,,شراء,غير متحقق (محمي بحقوق النشر),اطلاع على الفهرس/المقدمة/وصف الناشر,فتحت صفحة Routledge (الفهرس الكامل والوصف)؛ بيانات Speculum من نتيجة البحث — تاريخ التحقق 2026-09-23 || v1.1: فتحت سجل Open Library لـ ISBN 9780415673204: Routledge، 2012، السلسلة رقم 30؛ يحسم السنة 2012 (سنة 2011 في Speculum غير مؤكدة) — تاريخ التحقق 2026-09-23,فهرس + وصف ناشر,مقال موسوعي; درس,أساسي لقسم «الوقائع مقابل الروايات» في الموسوعة.,,v1.0,"v1.1: year, isbn_doi, edition_volumes",2026-09-23,B-17
LIB-BK-018,كتاب حديث,La conquista islámica de la península ibérica y la tergiversación del pasado: del catastrofismo al negacionismo,الفتح الإسلامي لشبه الجزيرة الإيبيرية وتحريف الماضي: من الكارثية إلى الإنكار,Alejandro García Sanjuán,Marcial Pons Historia، مدريد,2013 (ط1)؛ 2019 (ط2),ط2: 512 ص,9788417945008 (ط2، 2019)؛ 9788492820931 (ط1، 2013، 500 ص، سلسلة Estudios),,,كتاب,إسبانية,إسبانية,الفتح والولاة; الإرث,تأريخ ونقد مصادر; سياسة; آثار,شبه الجزيرة الإيبيرية,يفنّد ثلاثة أطر مشوِّهة لفهم 711: الكارثية القومية الكاثوليكية، والانتصارية العربية، و«الإنكارية» (Olagüe/González Ferrín)، ويعرض الأدلة المادية والمصادر اللاتينية والعربية. يجيب عن: ماذا نعرف يقينًا عن الفتح؟,متقدم,A,مرجع مركزي في النقاش المعاصر حول الفتح وأساس لمعالجة القضايا الخلافية؛ الحد: بالإسبانية.,https://www.marcialpons.es/libros/la-conquista-islamica-de-la-peninsula-iberica-y-la-tergiversacion-del-pasado/9788417945008/,,شراء؛ كتاب إلكتروني,غير متحقق (محمي بحقوق النشر),اطلاع على الفهرس/المقدمة/وصف الناشر,فتحت صفحة Marcial Pons (الطبعة الثانية، الفهرس بفصوله الأربعة، الوصف) — تاريخ التحقق 2026-09-23 || v1.1: فتحت صفحة Marcial Pons للطبعة الأولى (9788492820931: 2013، 500 ص، colección Estudios، ملخص) وسجل Open Library المطابق — تاريخ التحقق 2026-09-23,فهرس + وصف ناشر,مقال موسوعي; درس; درس (نقد المصادر); خط زمني,مراجعات عديدة في Speculum وStudia Historica وDialnet تؤكد أهميته. [دُمج معه السجل T-39],,v1.0,v1.1: isbn_doi,2026-09-23,B-18
LIB-BK-019,كتاب حديث,"The Arab Conquest of Spain, 710–797",الفتح العربي لإسبانيا 710–797,Roger Collins,Basil Blackwell، أكسفورد (سلسلة A History of Spain),1989,مجلد واحد، xii+239 ص,ISBN 0631159231,,,كتاب,إنجليزية,إنجليزية,ما قبل الفتح; الفتح والولاة; الإمارة,سياسة; تأريخ ونقد مصادر; الأديان والجماعات,شبه الجزيرة الإيبيرية (الأندلس والممالك المسيحية الشمالية),يقرأ الفتح وما تلاه من منظور المصادر اللاتينية ونهاية القوط، مع نقد متشدد للروايات العربية المتأخرة. يجيب عن: كيف انهارت مملكة القوط وكيف تأسست الإمارة؟,متقدم,B,لمؤرخ متخصص في إسبانيا القوطية؛ الحد: متشكك إلى حد الإقصاء أحيانًا في المصادر العربية، ويُقرأ مع Manzano وClarke.,https://archive.org/details/arabconquestofsp0000coll,https://archive.org/details/arabconquestofsp0000coll,استعارة رقمية (أرشيف الإنترنت، وصول مقيد)؛ شراء,غير متحقق (محمي بحقوق النشر),سجل ببليوغرافي فقط,فتحت سجل أرشيف الإنترنت (الناشر، السنة، الصفحات، ISBN) — تاريخ التحقق 2026-09-23 || v1.1: فتحت سجل Open Library لـ 0631159231: B. Blackwell 1989، xii+239 ص، A History of Spain — تاريخ التحقق 2026-09-23,سجل + معرفة عامة بالسلسلة (غير مفحوص محتواه),خط زمني; مقال موسوعي,,,v1.0,v1.1: isbn_doi,2026-09-23,B-19
LIB-BK-020,كتاب حديث,"Caliphs and Kings: Spain, 796–1031",خلفاء وملوك: إسبانيا 796–1031,Roger Collins,Wiley-Blackwell (A History of Spain),2012 (مجلد)؛ 2013 (إصدار آخر بـ ISBN 9781118730010 بحسب Open Library),مجلد واحد، 328 ص,9780631181842 (مجلد 2012، 328 ص)؛ 9781118730010 (2013)؛ DOI 10.1002/9781118273968 يُحال إلى Wiley (403) — لم أتحقق من عنوانه,,,كتاب,إنجليزية,إنجليزية,الإمارة; الخلافة; الفتنة والطوائف,سياسة; الأديان والجماعات,الأندلس والممالك المسيحية,يعالج الإمارة والخلافة بالتوازي مع الممالك المسيحية الشمالية حتى 1031. يجيب عن: كيف تفاعلت قرطبة مع أستورياس/ليون ونافارا وقطالونيا؟,متقدم,B,مؤرخ متخصص وناشر أكاديمي؛ الحد: لم أطلع على الفهرس، والمنظور لاتيني-مسيحي أساسًا.,https://www.wiley.com/en-us/Caliphs+and+Kings%3A+Spain%2C+796-1031+-p-9781118273999,,شراء,غير متحقق (محمي بحقوق النشر),سجل ببليوغرافي فقط,"صفحة Wiley أعادت 403؛ البيانات من نتائج البحث (Wiley، AbeBooks، Project MUSE review) فقط — تاريخ التحقق 2026-09-23 || v1.1: فتحت سجلي Open Library لـ 9780631181842 (Caliphs and Kings: Spain, 796–1031، Wiley-Blackwell، 2012، 328 ص) و9781118730010 (2013)؛ صفحات Wiley أعادت 403؛ ISBN 9781118273999 السابق لم يُتحقق منه فحُذف — تاريخ التحقق 2026-09-23",سجل ببليوغرافي,خط زمني,يحتاج إكمال التحقق من صفحة الناشر.,,v1.0,"v1.1: year, isbn_doi, edition_volumes",2026-09-23,B-20
LIB-BK-021,كتاب حديث,"Conquistadores, emires y califas: los Omeyas y la formación de al-Andalus",فاتحون وأمراء وخلفاء: الأمويون وتكوّن الأندلس,Eduardo Manzano Moreno,Crítica، برشلونة (Serie Mayor),2006,مجلد واحد، 620 ص بحسب Open Library (615 بحسب عنوان مراجعة Dialnet),ISBN 8484326748,,,كتاب,إسبانية,إسبانية,الفتح والولاة; الإمارة; الخلافة,سياسة; مؤسسات/قضاء/إدارة; اقتصاد وتجارة; مجتمع; مسكوكات,الأندلس,التركيب الأهم حديثًا لتكوّن الدولة الأموية: الجباية، العملة، العصبيات، المولدون، وبناء السلطة المركزية. يجيب عن: كيف ولماذا نجح الأمويون في بناء دولة مركزية؟,متقدم,A,عمل مرجعي لأحد أبرز مؤرخي CSIC وكثير الاستشهاد؛ الحد: بالإسبانية، ولا ترجمة عربية متحقق منها.,https://openlibrary.org/isbn/9788484326748,,شراء,غير متحقق (محمي بحقوق النشر),سجل ببليوغرافي فقط,اعتمدت على عناوين مراجعات في Dialnet وHelvia وMélanges de la Casa de Velázquez كما ظهرت في نتائج البحث؛ صفحتا Dialnet وOpenEdition تعذر فتحهما — تاريخ التحقق 2026-09-23 || v1.1: فتحت سجل Open Library لـ ISBN 9788484326748: Crítica، 2006، سلسلة Serie mayor، 620 ص؛ لم أصل إلى صفحة الناشر (Planeta/Crítica) — تاريخ التحقق 2026-09-23,سجل ببليوغرافي + عناوين مراجعات,مقال موسوعي; خط زمني,"يختلف عن Manzano, The Court of the Caliphate الموجود في القاعدة.",,v1.0,"v1.1: isbn_doi, edition_volumes, url_record",2026-09-23,B-21
LIB-BK-022,كتاب حديث,The Second Umayyad Caliphate: The Articulation of Caliphal Legitimacy in al-Andalus,الخلافة الأموية الثانية: صياغة الشرعية الخلافية في الأندلس,Janina M. Safran,Center for Middle Eastern Studies of Harvard University، توزيع Harvard University Press (Harvard Middle Eastern Monographs 33),2000,مجلد واحد، 272 ص,ISBN 0932885241,,,كتاب,إنجليزية,إنجليزية,الخلافة,سياسة; مؤسسات/قضاء/إدارة; تأريخ ونقد مصادر,قرطبة/الأندلس,يدرس كيف بنى عبد الرحمن الناصر والحكم المستنصر شرعيتهما الخلافية عبر الطقوس والتأريخ والعمارة. يجيب عن: لماذا أُعلنت الخلافة عام 929 وكيف سُوّغت؟,بحثي متخصص,B,دراسة محكّمة مركزة؛ الحد: ضيقة الموضوع.,https://www.cambridge.org/core/journals/review-of-middle-east-studies/article/abs/second-umayyad-caliphate-the-articulation-of-caliphal-legitimacy-in-alandalus-by-janina-m-safran-harvard-middle-eastern-monographs-33-272-pages-notes-bibliography-index-cambridge-ma-harvard-university-press-2000-1995-paper-isbn-0932885241/7CC33A32774682B48A5E52D8B18E9D4D,,شراء,غير متحقق (محمي بحقوق النشر),سجل ببليوغرافي فقط,البيانات من عنوان مراجعة Cambridge Core ومراجعات Speculum وJournal of Interdisciplinary History كما ظهرت في نتائج البحث؛ لم أفتح صفحة ناشر — تاريخ التحقق 2026-09-23 || v1.1: فتحت سجل Open Library لـ 0932885241: 2000، 272 ص، Harvard Middle Eastern Monographs 33 — تاريخ التحقق 2026-09-23,عنوان الكتاب ومراجعاته,مقال موسوعي; بطاقة شخصية,"يختلف عن Safran, Defining Boundaries الموجود في القاعدة.",,v1.0,"v1.1: isbn_doi, publisher",2026-09-23,B-22
LIB-BK-023,كتاب حديث,'Abd al-Rahman III: The First Cordoban Caliph,عبد الرحمن الثالث: أول خلفاء قرطبة,Maribel Fierro,Oneworld، أكسفورد (Makers of the Muslim World),2005 (25 مايو),مجلد واحد، 150 ص,ISBN 1851683844 / 9781851683840,,,كتاب,إنجليزية,إنجليزية,الخلافة,سياسة; مؤسسات/قضاء/إدارة; فلسفة وفقه,قرطبة/الأندلس,سيرة علمية موجزة للناصر لأبرز متخصصة في الأندلس؛ نموذج ممتاز لبطاقة شخصية موثقة. يجيب عن: من هو الناصر وما سياسته الدينية والسياسية؟,متوسط,B,موجز رصين لمتخصصة؛ الحد: قصير بطبيعة السلسلة.,https://openlibrary.org/books/OL22624499M/'ABD_AL-RAHMAN_III_THE_FIRST_CORDOBAN_CALIPH.,,شراء؛ كتاب إلكتروني,غير متحقق (محمي بحقوق النشر),سجل ببليوغرافي فقط,فتحت سجل Open Library (الناشر، المكان، السنة، السلسلة، ISBN) — تاريخ التحقق 2026-09-23 || v1.1: فتحت سجل Open Library لـ 1851683844: Oneworld، 25 مايو 2005، 150 ص، Makers of the Muslim World — تاريخ التحقق 2026-09-23,سجل ببليوغرافي,بطاقة شخصية; مقال موسوعي,,,v1.0,"v1.1: isbn_doi, edition_volumes, year",2026-09-23,B-23
LIB-BK-024,كتاب حديث,"The Rise and Fall of the Party-Kings: Politics and Society in Islamic Spain, 1002–1086",صعود ملوك الطوائف وسقوطهم: السياسة والمجتمع في إسبانيا الإسلامية 1002–1086,David Wasserstein,Princeton University Press,1985,مجلد واحد، xiii+338 ص، 4 خرائط,ISBN 0691054363؛ LCCN 84016072؛ OCLC 11044668,,,كتاب,إنجليزية,إنجليزية,الفتنة والطوائف,سياسة; مجتمع; الأديان والجماعات; مسكوكات,الأندلس,الدراسة الإنجليزية المرجعية الوحيدة المخصصة لعصر الطوائف كله. يجيب عن: كيف تفككت الخلافة وكيف أدار ملوك الطوائف دولهم ولماذا سقطوا؟,متقدم,A,مرجع معتمد مراجَع في AHR وBSOAS وChurch History؛ الحد: قديم نسبيًا (1985).,https://archive.org/details/risefallofpartyk0000wass,https://archive.org/details/risefallofpartyk0000wass,استعارة رقمية (أرشيف الإنترنت),غير متحقق (محمي بحقوق النشر),سجل ببليوغرافي فقط,فتحت سجل أرشيف الإنترنت (الناشر، السنة، الصفحات، ISBN، ثبت المراجع ص297–327) — تاريخ التحقق 2026-09-23 || v1.1: فتحت بيانات أرشيف الإنترنت (archive.org/metadata/risefallofpartyk0000wass) وسجل Open Library: PUP 1985، xiii+338 ص، ثبت المراجع ص297–327؛ صفحة Princeton أعادت 403 ولم أطلع على الفهرس — تاريخ التحقق 2026-09-23,العنوان + سجل,خط زمني; خريطة; مقال موسوعي,,,v1.0,v1.1: isbn_doi,2026-09-23,B-24
LIB-BK-025,كتاب حديث,The Almoravid and Almohad Empires,الإمبراطوريتان المرابطية والموحدية,Amira K. Bennison,Edinburgh University Press (The Edinburgh History of the Islamic Empires),2016,مجلد واحد، xiv+382 ص، 27 رسمًا,9780748646807 (ورقي، بحسب مراجعة JAH)؛ 9780748646821 (إلكتروني)؛ DOI 10.1515/9780748646821,,,كتاب,إنجليزية,إنجليزية,المرابطون; الموحدون,سياسة; عسكري; فلسفة وفقه; اقتصاد وتجارة; عمارة وفنون; مؤسسات/قضاء/إدارة,المغرب والأندلس,أحدث تركيب إنجليزي شامل للإمبراطوريتين من منظور مغربي-أندلسي موحد. يجيب عن: كيف حكم المرابطون والموحدون الأندلس وما أثرهم الديني والثقافي؟,متقدم,A,مرجع أكاديمي حديث لمتخصصة (كامبريدج)؛ الحد: الأندلس جزء من إطار مغربي أوسع.,https://edinburghuniversitypress.com/book-the-almoravid-and-almohad-empires.html,,شراء/اشتراك مؤسسي,غير متحقق (محمي بحقوق النشر),اطلاع على الفهرس/المقدمة/وصف الناشر,فتحت صفحة De Gruyter Brill (الناشر، السنة، ISBN، DOI، عدد الصفحات؛ عناوين الفصول لم تظهر) — تاريخ التحقق 2026-09-23 || v1.1: فتحت صفحة Edinburgh University Press: الوصف وقائمة الفصول (1 مقدمة؛ 2 المرابطون؛ 3 الموحدون؛ 4 المجتمع؛ 5 الاقتصاد والتجارة؛ 6 المالكية والمهدوية والتصوف؛ 7 الفن والعمارة؛ 8 خاتمة + خط زمني ومسرد وثبت)؛ بيانات ISBN/DOI كما في صفحة De Gruyter Brill السابقة — تاريخ التحقق 2026-09-23,سجل + مراجعة JAH,خط زمني; خريطة; مقال موسوعي,,,v1.0,"v1.1: url_record, verification_level",2026-09-23,B-25
LIB-BK-026,كتاب حديث,The Nasrid Kingdom of Granada between East and West (Thirteenth to Fifteenth Centuries),مملكة غرناطة النصرية بين الشرق والغرب (القرن 13–15),Adela Fábregas (محررة)؛ ترجمة Consuelo López-Morillas,"Brill (Handbook of Oriental Studies, Section 1, vol. 148)",2020 (Open Library)؛ 2021 (سجل ستانفورد),مجلد واحد، xiv+673 ص، رسوم وخريطة,9789004442344 (مجلد)؛ 9789004443594 (إلكتروني),,,كتاب,إنجليزية,إنجليزية,غرناطة النصرية; السقوط والموريسكيون,سياسة; مؤسسات/قضاء/إدارة; مجتمع; اقتصاد وتجارة; مدن وعمران; آثار; عمارة وفنون; تأريخ ونقد مصادر,مملكة غرناطة,الدليل المرجعي الأحدث والأشمل لغرناطة النصرية في ستة أقسام: المؤسسات، الاقتصاد والمجتمع، المجال والثقافة المادية، الفكر والفن، الإدماج في قشتالة، المصادر. يجيب عن: كيف عاشت غرناطة وتفاعلت مع قشتالة والمغرب؟,متقدم,A,دليل Brill محكّم بأقلام فريق غرناطة؛ الحد: سعره مرتفع.,https://searchworks.stanford.edu/view/13803283,,شراء/اشتراك مؤسسي,غير متحقق (محمي بحقوق النشر),اطلاع على الفهرس/المقدمة/وصف الناشر,فتحت سجل SearchWorks بجامعة ستانفورد (المحررة، المترجمة، السلسلة، الصفحات، ISBN، الأقسام الستة)؛ صفحة Brill أعادت 403 — تاريخ التحقق 2026-09-23 || v1.1: فتحت سجل Open Library لـ ISBN 9789004442344: Brill، 2020، 673 ص؛ الأرجح صدوره أواخر 2020 بتاريخ حقوق 2021 — تاريخ التحقق 2026-09-23,وصف السجل لأقسام الكتاب,خريطة; مقال موسوعي; خط زمني; صورة,هذا هو «رفيق غرناطة الإسلامية» المشار إليه في التكليف؛ عنوانه الصحيح كما أعلاه.,,v1.0,v1.1: year,2026-09-23,B-26
LIB-BK-027,كتاب حديث,"Islamic Spain, 1250 to 1500",إسبانيا الإسلامية 1250–1500,L. P. Harvey,University of Chicago Press,1990 (مجلد)؛ صفحة الناشر تذكر 1992 للطبعة المتاحة,مجلد واحد، 386 ص,0226319628 / 9780226319629؛ 9780226227740 (بحسب صفحة الناشر),,,كتاب,إنجليزية,إنجليزية,الممالك المتأخرة; غرناطة النصرية; السقوط والموريسكيون,سياسة; الأديان والجماعات; مؤسسات/قضاء/إدارة; مجتمع,غرناطة وقشتالة وأراغون وبلنسية ونافارا,يجمع تاريخ غرناطة النصرية مع المدجنين في الممالك المسيحية حتى 1500. يجيب عن: كيف عاش المسلمون تحت الحكم النصري والمسيحي معًا؟,متقدم,A,مرجع كلاسيكي راسخ؛ الحد: يسبق الأبحاث الأثرية والأرشيفية الأحدث عن غرناطة.,https://press.uchicago.edu/ucp/books/book/chicago/I/bo3774470.html,https://archive.org/details/islamicspain12500000harv,شراء؛ استعارة رقمية محتملة على أرشيف الإنترنت (لم أفتحها),غير متحقق (محمي بحقوق النشر),اطلاع على الفهرس/المقدمة/وصف الناشر,فتحت صفحة مطبعة جامعة شيكاغو (الوصف وهيكل الفصول 1–19) — تاريخ التحقق 2026-09-23 || v1.1: فتحت سجل Open Library لـ 0226319628: University of Chicago Press، 1992، 370 ص — تاريخ 1992 يوافق صفحة الناشر؛ الطبعة الأولى 1990 غير متحقق منها في صفحة مفتوحة — تاريخ التحقق 2026-09-23,فهرس + وصف ناشر,خط زمني; بطاقة شخصية; مقال موسوعي,"مكمل لـ Harvey, Muslims in Spain 1500–1614 الموجود في القاعدة.",,v1.0,v1.1: isbn_doi,2026-09-23,B-27
LIB-BK-028,كتاب حديث,Las sultanas de la Alhambra: las grandes desconocidas del reino nazarí de Granada (siglos XIII–XV),سلطانات الحمراء: المجهولات الكبيرات في مملكة غرناطة النصرية,Bárbara Boloix Gallardo,Editorial Comares (مع Patronato de la Alhambra y Generalife),2013,مجلد واحد، 312 ص,9788490450451,,,كتاب,إسبانية,إسبانية,غرناطة النصرية,المرأة; سياسة; مجتمع,غرناطة,أول دراسة مخصصة لنساء الأسرة النصرية: أسماؤهن وألقابهن ونفوذهن ودورهن في الخلافة ومساكنهن ومدافنهن. يجيب عن: ما دور المرأة في البلاط النصري؟,متقدم,B,دراسة متخصصة لباحثة بجامعة غرناطة ومراجَعة في MEAH؛ الحد: ضيقة الموضوع وبالإسبانية.,https://www.marcialpons.es/libros/las-sultanas-de-la-alhambra/9788490450451/,,شراء,غير متحقق (محمي بحقوق النشر),اطلاع على الفهرس/المقدمة/وصف الناشر,فتحت صفحة Marcial Pons (الناشر، السنة، الصفحات، ISBN، الوصف) — تاريخ التحقق 2026-09-23,وصف ناشر,بطاقة شخصية; مقال موسوعي,لم أتحقق من وجود ترجمة إنجليزية أو عربية.,,v1.0,,2026-09-23,B-28
LIB-BK-029,كتاب حديث,The Expulsion of the Moriscos from Spain: A Mediterranean Diaspora,طرد الموريسكيين من إسبانيا: شتات متوسطي,Mercedes García-Arenal؛ Gerard Wiegers (محرران),Brill (The Medieval and Early Modern Iberian World 56),2014,مجلد واحد، نحو 492–504 ص,9789004259201 (مجلد، 492 ص)؛ 9789004279353 (إلكتروني، 504 ص؛ DOI 10.1163/9789004279353 يُحال إلى Brill),,,كتاب,إنجليزية,إنجليزية,السقوط والموريسكيون; الإرث,الأديان والجماعات; سياسة; مجتمع,إسبانيا، المغرب، تونس، الجزائر، الدولة العثمانية، أوروبا,قرار الطرد (1609–1614) وسياقه الأوروبي والمتوسطي، ثم مصائر المطرودين واستقرارهم في شمال أفريقيا وغيرها. يجيب عن: لماذا طُرد الموريسكيون وأين ذهبوا؟,بحثي متخصص,A,عمل جماعي محكّم لأبرز المتخصصين (CSIC وأمستردام)؛ الحد: بحثي متخصص.,https://books.google.de/books/about/The_Expulsion_of_the_Moriscos_from_Spain.html?id=g2LPBAAAQBAJ&redir_esc=y,,شراء/اشتراك مؤسسي,غير متحقق (محمي بحقوق النشر),اطلاع على الفهرس/المقدمة/وصف الناشر,فتحت سجل Google Books (الناشر، السنة، الصفحات، الوصف، المحرران) — تاريخ التحقق 2026-09-23 || v1.1: فتحت سجلي Open Library للرقمين (كلاهما Brill 2014)؛ DOI 10.1163/9789004279353 يُحال فعلاً إلى موقع Brill (403) مما يرجح أنه الرقم الإلكتروني وأن 9789004259201 للمجلد — يُحسم التضارب بأن الرقمين صحيحان لصيغتين — تاريخ التحقق 2026-09-23,وصف ناشر,خريطة; خط زمني; مقال موسوعي; خريطة (الشتات),أساسي لطبقة «الشتات الأندلسي» في الأطلس. [دُمج معه السجل T-33],,v1.0,v1.1: isbn_doi,2026-09-23,B-29
LIB-BK-030,كتاب حديث,"Muslims of Medieval Latin Christendom, c.1050–1614",مسلمو العالم المسيحي اللاتيني الوسيط (نحو 1050–1614),Brian A. Catlos,Cambridge University Press,2014,مجلد واحد,9780521889391 (مجلد)؛ 9780521717908 (ورقي)؛ DOI 10.1017/CBO9780511843518,,,كتاب,إنجليزية,إنجليزية,الممالك المتأخرة; السقوط والموريسكيون,الأديان والجماعات; مؤسسات/قضاء/إدارة; مجتمع; اقتصاد وتجارة,إيبيريا المسيحية، صقلية وإيطاليا، المشرق اللاتيني,تركيب مقارن شامل للمدجنين والأقليات المسلمة تحت الحكم المسيحي حتى الطرد، مع فصول عن القانون والإدارة والحياة الاقتصادية. يجيب عن: كيف عاش المسلمون تحت الحكم المسيحي ولماذا استمروا قرونًا؟,متقدم,A,مرجع أكاديمي حديث واسع؛ الحد: يطرح أطروحة «البراغماتية» (conveniencia) التي يُناقَش مداها.,https://www.cambridge.org/core/books/muslims-of-medieval-latin-christendom-c10501614/978EC9F0507783997CBAD0A9CDC88D4A,,شراء/اشتراك مؤسسي (Cambridge Core),غير متحقق (محمي بحقوق النشر),اطلاع على الفهرس/المقدمة/وصف الناشر,فتحت صفحة Cambridge Core (الفهرس الكامل، الوصف، ISBN، DOI) — تاريخ التحقق 2026-09-23,فهرس + وصف ناشر,مقال موسوعي; خريطة,,,v1.0,,2026-09-23,B-30
LIB-BK-031,كتاب حديث,Kingdoms of Faith: A New History of Islamic Spain,ممالك الإيمان: تاريخ جديد لإسبانيا الإسلامية,Brian A. Catlos,Basic Books، نيويورك,2018,مجلد واحد، xi+482 ص,ISBN 0465055877 / 9780465055876,,,كتاب,إنجليزية,إنجليزية,شامل,سياسة; الأديان والجماعات; مجتمع,شبه الجزيرة الإيبيرية,سرد حديث متصل لكامل التاريخ الإسلامي في إيبيريا لقارئ عام متعلم، يرفض ثنائية «الجنة/الأسطورة» ويفسر الأحداث بالمصالح البراغماتية. يجيب عن: ما قصة الأندلس كاملة بلغة حديثة؟,متوسط,B,لمؤرخ متخصص ومراجَع في The Historian وHistory Today؛ الحد: موجه لجمهور واسع، وحواشيه أخف من المراجع الأكاديمية.,https://books.google.com/books/about/Kingdoms_of_Faith.html?id=xKBfDwAAQBAJ,,شراء,غير متحقق (محمي بحقوق النشر),سجل ببليوغرافي فقط,البيانات (الناشر، السنة، الصفحات) من عناوين مراجعات The Historian وAcademia.edu في نتائج البحث؛ صفحة History Today أعادت 403 — تاريخ التحقق 2026-09-23 || v1.1: فتحت سجل Open Library لـ 9780465055876: Kingdoms of Faith، 2018، 482 ص — تاريخ التحقق 2026-09-23,سجل ببليوغرافي,مقال موسوعي; درس; خط زمني,بديل حديث أفضل لـ Fletcher للقارئ العام.,,v1.0,v1.1: isbn_doi,2026-09-23,B-31
LIB-BK-032,كتاب حديث,Christians in Al-Andalus 711–1000,المسيحيون في الأندلس 711–1000,Ann Rosemary Christys,Curzon ثم Routledge (Culture and Civilization in the Middle East),2002,مجلد واحد,9780415616386 (ورقي)؛ 9780700715640 (مجلد، بحسب Amazon في نتائج البحث),,,كتاب,إنجليزية,إنجليزية,الفتح والولاة; الإمارة; الخلافة,الأديان والجماعات; تأريخ ونقد مصادر,الأندلس، قرطبة,يعيد بناء تاريخ المسيحيين (المستعربين) عبر الحوليات اللاتينية وأخبار «شهداء قرطبة» وسرديات المؤرخين المسلمين. يجيب عن: ماذا حدث للمسيحيين بعد الفتح وكيف تعرّبوا؟,بحثي متخصص,B,دراسة محكمة متخصصة؛ الحد: ضيقة زمنيًا وموضوعيًا.,https://www.routledge.com/Christians-in-Al-Andalus-711-1000/Christys/p/book/9780415616386,,شراء,غير متحقق (محمي بحقوق النشر),اطلاع على الفهرس/المقدمة/وصف الناشر,فتحت صفحة Routledge (الوصف والموضوعات والسلسلة) — تاريخ التحقق 2026-09-23,وصف ناشر,مقال موسوعي; بطاقة شخصية (يولوجيوس), [دُمج معه السجل T-19],,v1.0,,2026-09-23,B-32
LIB-BK-033,كتاب حديث,Islamic and Christian Spain in the Early Middle Ages,إسبانيا الإسلامية والمسيحية في العصور الوسطى المبكرة,Thomas F. Glick,Princeton University Press (1979)؛ الطبعة الثانية المنقحة: Brill (The Medieval and Early Modern Iberian World 27),1979؛ 2005 (ط2),ط2: 402 ص,9789004147713 (ط2)؛ 0691052743 (ط1),,,كتاب,إنجليزية,إنجليزية,الإمارة; الخلافة; الفتنة والطوائف; المرابطون; الموحدون,زراعة وتقنيات; مدن وعمران; اقتصاد وتجارة; علوم وطب وفلك; مجتمع; الأديان والجماعات,شبه الجزيرة الإيبيرية,مقارنة بنيوية بين المجتمعين الإسلامي والمسيحي 711–1250: الزراعة والري والاستيطان والتمدن والتجارة والتقنية والعلوم وانتقالها. يجيب عن: كيف انتقلت التقنيات والأفكار من الأندلس إلى إسبانيا المسيحية؟,متقدم,B,عمل مؤثر لمؤرخ العلوم والري؛ الحد: بعض أطروحات الانتشار (diffusion) موضع نقاش.,https://books.google.com/books/about/Islamic_And_Christian_Spain_in_the_Early.html?id=cWqmebvcjj0C,https://archive.org/details/islamicchristian00glic,شراء (ط2)؛ استعارة رقمية للطبعة الأولى (أرشيف الإنترنت),غير متحقق (محمي بحقوق النشر),اطلاع على الفهرس/المقدمة/وصف الناشر,فتحت سجل Google Books للطبعة الثانية (الوصف والمحاور) وسجل أرشيف الإنترنت للأولى — تاريخ التحقق 2026-09-23,وصف ناشر,مقال موسوعي; درس,الطبعة الأولى متاحة للاستعارة؛ يُفضّل الثانية.,,v1.0,,2026-09-23,B-33
LIB-BK-034,كتاب حديث,Al-Andalus 711–1492: une histoire de l'Espagne musulmane,الأندلس 711–1492: تاريخ لإسبانيا الإسلامية,Pierre Guichard,Hachette (Pluriel),2000/2001 (ط1)؛ 2011 (Pluriel),مجلد واحد، 272 ص,2818501911 (طبعة Pluriel 2011 بحسب fnac),,,كتاب,فرنسية,فرنسية,شامل,سياسة; مجتمع; الأديان والجماعات; عمارة وفنون,الأندلس,موجز رصين لكامل التاريخ الأندلسي من أحد مؤسسي التأريخ الاجتماعي الحديث للأندلس (أطروحة «البنى القبلية الشرقية»). يجيب عن: ما الصورة التركيبية لسبعة قرون دون رومانسية؟,تمهيدي,B,تركيب موجز لمؤرخ مرجعي؛ الحد: قصير وبالفرنسية.,https://www.fnac.com/a4242012/Pierre-Guichard-Al-Andalus,,شراء,غير متحقق (محمي بحقوق النشر),اطلاع على الفهرس/المقدمة/وصف الناشر,فتحت صفحة fnac (الناشر، السلسلة، السنة، الصفحات، ISBN، الوصف)؛ سنة الطبعة الأولى من ويكيبيديا — تاريخ التحقق 2026-09-23,وصف ناشر,درس; مقال موسوعي,أطروحته الكبرى Structures sociales «orientales» et «occidentales» (1977) مدرجة في قائمة التحقق الناقص.,,v1.0,,2026-09-23,B-34
LIB-BK-035,كتاب حديث,Las ciencias de los antiguos en al-Andalus,علوم الأوائل في الأندلس,Julio Samsó,ط1: Editorial MAPFRE، مدريد 1992؛ ط2: Fundación Ibn Tufayl de Estudios Árabes، ألمرية 2011 (لم أفتح صفحة الناشر),2011 (ط2 موسعة)؛ ط1 1992,ط1: 501 ص,ط1: ISBN 8471003015؛ ط2: لم أتحقق,,,كتاب,إسبانية,إسبانية,شامل,علوم وطب وفلك; فلسفة وفقه,الأندلس,المرجع التركيبي الأساسي لتاريخ العلوم الدقيقة (الفلك، الرياضيات، التنجيم، الأدوات) في الأندلس لأبرز مؤرخيها (مدرسة برشلونة). يجيب عن: ما المنجزات العلمية الفعلية للأندلس وكيف انتقلت؟,متقدم,A,مرجع علمي تخصصي معتمد؛ الحد: بالإسبانية وتقني، ولم أتحقق من فهرسه.,https://wellcomecollection.org/works/thm723dk,,لم أتحقق,غير متحقق (محمي بحقوق النشر),سجل ببليوغرافي فقط,تحققت من العنوان والناشر وسنة 2011 من ويكيبيديا الإسبانية للمؤلف فقط — تاريخ التحقق 2026-09-23 || v1.1: فتحت سجل Wellcome Collection: Madrid: Editorial MAPFRE، 1992، 501 ص، ISBN 8471003015. ملاحظة: نطاق ibntufayl.org يُحوَّل الآن إلى موقع مقامرة — لا يُستخدم — تاريخ التحقق 2026-09-23,سجل ببليوغرافي,مقال موسوعي; بطاقة شخصية; بطاقة شخصية (علماء); خط زمني,يسد فجوة العلوم التي تندر فيها المراجع العربية الحديثة الموثقة؛ يلزم التحقق من فهرس المكتبة الوطنية الإسبانية. [دُمج معه السجل T-08؛ روابط إضافية: https://wellcomecollection.org/works/thm723dk],,v1.0,"v1.1: year, publisher, isbn_doi, edition_volumes, url_record",2026-09-23,B-35
LIB-BK-036,كتاب حديث,Moorish Spain,إسبانيا المغاربية,Richard Fletcher,University of California Press,1992 (ط1)؛ 2006 (ط2),ط2: 206 ص,9780520248403 (ط2),,,كتاب,إنجليزية,إنجليزية,شامل,سياسة; الأديان والجماعات,الأندلس,مدخل موجز سهل لكامل التاريخ الأندلسي، معروف بتشككه في صورة «التسامح». يجيب عن: ما الخطوط العريضة للتاريخ الأندلسي في جلسة قراءة واحدة؟,تمهيدي,C,مدخل لمؤرخ وسيط جاد؛ الحد: موجز ويعتمد على المصادر الثانوية، ونبرته متشككة، ولا يُعتمد في التفاصيل.,https://openlibrary.org/books/OL7712224M/Moorish_Spain,https://archive.org/details/moorishspain00rich,شراء؛ استعارة رقمية محتملة (لم أفتحها),غير متحقق (محمي بحقوق النشر),سجل ببليوغرافي فقط,فتحت سجل Open Library (ط2، 2006، 206 ص، ISBN) — تاريخ التحقق 2026-09-23,سجل ببليوغرافي,درس,,,v1.0,,2026-09-23,B-36
LIB-BK-037,كتاب حديث,"The Ornament of the World: How Muslims, Jews, and Christians Created a Culture of Tolerance in Medieval Spain",زينة العالم: كيف صنع المسلمون واليهود والمسيحيون ثقافة تسامح في إسبانيا الوسيطة,María Rosa Menocal؛ تقديم Harold Bloom,"Little, Brown",2002,مجلد واحد، xvi+330 ص,لم أتحقق,,,كتاب,إنجليزية,إنجليزية,شامل,الأديان والجماعات; أدب وشعر; عمارة وفنون; الإرث,الأندلس وإسبانيا المسيحية,أشهر عرض شعبي لأطروحة «التعايش» (convivencia) الثقافي؛ مفيد لفهم الخطاب العام عن الأندلس وصورتها في الذاكرة الحديثة. يجيب عن: كيف تُقدَّم الأندلس نموذجًا للتسامح في الثقافة العامة؟,تمهيدي,C,كتاب شعبي واسع الانتشار (ترجم إلى 11 لغة) لأكاديمية في الأدب؛ الحد: انتقائي ومثالي — انتقده Kenneth Baxter Wolf لاقتلاع لحظات «العصر الذهبي» من سياقها وإساءة قراءة عبارة هروسفيتا، ولا يُعتمد في القضايا الخلافية.,https://en.wikipedia.org/wiki/Mar%C3%ADa_Rosa_Menocal,,شراء,غير متحقق (محمي بحقوق النشر),سجل ببليوغرافي فقط,البيانات من عنوان مراجعة (ResearchGate) في نتائج البحث وويكيبيديا المؤلفة؛ فتحت نقد Wolf على Academia.edu — تاريخ التحقق 2026-09-23,عنوان ومراجعات,درس (نقاش الذاكرة والإرث),يُعرض في الموسوعة بوصفه ممثلًا لاتجاه تفسيري، مقابل Fernández-Morera، مع ترجيح المراجع الأكاديمية (Catlos، Fierro).,,v1.0,,2026-09-23,B-37
LIB-BK-038,كتاب حديث,"The Myth of the Andalusian Paradise: Muslims, Christians, and Jews under Islamic Rule in Medieval Spain",أسطورة الفردوس الأندلسي: المسلمون والمسيحيون واليهود تحت الحكم الإسلامي في إسبانيا الوسيطة,Darío Fernández-Morera,ISI Books (Intercollegiate Studies Institute),2016,مجلد واحد,978-1610170956 (بحسب ويكيبيديا),,,كتاب,إنجليزية,إنجليزية,شامل,الأديان والجماعات; تأريخ ونقد مصادر; الإرث,الأندلس,يمثل الاتجاه الجدلي المضاد لسردية التعايش؛ مفيد فقط لفهم الاستقطاب المعاصر حول الأندلس. يجيب عن: ما حجج ناقدي صورة «التسامح» وما حدودها؟,متوسط,C,عمل جدلي متنازع عليه: انتقده متخصصون (S.J. Pearce: لا يقرأ المصادر العربية بلغتها، ينتقي الأدلة، ويحارب «رجل قش»؛ Maribel Fierro: يفتقر إلى المعرفة المباشرة ويسيء تأويل المصادر)، مع مراجعة مختلطة (Forte) وأخرى إيجابية (Ferreiro). لا يُعتمد مرجعًا للوقائع.,https://en.wikipedia.org/wiki/The_Myth_of_the_Andalusian_Paradise,,شراء,غير متحقق (محمي بحقوق النشر),سجل ببليوغرافي فقط,فتحت ويكيبيديا (الناشر، السنة، ISBN، ملخص الاستقبال) ومراجعة S.J. Pearce على مدونة NYU ومسودة فصلها «The Myth of the Myth» (Yale Iberian Connections) — تاريخ التحقق 2026-09-23,مراجعات,درس (نقاش الإرث والخطاب المعاصر فقط),التقييم C هنا لأغراض دراسة الجدل فقط؛ ملاحظة: ملخص آلي لمراجعة Pearce نسب الكتاب إلى Yale UP خطأً — الناشر الصحيح ISI Books.,,v1.0,,2026-09-23,B-38
LIB-BK-039,كتاب حديث,"Trade and Traders in Muslim Spain: The Commercial Realignment of the Iberian Peninsula, 900–1500",التجارة والتجار في إسبانيا الإسلامية: إعادة توجيه تجارة شبه الجزيرة الإيبيرية 900–1500,Olivia Remie Constable,"Cambridge University Press (Cambridge Studies in Medieval Life and Thought, 4th ser., 24)",1994 (مجلد)؛ 1996 (ورقي),طبعة واحدة؛ xxiv+320 ص,ISBN 0521430755 (مجلد 1994)؛ 9780521565035 (ورقي),,,كتاب,إنجليزية,إنجليزية,الخلافة; الفتنة والطوائف; المرابطون; الموحدون; الممالك المتأخرة; غرناطة النصرية,اقتصاد وتجارة; بحرية وموانئ; الأديان والجماعات,الأندلس؛ المغرب؛ حوض المتوسط,المرجع الأساسي بالإنجليزية لتاريخ تجارة الأندلس: شبكات التجار المسلمين واليهود بين قرطبة والقاهرة، ثم تحوّل شبه الجزيرة نحو الفلك الأوروبي بعد القرن 13. يجيب: كيف اندمج اقتصاد الأندلس في السوق الإسلامية ومتى ولماذا انقلب اتجاهه؟,متقدم,A,دراسة جامعية محكمة مبنية على الجنيزة والوثائق العربية واللاتينية، واسعة الاستشهاد؛ قديمة نسبيًا (1994) فتُستكمل بالأبحاث الأثرية الأحدث,https://www.abebooks.com/9780521565035/Trade-Traders-Muslim-Spain-Commercial-0521565030/plp,,شراء/استعارة,غير متحقق,اطلاع على الفهرس/المقدمة/وصف الناشر,فتحت صفحة AbeBooks (وصف الناشر وISBN الطبعة الورقية)، وتحققت من سنة 1994 والترقيم من عناوين مراجعات Cambridge Core/Annales — تاريخ التحقق 2026-09-23 || v1.1: فتحت سجل Open Library لـ ISBN 0521430755: CUP 1994، 320 ص، Cambridge Studies in Medieval Life and Thought 4th ser. 24؛ وبحث Cambridge Core أظهر مراجعات Annales 2000 وJEH 55.4 (1995) وBusiness History Review 69.1 (1995، ISBN 0-521-43075-5) — تاريخ التحقق 2026-09-23,وصف ناشر,مقال موسوعي; خريطة (طرق التجارة); درس,"تُرجمت إلى الإسبانية (Comercio y comerciantes en la España musulmana, 1997) — لم أتحقق من بيانات الترجمة",,v1.0,v1.1: isbn_doi,2026-09-23,T-01
LIB-BK-040,كتاب حديث,El zoco medieval: contribución al estudio de la historia del mercado,السوق في العصر الوسيط: مساهمة في دراسة تاريخ السوق (والحسبة),Pedro Chalmeta,Fundación Ibn Tufayl de Estudios Árabes / Fundación Cajamar (Colección Estudios Andalusíes، المجلد 3),2010,939 ص (حسب مراجعة Islamic Law and Society),ISBN 978-84-936751-3-4 (من عنوان مراجعة Brill/Islamic Law and Society),,,كتاب,إسبانية,إسبانية,شامل,اقتصاد وتجارة; مؤسسات/قضاء/إدارة; مدن وعمران,الأندلس؛ المشرق؛ الممالك المسيحية المجاورة,أوسع دراسة لمؤسسة السوق وصاحب السوق/المحتسب وتطورها حتى الأندلس وانتقالها إلى الممالك المسيحية (almotacén). يجيب: كيف نُظّم السوق والرقابة عليه في المدينة الأندلسية؟,بحثي متخصص,A,عمل مرجعي لمتخصص بارز، يستند إلى كتب الحسبة والمصادر؛ ضخم وبالإسبانية ويحتاج خلفية,,,شراء,غير متحقق,اطلاع على الفهرس/المقدمة/وصف الناشر,فتحت صفحة مؤسسة ابن طفيل (الناشر) لوصف الكتاب؛ عدد الصفحات وISBN من عناوين مراجعتين علميتين — تاريخ التحقق 2026-09-23 || v1.1: فتحت https://www.ibntufayl.org/ فأعاد تحويلاً 302 إلى bonus.apksidaktoto.net (نطاق مختطف)؛ لم أتبعه — تاريخ التحقق 2026-09-23,وصف ناشر,مقال موسوعي; درس; بطاقة مفهوم (الحسبة),يُعدّ امتدادًا موسّعًا لأطروحة المؤلف El señor del zoco en España (1973) — لم أتحقق. تحذير: رابط الناشر السابق على ibntufayl.org يُحوَّل الآن (302) إلى نطاق مقامرة؛ أُزيل.,,v1.0,v1.1: notes; أُزيل رابط ibntufayl.org,2026-09-23,T-02
LIB-BK-041,كتاب حديث,Histoire et société en Occident musulman au Moyen Âge: analyse du Miʿyār d'al-Wanšarīsī,التاريخ والمجتمع في الغرب الإسلامي في العصر الوسيط: تحليل «المعيار» للونشريسي,Vincent Lagardère,Casa de Velázquez، مدريد (Collection de la Casa de Velázquez، 53),1995,536 ص؛ تقديم M. Marín وP. Guichard؛ ملحق ببليوغرافي M. Meouak,ISBN 8486839610 / 978-84-86839-61-1,,,كتاب,فرنسية,فرنسية,شامل,مؤسسات/قضاء/إدارة; فلسفة وفقه; اقتصاد وتجارة; مجتمع; زراعة وتقنيات,الأندلس؛ المغرب,تحليل وتلخيص منظم لآلاف الفتاوى في «المعيار المعرب» مصنفة موضوعيًا (ملكية، ري، تجارة، أسرة، أهل ذمة). أداة وصول ممتازة لتاريخ اجتماعي واقتصادي قائم على النوازل.,بحثي متخصص,A,ملخصات علمية لمصدر أساسي؛ يجب الرجوع إلى نص المعيار عند الاستشهاد الدقيق,https://openlibrary.org/isbn/8486839610,,شراء؛ نسخة إلكترونية (Kindle) مذكورة في Amazon.fr,غير متحقق,اطلاع على الفهرس/المقدمة/وصف الناشر,فتحت صفحة leslibraires.fr (وصف وISBN وعدد الصفحات)؛ سنة 1995 لم تُحسم — تاريخ التحقق 2026-09-23 || v1.1: فتحت سجل Open Library لـ ISBN 8486839610: Casa de Velázquez 1995، 536 ص، السلسلة 53، التقديم والملحق — يحسم السنة 1995 (2002 تاريخ إعادة طبع/بيع) — تاريخ التحقق 2026-09-23,وصف ناشر,مقال موسوعي; درس (الحياة اليومية عبر الفتاوى),تقديم M. Marín وP. Guichard حسب سجل مكتبة معهد العالم العربي في نتائج البحث (لم أفتحه),,v1.0,"v1.1: year, publisher, isbn_doi, edition_volumes, url_record",2026-09-23,T-03
LIB-BK-042,كتاب حديث,"Campagnes et paysans d'al-Andalus, VIIIe–XVe s.",الأرياف والفلاحون في الأندلس من القرن 8 إلى 15,Vincent Lagardère,Maisonneuve et Larose (سلسلة Islam-Occident، 9),1993,لم أتحقق,لم أتحقق,,,كتاب,فرنسية,فرنسية,شامل,زراعة وتقنيات; اقتصاد وتجارة; مجتمع,الأندلس,دراسة للاقتصاد الريفي والملكية العقارية والعقود الزراعية اعتمادًا على كتب الفلاحة والنوازل. تسد فجوة التاريخ الريفي.,بحثي متخصص,B,متخصص قيّم لكن لم أطلع على فهرسه؛ بالفرنسية,https://www.persee.fr/doc/ccmed_0007-9731_1995_sup_38_152_2632_t1_0049_0000_4,,شراء/استعارة (نادر),غير متحقق,سجل ببليوغرافي فقط,البيانات من عنوان مراجعة Cahiers de civilisation médiévale في Persée كما ظهر في نتائج البحث؛ تعذّر فتح الصفحة (robots) — تاريخ التحقق 2026-09-23,سجل ببليوغرافي,مقال موسوعي,وصف المحتوى تقريبي بحسب العنوان — يحتاج اطلاعًا على الفهرس,,v1.0,,2026-09-23,T-04
LIB-BK-043,كتاب حديث,Sea of the Caliphs: The Mediterranean in the Medieval Islamic World,بحر الخلفاء: المتوسط في العالم الإسلامي الوسيط,Christophe Picard; ترجمة Nicholas Elliott,Belknap Press of Harvard University Press,2018,416 ص؛ 8 خرائط,ISBN 9780674660465,,,كتاب,إنجليزية (مترجم عن الفرنسية),إنجليزية,شامل,بحرية وموانئ; اقتصاد وتجارة; عسكري; سياسة,المتوسط؛ الأندلس؛ المغرب؛ صقلية,كيف تصوّر الخلفاء والفقهاء والتجار البحر (جهادًا وتجارة) وكيف بنوا قوتهم البحرية حتى القرن 13؛ يضع أساطيل الأندلس في إطار متوسطي.,متقدم,A,لمؤرخ فرنسي متخصص في البحرية الإسلامية؛ ترجمة لكتاب La mer des califes (Seuil 2015 — لم أتحقق),https://www.hup.harvard.edu/catalog.php?isbn=9780674660465,,شراء,غير متحقق,اطلاع على الفهرس/المقدمة/وصف الناشر,فتحت صفحة Harvard University Press (وصف، صفحات، ISBN) — تاريخ التحقق 2026-09-23,وصف ناشر,خريطة (قواعد بحرية وطرق)؛ مقال موسوعي; خط زمني,,,v1.0,,2026-09-23,T-05
LIB-BK-044,كتاب حديث,La mer et les musulmans d'Occident au Moyen Âge (VIIIe–XIIIe siècle),البحر ومسلمو الغرب في العصر الوسيط (ق8–13),Christophe Picard,Presses Universitaires de France,1997,لم أتحقق,ISBN 9782130488101 (من رابط Cairn),,,كتاب,فرنسية,فرنسية,الإمارة; الخلافة; الفتنة والطوائف; المرابطون; الموحدون,بحرية وموانئ; اقتصاد وتجارة; عسكري,الأندلس؛ المغرب الأقصى,مدخل مركّز على الغرب الإسلامي تحديدًا: الأساطيل، الموانئ، البحارة والطواقم، التجارة البحرية.,متوسط,B,موجز جامعي لمتخصص؛ أقدم وأقصر من Sea of the Caliphs,https://shs.cairn.info/la-mer-et-les-musulmans--9782130488101?lang=fr,https://shs.cairn.info/la-mer-et-les-musulmans--9782130488101?lang=fr,اشتراك (Cairn),غير متحقق,اطلاع على الفهرس/المقدمة/وصف الناشر,عناوين فصول ظهرت في نتائج البحث من Cairn (Le Maghreb occidental du VIIIe au Xe siècle؛ Marins et équipages؛ Le commerce maritime)؛ تعذّر فتح الصفحة — تاريخ التحقق 2026-09-23,فهرس (جزئي),مقال موسوعي; خريطة,السنة 1997 من صيغة البحث ولم أرها على صفحة مفتوحة — لم أتحقق,,v1.0,,2026-09-23,T-06
LIB-BK-045,كتاب حديث,تاريخ البحرية الإسلامية في المغرب والأندلس,تاريخ البحرية الإسلامية في المغرب والأندلس,السيد عبد العزيز سالم؛ أحمد مختار العبادي,دار النهضة العربية للطباعة والنشر، بيروت,1969,الطبعة الأولى,لم أتحقق,,,كتاب,عربية,عربية,شامل,بحرية وموانئ; عسكري; اقتصاد وتجارة,الأندلس؛ المغرب,الدراسة العربية الكلاسيكية في البحرية الأندلسية والمغربية: دور الصناعة والأساطيل والمعارك البحرية. مفيد للقارئ العربي ومعدّ المحتوى.,متوسط,B,لمؤرخَين أكاديميين معروفين؛ قديم (1969) ويحتاج استكماله ببيكار,https://archive.org/details/TarikhBa7riya,https://archive.org/details/TarikhBa7riya,نص كامل (رفع مستخدم على Internet Archive),غير متحقق,فحص أجزاء من المحتوى,فتحت صفحة Internet Archive: بيانات الطبعة الأولى 1969 دار النهضة العربية؛ الرفع من مستخدم ولا ترخيص معلن — تاريخ التحقق 2026-09-23 || v1.1: فتحت https://archive.org/metadata/TarikhBa7riya/metadata: المؤلفان السيد عبد العزيز سالم وأحمد مختار العبادي، الناشر دار النهضة العربية للطباعة والنشر - بيروت، 1969 (بيانات رفع غير رسمي على أرشيف الإنترنت — دليل ببليوغرافي فقط)؛ يؤكد البيانات القائمة. تاريخ التحقق 2026-09-23,محتوى/صفحة العنوان,مقال موسوعي; خط زمني (معارك بحرية),حقوق الرفع غير واضحة — يُستشهد بالطبعة الورقية ولا يعاد نشر النسخة,,v1.0,v1.1: publisher,2026-09-23,T-07
LIB-BK-046,كتاب حديث,On Both Sides of the Strait of Gibraltar: Studies in the History of Medieval Astronomy in the Iberian Peninsula and the Maghrib,على ضفتي مضيق جبل طارق: دراسات في تاريخ الفلك الوسيط في شبه الجزيرة الإيبيرية والمغرب,Julio Samsó,"Brill (Handbook of Oriental Studies, Sec. 1, vol. 144)، لايدن/بوسطن",2020,XXI+1005 ص,9789004436565 (مجلد، بحسب Open Library)؛ 978-90-04-43658-9 (إلكتروني؛ DOI 10.1163/9789004436589),,,كتاب,إنجليزية,إنجليزية,شامل,علوم وطب وفلك; مخطوطات,الأندلس؛ المغرب؛ الممالك المسيحية,خلاصة عقود من البحث: الميقات، التنجيم، الآلات الفلكية، علم الهيئة، ابن الزرقالة، الأزياج. للأسئلة الدقيقة في الفلك الأندلسي.,بحثي متخصص,A,أحدث وأشمل مرجع في الفلك الأندلسي؛ تقني جدًا,https://www.sehepunkte.de/2021/09/35850.html,,شراء,غير متحقق,اطلاع على الفهرس/المقدمة/وصف الناشر,فتحت مراجعة sehepunkte 21 (2021) Nr. 9 التي تعرض البيانات وملخص الفصول السبعة — تاريخ التحقق 2026-09-23 || v1.1: فتحت سجل Open Library لـ 9789004436565 (Brill 2020، 1005 ص) ومراجعة sehepunkte (ISBN 978-90-04-43658-9، XXI+1005، HdO 144)؛ DOI 10.1163/9789004436589 يُحال إلى Brill بينما 10.1163/9789004436565 يعيد 404، فالرقم الثاني إلكتروني — الرقمان صحيحان لصيغتين — تاريخ التحقق 2026-09-23,فهرس عبر مراجعة,بطاقة شخصية (الزرقالي); مقال موسوعي,تضارب في ISBN بين المراجعة وأمازون (قد يكون لنسخة إلكترونية/مجلد) — يُحسم من صفحة Brill,,v1.0,v1.1: isbn_doi,2026-09-23,T-09
LIB-BK-047,كتاب حديث,Lo que Europa debe al Islam de España,ما تدين به أوروبا لإسلام إسبانيا,Juan Vernet,El Acantilado، برشلونة (ط1 1999)؛ Acantilado Bolsillo (2006),1999؛ 2006,562 ص (طبعة الجيب),ISBN 9788496489479 (2006),,,كتاب,إسبانية,إسبانية,شامل; الإرث,علوم وطب وفلك; فلسفة وفقه; الإرث; لغة,الأندلس؛ أوروبا,عرض كلاسيكي لانتقال العلوم (رياضيات، فلك، طب، نبات، فلسفة) من الأندلس وطليطلة إلى أوروبا. مفيد لمحور «الإرث العلمي».,متوسط,B,لعميد تاريخ العلوم العربية في إسبانيا؛ تُراعى مسألة المبالغة في نسبة المنجزات بمقارنته بسامسو والدراسات الأحدث,https://www.iberlibro.com/9788496489479/Europa-debe-islam-Espa%C3%B1a-Acantilado-8496489477/plp,,شراء,غير متحقق,اطلاع على الفهرس/المقدمة/وصف الناشر,فتحت صفحة IberLibro (وصف وطبعة 2006 وإشارة لطبعة 1999)؛ تعذّر فتح صفحة الناشر (إعادة توجيه) — تاريخ التحقق 2026-09-23,وصف ناشر/بائع,مقال موسوعي; درس; خط زمني (الترجمة),أصل مبكر: La cultura hispanoárabe en Oriente y Occidente (Ariel 1978) — لم أتحقق,,v1.0,,2026-09-23,T-10
LIB-BK-048,كتاب حديث,Andalus and Sefarad: On Philosophy and Its History in Islamic Spain,الأندلس وسفاراد: في الفلسفة وتاريخها في إسبانيا الإسلامية,Sarah Stroumsa,"Princeton University Press (Jews, Christians, and Muslims from the Ancient to the Modern World)",2019,248 ص (xxi+220),ISBN 9780691176437,,,كتاب,إنجليزية,إنجليزية,شامل,فلسفة وفقه; الأديان والجماعات,الأندلس,يعالج الفلسفة الأندلسية الإسلامية واليهودية كتقليد واحد مشترك (ابن مسرة، ابن باجة، ابن طفيل، ابن رشد، ابن ميمون...) وتأثير السياسة المحلية فيها.,متقدم,A,أحدث دراسة جامعة في الموضوع لمتخصصة بارزة؛ مراجعات في IJMES وBSOAS وJNES,https://press.princeton.edu/books/hardcover/9780691176437/andalus-and-sefarad,,شراء,غير متحقق,اطلاع على الفهرس/المقدمة/وصف الناشر,فتحت صفحة Princeton University Press (الوصف والبيانات) — تاريخ التحقق 2026-09-23,وصف ناشر,بطاقة شخصية (فلاسفة); مقال موسوعي,,,v1.0,,2026-09-23,T-11
LIB-BK-049,كتاب حديث,Ibn Rushd (Averroes),ابن رشد,Dominique Urvoy; ترجمة Olivia Stewart,Routledge (ط1 1991؛ إعادة إصدار Routledge Library Editions),1991,163 ص,ISBN 9781138947382 (إعادة الإصدار),,,كتاب,إنجليزية (مترجم عن الفرنسية),إنجليزية,الموحدون,فلسفة وفقه; علوم وطب وفلك,الأندلس؛ المغرب,يضع ابن رشد في سياق الأندلس والحركة الموحدية ويعرض مشروعه العلمي والفقهي والفلسفي واستقباله عند المسلمين واليهود واللاتين.,متوسط,B,مقدمة علمية موجزة لمتخصص؛ تُستكمل بدراسات أحدث,https://www.routledge.com/Ibn-Rushd-Averroes/Urvoy/p/book/9781138947382,,شراء,غير متحقق,اطلاع على الفهرس/المقدمة/وصف الناشر,فتحت صفحة Routledge (الفهرس والوصف) — تاريخ التحقق 2026-09-23,فهرس/وصف ناشر,بطاقة شخصية; مقال موسوعي,,,v1.0,,2026-09-23,T-12
LIB-BK-050,كتاب حديث,ابن رشد: سيرة وفكر — دراسة ونصوص,ابن رشد: سيرة وفكر — دراسة ونصوص,محمد عابد الجابري,مركز دراسات الوحدة العربية، بيروت,ط1 1998 (لم أتحقق)؛ ط7 2020,344 ص (ط7),ISBN 9789953828985 (ط7),,,كتاب,عربية,عربية,الموحدون,فلسفة وفقه; علوم وطب وفلك,الأندلس,سيرة ابن رشد وفكره في الفقه والكلام والفلسفة والطب والسياسة مع نصوص مختارة؛ من أبرز ما كتب بالعربية للقارئ العام المثقف.,متوسط,B,لمفكر بارز ومحقق لأعمال ابن رشد؛ قراءة تتبنى أطروحة فكرية (العقلانية الرشدية) فتُقرأ بوعي بمنظورها,https://www.neelwafurat.com/itempage.aspx?id=lbb76352-36854&search=books,,شراء,غير متحقق,اطلاع على الفهرس/المقدمة/وصف الناشر,فتحت صفحة نيل وفرات (الطبعة 7، 2020، الوصف) — تاريخ التحقق 2026-09-23,وصف بائع,بطاقة شخصية; درس,,,v1.0,,2026-09-23,T-13
LIB-BK-051,كتاب حديث,Irrigation and Society in Medieval Valencia,الري والمجتمع في بلنسية الوسيطة,Thomas F. Glick,Belknap Press of Harvard University Press، كامبريدج (ماساتشوستس),1970,xviii+386 ص,DOI 10.4159/harvard.9780674281806 (من رابط De Gruyter في نتائج البحث),,,كتاب,إنجليزية,إنجليزية,شامل; الممالك المتأخرة,زراعة وتقنيات; مؤسسات/قضاء/إدارة; مجتمع,شرق الأندلس (بلنسية),كلاسيكي في أنظمة الري ومؤسساتها وجذورها الأندلسية واستمرارها بعد الفتح المسيحي (محكمة المياه).,متقدم,A,دراسة مؤسِّسة مستمرة الاستشهاد؛ بعض أطروحاتها نوقشت لاحقًا (Barceló وغيره),https://archive.org/details/irrigationsociet0000glic,https://archive.org/details/irrigationsociet0000glic,استعارة رقمية (Internet Archive)؛ نسخة إلكترونية عبر De Gruyter,غير متحقق,اطلاع على الفهرس/المقدمة/وصف الناشر,فتحت صفحة Internet Archive (بيانات النشر، استعارة مقيدة) — تاريخ التحقق 2026-09-23,سجل + وصف عام,خريطة (قنوات الري); مقال موسوعي; صورة,النسخة الرقمية بها قطع في النص بسبب التجليد,,v1.0,,2026-09-23,T-14
LIB-BK-052,كتاب حديث,"Agricultural Innovation in the Early Islamic World: The Diffusion of Crops and Farming Techniques, 700–1100",الابتكار الزراعي في العالم الإسلامي المبكر: انتشار المحاصيل وتقنيات الزراعة 700–1100,Andrew M. Watson,Cambridge University Press (Cambridge Studies in Islamic Civilization),1983,x+260 ص,ISBN 052124711X,,,كتاب,إنجليزية,إنجليزية,الفتح والولاة; الإمارة; الخلافة,زراعة وتقنيات; اقتصاد وتجارة,العالم الإسلامي ومنه الأندلس,صاحب أطروحة «الثورة الزراعية الإسلامية» (انتشار الأرز وقصب السكر والحمضيات والقطن...). أساس لأي نقاش عن المحاصيل في الأندلس.,متقدم,B,مؤثر جدًا لكنه موضع خلاف؛ يُقرأ مع نقد Decker (T-16) وغيره,https://wellcomecollection.org/works/ujgr5hga,,استعارة/شراء,غير متحقق,سجل ببليوغرافي فقط,فتحت سجل Wellcome Collection (البيانات والسلسلة) — تاريخ التحقق 2026-09-23 || v1.1: فتحت سجل Open Library لـ 052124711X (CUP 1983، x+260 ص، Cambridge Studies in Islamic Civilization) وبحث Cambridge Core (6 مراجعات: JAH 1984، MESA Bulletin 1984، JEH 1987، Annales 1985، JRAS 1984، BSOAS 1985) — لا نسخة إلكترونية على Cambridge Core — تاريخ التحقق 2026-09-23,سجل + مراجعات,مقال موسوعي; خريطة (انتشار المحاصيل),قضية خلافية: يوصى بعرض الأطروحة ونقدها معًا,,v1.0,v1.1: تأكيد دون تغيير,2026-09-23,T-15
LIB-BK-053,كتاب حديث,"Gardens, Landscape, and Vision in the Palaces of Islamic Spain",الحدائق والمشهد الطبيعي والرؤية في قصور إسبانيا الإسلامية,D. Fairchild Ruggles,Pennsylvania State University Press، يونيفرسيتي بارك,2000 (حسب المراجعات؛ صفحة الناشر تذكر 1999),264–296 ص حسب المصدر,ISBN 0-271-01851-8,,,كتاب,إنجليزية,إنجليزية,الخلافة; غرناطة النصرية,عمارة وفنون; زراعة وتقنيات; مدن وعمران,قرطبة (مدينة الزهراء)؛ غرناطة (الحمراء),يقرأ حدائق القصور كتعبير عن الزراعة والسيادة لا مجرد رمز للجنة، من قرطبة إلى الحمراء؛ يربط كتب الفلاحة بالعمارة.,متقدم,A,دراسة حائزة جائزة Eleanor Tufts 2002؛ تركّز على القصور الملكية,https://www.psupress.org/books/titles/0-271-01851-8.html,,شراء,غير متحقق,اطلاع على الفهرس/المقدمة/وصف الناشر,فتحت صفحة Penn State University Press (الوصف) — تاريخ التحقق 2026-09-23,وصف ناشر,صورة; خريطة (مخططات); مقال موسوعي,تضارب طفيف في السنة وعدد الصفحات بين صفحة الناشر والمراجعات,,v1.0,,2026-09-23,T-17
LIB-BK-054,كتاب حديث,The Musical Heritage of Al-Andalus,التراث الموسيقي للأندلس,Dwight F. Reynolds,Routledge (SOAS Studies in Music),2021 (نُشر إلكترونيًا 30/12/2020),xiii+260 ص,ISBN 978-0-367-24314-2 (مجلد)؛ DOI 10.4324/9780429281655,,,كتاب,إنجليزية,إنجليزية,شامل; السقوط والموريسكيون; الإرث,موسيقى; أدب وشعر; الأديان والجماعات,الأندلس؛ المغرب؛ المشرق,أشمل دراسة حديثة لموسيقى الأندلس من 711 إلى الموريسكيين، تفكك الروايات الأسطورية (زرياب، النوبة) بمصادر عربية وعبرية ولاتينية وقشتالية.,متقدم,A,حائز جائزة Premio del Rey 2022 وجائزة AMS للموسيقى المبكرة؛ متاح بالوصول المفتوح على Taylor & Francis,https://www.routledge.com/The-Musical-Heritage-of-Al-Andalus/Reynolds/p/book/9780367653613,https://www.taylorfrancis.com/books/oa-mono/10.4324/9780429281655/musical-heritage-al-andalus-dwight-reynolds,نص كامل مجاني (وصول مفتوح على Taylor & Francis),وصول مفتوح — نوع رخصة CC لم يظهر على الصفحة,اطلاع على الفهرس/المقدمة/وصف الناشر,فتحت صفحة Routledge (الفهرس الأقسام الخمسة) وصفحة Taylor & Francis التي تبيّن أنه وصول مفتوح — تاريخ التحقق 2026-09-23,فهرس/وصف ناشر,مقال موسوعي; مادة صوتية (ربط بتسجيلات); بطاقة شخصية (زرياب),صفحة Routledge لم تذكر الوصول المفتوح بينما صفحة T&F تتيحه؛ نوع الرخصة لم يظهر,,v1.0,,2026-09-23,T-18
LIB-BK-055,كتاب حديث,"Les mozarabes: christianisme, islamisation et arabisation en péninsule Ibérique (IXe–XIIe siècle)",المستعربون: المسيحية والأسلمة والتعريب في شبه الجزيرة الإيبيرية (ق9–12),Cyrille Aillet; تقديم Gabriel Martinez-Gros,Casa de Velázquez (Bibliothèque de la Casa de Velázquez، 45)، مدريد,2010 (ورقي)؛ نسخة رقمية 2018,XXII+418 ص,ISBN 978-84-96820-30-2 (ورقي، حسب مراجعة Speculum)؛ 9788490961995 (رقمي),,,كتاب,فرنسية,فرنسية,الإمارة; الخلافة; الفتنة والطوائف; المرابطون,الأديان والجماعات; لغة; مخطوطات,الأندلس؛ طليطلة,المرجع الأهم في تعريب المسيحيين وأسلمتهم وثقافتهم العربية-المسيحية ثم تهميشهم وهجرتهم شمالًا.,بحثي متخصص,A,حائز جائزة Raoul Duseigneur؛ مبني على المخطوطات العربية المسيحية,https://www.casadevelazquez.org/en/publications/librairie-en-ligne/publication/les-mozarabes-1,https://books.openedition.org/cvz/1497,معاينة/قراءة على OpenEdition Books؛ PDF/EPUB للشراء,غير متحقق,اطلاع على الفهرس/المقدمة/وصف الناشر,فتحت صفحة Casa de Velázquez (الوصف والإتاحة على OpenEdition) — تاريخ التحقق 2026-09-23,وصف ناشر,مقال موسوعي; درس,مستوى الإتاحة على OpenEdition (قراءة HTML حرة أم لا) لم أتحقق منه مباشرة,,v1.0,,2026-09-23,T-20
LIB-BK-056,كتاب حديث,Conversion to Islam in the Medieval Period: An Essay in Quantitative History,التحول إلى الإسلام في العصر الوسيط: مقالة في التاريخ الكمي,Richard W. Bulliet,Harvard University Press,1979,11 فصلاً؛ الفصل 10: Spain,ISBN 9780674170353 (مجلد)؛ 9780674732810 (إلكتروني),,,كتاب,إنجليزية,إنجليزية,الفتح والولاة; الإمارة; الخلافة,الأديان والجماعات; مجتمع,العالم الإسلامي؛ فصل خاص بإسبانيا,يقترح «منحنى» لسرعة الأسلمة بالاعتماد على الأسماء في كتب التراجم؛ الفصل العاشر عن إسبانيا. أساس نقاش: متى صار المسلمون أغلبية في الأندلس؟,متقدم,B,مؤثر لكنه منهجيًا موضع جدل (خاصة للأندلس) — انظر مقال «Behind the Curve: Bulliet and Conversion to Islam in al-Andalus Revisited» في Al-Masāq 24/1 (2012),https://www.fulcrum.org/concern/monographs/hq37vn72q,https://www.fulcrum.org/concern/monographs/hq37vn72q,اشتراك (Fulcrum/ACLS),غير متحقق,اطلاع على الفهرس/المقدمة/وصف الناشر,فتحت صفحة Fulcrum (الفهرس: الفصل 10 Spain؛ وصول مقيد) — تاريخ التحقق 2026-09-23 || v1.1: فتحت صفحة Fulcrum (ACLS Humanities Ebook): الناشر والسنة ورقما ISBN والفهرس الكامل (الفصل العاشر عن إسبانيا) — تاريخ التحقق 2026-09-23,فهرس,مقال موسوعي (قسم الخلاف); درس,قضية خلافية: تُعرض تقديراته مع نقدها,,v1.0,"v1.1: isbn_doi, edition_volumes",2026-09-23,T-21
LIB-BK-057,كتاب حديث,Power in the Portrayal: Representations of Jews and Muslims in Eleventh- and Twelfth-Century Islamic Spain,السلطة في التصوير: تمثّلات اليهود والمسلمين في إسبانيا الإسلامية في القرنين 11 و12,Ross Brann,"Princeton University Press (Jews, Christians, and Muslims from the Ancient to the Modern World)",2002؛ ورقي 2010,208 ص,ISBN 9780691146737 (ورقي 2010),,,كتاب,إنجليزية,إنجليزية,الفتنة والطوائف; المرابطون,الأديان والجماعات; أدب وشعر; تأريخ ونقد مصادر,غرناطة الزيرية وغيرها,كيف صوّرت النصوص العربية والعبرية اليهود والمسلمين (مثل صمويل ويوسف بن النغريلة) بين الاحترام والعداء؛ مفيد لنقاش «التعايش» دون تمجيد أو تشويه.,متقدم,A,دراسة أدبية-تاريخية محكمة؛ تركّز على النخب,https://www.abebooks.com/9780691146737/Power-Portrayal-Representations-Jews-Muslims-069114673X/plp,,شراء,غير متحقق,اطلاع على الفهرس/المقدمة/وصف الناشر,فتحت صفحة AbeBooks (وصف وبيانات طبعة 2010) — تاريخ التحقق 2026-09-23,وصف ناشر,مقال موسوعي; بطاقة شخصية,,,v1.0,,2026-09-23,T-22
LIB-BK-058,كتاب حديث,"Wine, Women, and Death: Medieval Hebrew Poems on the Good Life",الخمر والنساء والموت: قصائد عبرية وسيطة عن الحياة الطيبة,Raymond P. Scheindlin,Jewish Publication Society (1986)؛ Oxford University Press (1999),1986؛ 1999,x+204 ص (1986)؛ 216 ص (1999),ISBN 9780195129878 (OUP 1999),,,كتاب,إنجليزية/عبرية (نصوص وترجمة),إنجليزية,الخلافة; الفتنة والطوائف; المرابطون,أدب وشعر; الأديان والجماعات,الأندلس,مختارات من الشعر العبري الأندلسي الدنيوي مع ترجمة وشرح يبيّن تأثره بالشعر العربي؛ مدخل للحياة الثقافية اليهودية في الأندلس.,متوسط,B,لمتخصص بارز؛ مختارات أدبية لا تاريخًا شاملًا,https://www.abebooks.com/9780195129878/Wine-Women-Death-Medieval-Hebrew-0195129873/plp,,شراء,غير متحقق,اطلاع على الفهرس/المقدمة/وصف الناشر,فتحت صفحة AbeBooks (طبعة OUP 1999 ووصفها)؛ طبعة JPS 1986 من عنوان مراجعة AJS Review — تاريخ التحقق 2026-09-23,وصف ناشر,درس; مقال موسوعي,,,v1.0,,2026-09-23,T-23
LIB-BK-059,كتاب حديث,The Sephardic Frontier: The Reconquista and the Jewish Community in Medieval Iberia,التخوم السفاردية: حروب الاسترداد والجماعة اليهودية في إيبيريا الوسيطة,Jonathan Ray,Cornell University Press (Conjunctions of Religion and Power in the Medieval Past),2006,x+198 ص (حسب عنوان مراجعة AHR),لم أتحقق,,,كتاب,إنجليزية,إنجليزية,الموحدون; الممالك المتأخرة,الأديان والجماعات; مجتمع,الأندلس المفتوحة حديثًا (قشتالة وأراغون),يدرس استقرار اليهود في الأراضي الأندلسية بعد فتحها مسيحيًا في القرن 13؛ يخدم فهم مرحلة التحول بعد سقوط المدن الكبرى.,متقدم,B,حائز جائزة John Nicholas Brown؛ يتناول الجانب المسيحي من التخوم أكثر من الأندلس الإسلامية,https://jonathanrayphd.com/books-3/the-sephardic-frontier/,,شراء,غير متحقق,اطلاع على الفهرس/المقدمة/وصف الناشر,فتحت صفحة المؤلف (الوصف والجوائز) — تاريخ التحقق 2026-09-23,وصف المؤلف,مقال موسوعي,,,v1.0,,2026-09-23,T-24
LIB-BK-060,كتاب حديث,The Almohad Revolution: Politics and Religion in the Islamic West during the Twelfth–Thirteenth Centuries,الثورة الموحدية: السياسة والدين في الغرب الإسلامي في القرنين 12–13,Maribel Fierro,Ashgate Variorum (Variorum Collected Studies Series CS996)، فارنهام/برلنغتون,2012,xiv+342 ص (ترقيم متعدد),ISBN 9781409440536,,,كتاب (مجموعة أبحاث),إنجليزية/إسبانية/فرنسية (أبحاث مجمعة),إنجليزية,المرابطون; الموحدون,سياسة; الأديان والجماعات; فلسفة وفقه; مسكوكات,الأندلس؛ المغرب,أبحاث فييرو في شرعية ابن تومرت، السياسات الفقهية الموحدية، السكة الموحدية، ابن رشد و«بداية المجتهد»، التحول الديني. أساسي لفهم الموحدين.,بحثي متخصص,A,لأبرز متخصصة في التاريخ الديني الأندلسي؛ مقالات منفصلة لا سردًا متصلًا,https://searchworks.stanford.edu/view/9629076,,شراء/استعارة,غير متحقق,اطلاع على الفهرس/المقدمة/وصف الناشر,فتحت سجل SearchWorks (جامعة ستانفورد) بقائمة المحتويات الكاملة — تاريخ التحقق 2026-09-23,فهرس,مقال موسوعي; بطاقة شخصية (ابن تومرت); درس,,,v1.0,,2026-09-23,T-25
LIB-BK-061,كتاب حديث,"Governing the Empire: Provincial Administration in the Almohad Caliphate (1224–1269). Critical Edition, Translation, and Study of Manuscript 4752 of the Ḥasaniyya Library in Rabat Containing 77 Taqādīm",حكم الإمبراطورية: الإدارة الإقليمية في الخلافة الموحدية (1224–1269) — تحقيق وترجمة ودراسة مخطوط الحسنية 4752 (77 ظهير تقديم),Pascal Buresi; Hicham El Aallaoui؛ ترجمة إنجليزية: Travis Bruce,Brill (Studies in the History and Society of the Maghrib، 3 حسب عنوان AbeBooks),2012,xv+538 ص,ISBN 9789004233331,,,كتاب (تحقيق ودراسة),إنجليزية/عربية,إنجليزية,الموحدون,مؤسسات/قضاء/إدارة; مخطوطات; سياسة,الأندلس؛ المغرب,نص وثائقي نادر لتعيينات الولاة والقضاة الموحدين مع دراسة للإدارة والأيديولوجيا؛ يجيب: كيف أُديرت الأقاليم ومنها الأندلس؟,بحثي متخصص,A,تحقيق علمي لمخطوط مع ترجمة ودراسة,https://www.donner.nl/en/products/governing-the-empire-provincial-administration-in-the-almohad-caliphate-1224-1269-9789004233331/,,شراء,غير متحقق,اطلاع على الفهرس/المقدمة/وصف الناشر,فتحت صفحة Donner (وصف الناشر وISBN) — تاريخ التحقق 2026-09-23 || v1.1: فتحت نتائج Cambridge Core: مراجعة Allen Fromherz في Journal of African History 56.2 (2015) ص345–346 تذكر: Brill، ليدن، 2012، xv+538، ISBN 9789004233331؛ ويوافقه سجل Open Library (2012، 538 ص) — تاريخ التحقق 2026-09-23,وصف ناشر,مقال موسوعي; مصدر لوثائق,سنة النشر (2012/2013) غير محسومة,,v1.0,"v1.1: year, responsibility, edition_volumes",2026-09-23,T-26
LIB-BK-062,كتاب حديث,Gerichtspraxis im Stadtstaat Córdoba: Zum Recht der Gesellschaft in einer mālikitisch-islamischen Rechtstradition des 5./11. Jahrhunderts,الممارسة القضائية في دولة-مدينة قرطبة: قانون المجتمع في التقليد المالكي في القرن 5هـ/11م,Christian Müller,Brill (Studies in Islamic Law and Society، 10),1999 (مارس),468 ص (Open Library),ISBN 9789004113541,,,كتاب,ألمانية,ألمانية,الفتنة والطوائف,مؤسسات/قضاء/إدارة; فلسفة وفقه; مجتمع,قرطبة,دراسة للقضاء القرطبي عبر أحكام ابن سهل ونحوها؛ كيف طُبّق الفقه المالكي فعليًا في المحاكم.,بحثي متخصص,B,متخصص جدًا وبالألمانية؛ قيّم لمن يبني مادة عن القضاء,https://brill.com/display/title/6659?language=en,,شراء,غير متحقق,سجل ببليوغرافي فقط,البيانات من نتائج البحث (Brill، سجل مكتبة Berkeley Law، AbeBooks)؛ تعذّر فتح صفحة Brill (403) وسجل Berkeley (403) — تاريخ التحقق 2026-09-23 || v1.1: فتحت سجل Open Library لـ 9789004113541: Brill، مارس 1999، 468 ص، Studies in Islamic Law and Society — تاريخ التحقق 2026-09-23,سجل ببليوغرافي,مقال موسوعي (القضاء),,,v1.0,"v1.1: year, edition_volumes",2026-09-23,T-27
LIB-BK-063,كتاب حديث,"Law, Society and Culture in the Maghrib, 1300–1500",القانون والمجتمع والثقافة في المغرب 1300–1500,David S. Powers,Cambridge University Press (Cambridge Studies in Islamic Civilization),2002,278 ص,ISBN 9780521816915 (مجلد)؛ 9780521120593 (ورقي)؛ DOI 10.1017/CBO9780511550393,,,كتاب,إنجليزية,إنجليزية,غرناطة النصرية; الممالك المتأخرة,مؤسسات/قضاء/إدارة; فلسفة وفقه; مجتمع,المغرب (فاس، تلمسان)؛ بصلة غير مباشرة بالأندلس,ست دراسات حالة من فتاوى المعيار (أبوة، حقوق مياه، أوقاف أسرية...) تبيّن عمل المفتي والقاضي؛ نموذج منهجي لقراءة النوازل الأندلسية.,متقدم,B,ممتاز منهجيًا لكن جغرافيته مغربية لا أندلسية,https://www.cambridge.org/core/books/law-society-and-culture-in-the-maghrib-13001500/EC568A7DB529F4F13289B39BEBFAC573,,شراء/اشتراك (Cambridge Core),غير متحقق,اطلاع على الفهرس/المقدمة/وصف الناشر,فتحت صفحة Cambridge Core (الفهرس الكامل والوصف) — تاريخ التحقق 2026-09-23,فهرس/وصف ناشر,درس (منهج قراءة الفتاوى),,,v1.0,,2026-09-23,T-28
LIB-BK-064,كتاب حديث,Till God Inherits the Earth: Islamic Pious Endowments in al-Andalus (9–15th Centuries),حتى يرث الله الأرض: الأوقاف الإسلامية في الأندلس (ق9–15),Alejandro García Sanjuán,Brill (The Medieval and Early Modern Iberian World، 31),2007,545 ص,ISBN 9789004153585,,,كتاب,إنجليزية,إنجليزية,شامل,مؤسسات/قضاء/إدارة; فلسفة وفقه; اقتصاد وتجارة; التعليم,الأندلس,الدراسة الشاملة الوحيدة للأحباس في الأندلس: أساسها الفقهي ودورها الاقتصادي والاجتماعي (خيري، ديني، تعليمي، جهاد) مع ملاحق نصوص مترجمة.,بحثي متخصص,A,دراسة جامعية مبنية على النوازل والوثائق,https://books.google.com/books/about/Till_God_Inherits_the_Earth.html?id=YHgqAAAAYAAJ,,شراء,غير متحقق,اطلاع على الفهرس/المقدمة/وصف الناشر,فتحت صفحة Google Books (الوصف والبيانات) — تاريخ التحقق 2026-09-23,وصف ناشر,مقال موسوعي; درس,,,v1.0,,2026-09-23,T-29
LIB-BK-065,كتاب حديث,"Architecture of the Islamic West: North Africa and the Iberian Peninsula, 700–1800",عمارة الغرب الإسلامي: شمال أفريقيا وشبه الجزيرة الإيبيرية 700–1800,Jonathan M. Bloom,Yale University Press,2020,320 ص (Open Library)؛ 281 صورة (حسب مراجعة Al-Masāq),ISBN 9780300218701,,,كتاب,إنجليزية,إنجليزية,شامل,عمارة وفنون; مدن وعمران; آثار,الأندلس؛ المغرب؛ صقلية,أحدث مسح شامل بالإنجليزية لعمارة الغرب الإسلامي (جامع قرطبة، الحمراء، سقف الكابيلا بالاتينا...)؛ مثالي لبطاقات المعالم.,متوسط,A,لمتخصص كبير في الفن الإسلامي؛ مسح عام لا دراسة لكل موقع,https://yalebooks.yale.edu/2020/06/09/architecture-of-the-islamic-west-innovative-impressive-and-overlooked/,,شراء,غير متحقق,اطلاع على الفهرس/المقدمة/وصف الناشر,فتحت مقالة مدونة Yale University Press عن الكتاب؛ الصفحات والصور من عنوان مراجعة Al-Masāq — تاريخ التحقق 2026-09-23 || v1.1: فتحت سجل Open Library لـ ISBN 9780300218701: Yale University Press، 2020، 320 ص؛ صفحة yalebooks للكتاب محجوبة (robots) — تاريخ التحقق 2026-09-23,وصف ناشر,صورة; بطاقة معلم; خريطة; مقال موسوعي,الصور محفوظة الحقوق — للاستشهاد لا لإعادة النشر,,v1.0,v1.1: edition_volumes,2026-09-23,T-30
LIB-BK-066,كتاب حديث,The Alhambra. Vol. I: From the Ninth Century to Yūsuf I (1354),الحمراء، المجلد الأول: من القرن التاسع إلى يوسف الأول (1354),Antonio Fernández-Puertas; رسوم Owen Jones; تقديم Godfrey Goodwin,Saqi Books، لندن,1997,460 ص (Open Library),ISBN 0-86356-466-6,,,كتاب,إنجليزية,إنجليزية,غرناطة النصرية,عمارة وفنون; نقوش; آثار,غرناطة,دراسة معمارية-زخرفية مفصلة للحمراء ونقوشها وأنظمة تناسبها لمتخصص من غرناطة.,بحثي متخصص,A,مرجع تقني تفصيلي؛ ثمين ونادر، ولم يصدر إلا المجلد الأول,https://archivoybiblioteca.realacademiabellasartessanfernando.com/cgi-bin/koha/opac-detail.pl?biblionumber=28371,,استعارة (مكتبات متخصصة)/سوق الكتب المستعملة,غير متحقق,سجل ببليوغرافي فقط,"فتحت سجل مكتبة Real Academia de Bellas Artes de San Fernando — تاريخ التحقق 2026-09-23 || v1.1: فتحت سجل Open Library لـ 0863564666: Saqi Books 1997، 460 ص (العنوان الفرعي هناك: Plans, Elevations, Sections & Drawings، Vol 1 — صيغة بائع) — تاريخ التحقق 2026-09-23",سجل ببليوغرافي,صورة; بطاقة معلم,صدور مجلدات لاحقة: لم أعثر عليه ضمن البحث المنفذ,,v1.0,v1.1: edition_volumes,2026-09-23,T-31
LIB-BK-067,كتاب حديث,The Alhambra,قصر الحمراء,Robert Irwin,Profile Books (Wonders of the World)؛ Harvard University Press (طبعة أمريكية),2004 (ط1 — لم أتحقق)؛ 2005 ورقي,غير متحقق,ISBN 9781861974877 (ورقي)؛ 9780674060333 (Harvard),,,كتاب,إنجليزية,إنجليزية,غرناطة النصرية; الإرث,عمارة وفنون; الإرث; تأريخ ونقد مصادر,غرناطة,مدخل مكثف وذكي لتاريخ الحمراء ووظائفها المحتملة ومعاني زخارفها وتلقيها الاستشراقي (إيرفنغ، بورخيس).,تمهيدي,C,مقدمة جادة لمستعرب معروف، لا تغني عن الدراسات المتخصصة,https://profilebooks.com/work/the-alhambra/,,شراء,غير متحقق,اطلاع على الفهرس/المقدمة/وصف الناشر,فتحت صفحة Profile Books (الوصف والسلسلة) — تاريخ التحقق 2026-09-23,وصف ناشر,درس; مقال موسوعي,نسخة على Internet Archive مرفوعة من مستخدم — لا تُعتمد رابط إتاحة لعدم وضوح الحقوق,,v1.0,,2026-09-23,T-32
LIB-BK-068,كتاب حديث,The Handless Maiden: Moriscos and the Politics of Religion in Early Modern Spain,العذراء مقطوعة اليدين: الموريسكيون وسياسة الدين في إسبانيا الحديثة المبكرة,Mary Elizabeth Perry,"Princeton University Press (Jews, Christians, and Muslims from the Ancient to the Modern World)",2005,224 ص,DOI 10.1515/9781400849321؛ ISBN 9781400849321 (إلكتروني),,,كتاب,إنجليزية,إنجليزية,السقوط والموريسكيون,المرأة; الأديان والجماعات; مجتمع,إسبانيا,يركّز على النساء الموريسكيات ومقاومتهن الثقافية اليومية (تعليم العربية، الشعائر في البيت) من مرسوم 1502 حتى الطرد. يسد فجوة المرأة والموريسكيين.,متقدم,A,دراسة جامعية محكمة؛ منظور جندري,https://www.degruyterbrill.com/document/doi/10.1515/9781400849321/html,,شراء/اشتراك,غير متحقق,اطلاع على الفهرس/المقدمة/وصف الناشر,فتحت صفحة De Gruyter Brill (الوصف والبيانات) — تاريخ التحقق 2026-09-23,وصف ناشر,مقال موسوعي; درس,,,v1.0,,2026-09-23,T-34
LIB-BK-069,كتاب حديث,Blood and Faith: The Purging of Muslim Spain,الدم والإيمان: تطهير إسبانيا من مسلميها,Matthew Carr,The New Press، نيويورك,2009 (مجلد — لم أتحقق)؛ 2011 ورقي,368 ص,ISBN 9781595586407 (ورقي 2011),,,كتاب,إنجليزية,إنجليزية,السقوط والموريسكيون,الأديان والجماعات; سياسة,إسبانيا,سرد سلس لمسار الموريسكيين من سقوط غرناطة إلى الطرد، موجّه للقارئ العام.,تمهيدي,C,عمل صحفي-تاريخي جيد التوثيق نسبيًا لكنه ليس دراسة أكاديمية؛ يُكمل بهارفي وغارسيا أرينال,https://www.strandbooks.com/blood-and-faith-the-purging-of-muslim-spain-9781595586407.html,,شراء,غير متحقق,اطلاع على الفهرس/المقدمة/وصف الناشر,فتحت صفحة Strand Books (الوصف والبيانات) — تاريخ التحقق 2026-09-23,وصف ناشر,درس; خط زمني,,,v1.0,,2026-09-23,T-35
LIB-BK-070,كتاب حديث,Historia de los moriscos: vida y tragedia de una minoría,تاريخ الموريسكيين: حياة أقلية ومأساتها,Antonio Domínguez Ortiz; Bernard Vincent,Alianza Editorial (Alianza Universidad، رقم 415)؛ ط1 Revista de Occidente 1978 (لم أتحقق),1978 (ط1 — لم أتحقق)؛ طبعة Alianza الأولى 1985,313 ص (طبعة Alianza 1985)؛ ثبت المراجع ص291–313,ISBN 8420624152 (Alianza),,,كتاب,إسبانية,إسبانية,السقوط والموريسكيون,الأديان والجماعات; مجتمع; سياسة,إسبانيا,الكتاب الكلاسيكي بالإسبانية عن الموريسكيين: السكان والاقتصاد والمجتمع والقمع والطرد، لمؤرخَين كبيرين.,متوسط,A,عمل مرجعي كلاسيكي؛ يُستكمل بالأبحاث الأحدث,https://books.google.com/books/about/Historia_de_los_moriscos.html?hl=es&id=3IyLEtQRIyoC,,شراء/استعارة,غير متحقق,سجل ببليوغرافي فقط,البيانات من نتائج البحث (Amazon/IberLibro/Dialnet)؛ تعذّر فتح Dialnet — تاريخ التحقق 2026-09-23 || v1.1: فتحت سجل Open Library لـ 8420624152: Alianza Editorial، 1a ed. 1985، 313 ص، Alianza Universidad 415 — تاريخ التحقق 2026-09-23,سجل ببليوغرافي,مقال موسوعي; درس,,,v1.0,"v1.1: publisher, year, edition_volumes",2026-09-23,T-36
LIB-BK-071,كتاب حديث,محنة مسلمي الأندلس عشية سقوط غرناطة وبعدها,محنة مسلمي الأندلس عشية سقوط غرناطة وبعدها,محمد عبده حتاملة,دار الشعب (المدينة لم أتحقق منها),1397هـ/1977م (ط1),160 ص,لم أتحقق,,,كتاب,عربية,عربية,غرناطة النصرية; السقوط والموريسكيون,الأديان والجماعات; سياسة,غرناطة؛ إسبانيا,من أبرز الكتابات العربية عن محنة المدجنين والموريسكيين؛ للمؤلف سلسلة مرتبطة (التنصير القسري في عهد الملكين الكاثوليكيين؛ التهجير القسري في عهد فيليب الثاني).,متوسط,B,لمؤرخ أكاديمي أردني متخصص؛ نبرته دفاعية أحيانًا — يُقرأ مع الدراسات الغربية الحديثة,https://www.goodreads.com/author/show/7178053._,,شراء (بيانات الناشر غير متحققة),غير متحقق,سجل ببليوغرافي فقط,فتحت صفحة المؤلف على Goodreads (قائمة عناوينه)؛ لم أعثر على صفحة ناشر أو فهرس مكتبة ضمن البحث المنفذ — تاريخ التحقق 2026-09-23 || v1.1: فتحت https://archive.org/metadata/mi7nat-mslm-andls/metadata: «محنة مسلمي الأندلس عشية سقوط غرناطة وبعدها»، د. محمد عبده حتاملة، دار الشعب، 1397هـ-1977م الطبعة الأولى، 160 ص (بيانات رفع غير رسمي على أرشيف الإنترنت — دليل ببليوغرافي فقط)؛ نص OCR لم يُظهر صفحة الإصدار. تاريخ التحقق 2026-09-23,سجل ببليوغرافي,مقال موسوعي; درس,الروابط المنتشرة للتحميل مواقع غير مرخصة — لا تُعتمد,,v1.0,"v1.1: publisher, year, edition_volumes",2026-09-23,T-37
LIB-BK-072,كتاب حديث,Colonial al-Andalus: Spain and the Making of Modern Moroccan Culture,الأندلس الاستعمارية: إسبانيا وصناعة الثقافة المغربية الحديثة,Eric Calderwood,Belknap Press of Harvard University Press,2018,408 ص,ISBN 978-0-674-98032-7,,,كتاب,إنجليزية,إنجليزية,الإرث,الإرث; تأريخ ونقد مصادر; أدب وشعر,إسبانيا؛ المغرب,يبيّن كيف صار «الأندلس» ركيزة للهوية المغربية الحديثة عبر الاستعمار الإسباني ثم الحركة الوطنية؛ أساسي لمحور الذاكرة والأسطورة.,متقدم,A,دراسة حائزة اهتمامًا واسعًا؛ مجالها الحقبة الحديثة لا الوسيطة,https://networks.h-net.org/node/835449/reviews/4126344/anderson-calderwood-colonial-al-andalus-spain-and-making-modern,,شراء,غير متحقق,اطلاع على الفهرس/المقدمة/وصف الناشر,فتحت مراجعة H-Net (بيانات الكتاب وملخص الفصول) — تاريخ التحقق 2026-09-23,فهرس عبر مراجعة,مقال موسوعي (الإرث); درس,,,v1.0,,2026-09-23,T-38
LIB-BK-073,كتاب حديث,The Afterlife of al-Andalus: Muslim Iberia in Contemporary Arab and Hispanic Narratives,الحياة الآخرة للأندلس: إيبيريا المسلمة في السرديات العربية والإسبانية المعاصرة,Christina Civantos,SUNY Press (Latin American and Iberian Thought and Culture),2017,362 ص (Open Library),ISBN 9781438466699 (SUNY Press),,,كتاب,إنجليزية,إنجليزية,الإرث,الإرث; أدب وشعر; تأريخ ونقد مصادر,العالم العربي؛ إسبانيا؛ أمريكا اللاتينية,يحلل حضور الأندلس في الروايات والدراما والخطاب العربي والإسباني المعاصر؛ يكمّل Calderwood.,متقدم,B,دراسة أدبية نقدية؛ لا تتناول التاريخ الوسيط نفسه,https://www.jstor.org/stable/jj.18252247,,شراء/اشتراك,غير متحقق,سجل ببليوغرافي فقط,البيانات من نتائج البحث (أمازون، JSTOR، MERIP)؛ صفحة JSTOR لم تُحمَّل؛ رابط eScholarship تبيّن أنه مراجعة للكتاب لا الكتاب نفسه — تاريخ التحقق 2026-09-23 || v1.1: فتحت سجل Open Library لـ 9781438466699: SUNY Press، 2017، 362 ص؛ لم أتحقق من 9781438466705 — تاريخ التحقق 2026-09-23,سجل ببليوغرافي,مقال موسوعي (الإرث),,,v1.0,"v1.1: isbn_doi, edition_volumes",2026-09-23,T-40
LIB-BK-074,كتاب حديث,L'Espagne musulmane au temps des Naṣrides (1232–1492),إسبانيا الإسلامية في عهد بني نصر (1232–1492),Rachel Arié,E. de Boccard، باريس,1973 (نشر E. de Boccard)؛ أطروحة دكتوراه 1971 (Sorbonne Nouvelle، إشراف Claude Cahen),لم أتحقق,لم أتحقق,,,كتاب,فرنسية,فرنسية,غرناطة النصرية,مؤسسات/قضاء/إدارة; مجتمع; عسكري; عمارة وفنون,مملكة غرناطة,أشمل دراسة لمؤسسات مملكة غرناطة وحياتها الاجتماعية والاقتصادية والعسكرية واللباس؛ مرجع أساسي للحياة اليومية النصرية.,بحثي متخصص,A,أطروحة دولة كلاسيكية بإشراف Claude Cahen؛ قديمة نسبيًا,https://www.sudoc.fr/013065831,,استعارة/سوق مستعمل,غير متحقق,سجل ببليوغرافي فقط,فتحت سجل Sudoc (الأطروحة 1971 والإشارة لطبعة De Boccard 1973) — تاريخ التحقق 2026-09-23 || v1.1: فتحت سجل SUDOC 013065831 (أطروحة 1971، إشراف Claude Cahen، مع إشارة إلى النشر عند de Boccard 1973) — تاريخ التحقق 2026-09-23,سجل ببليوغرافي,مقال موسوعي; درس,,,v1.0,v1.1: year,2026-09-23,T-42
LIB-BK-075,كتاب حديث,La frontière et les hommes (VIIIe–XIIe siècle): le peuplement musulman au nord de l'Èbre et les débuts de la reconquête aragonaise,الحدود والناس (ق8–12): الاستيطان الإسلامي شمال نهر إبرة وبدايات الاسترداد الأراغوني,Philippe Sénac; تقديم Pierre Toubert,Maisonneuve et Larose، باريس,2000,598 ص,ISBN 2706814217,,,كتاب,فرنسية,فرنسية,الإمارة; الخلافة; الفتنة والطوائف; المرابطون,مدن وعمران; آثار; عسكري; مجتمع,الثغر الأعلى (سرقسطة، وشقة، لاردة),دراسة أثرية-تاريخية للاستيطان الإسلامي والحصون والقرى في الثغر الأعلى حتى الفتح الأراغوني؛ ممتازة للأطلس.,بحثي متخصص,A,أطروحة مبنية على المسح الأثري والمصادر,https://www.sudoc.fr/04857189X,,استعارة/شراء,غير متحقق,سجل ببليوغرافي فقط,فتحت سجل Sudoc (العنوان، ISBN، السنة)؛ الناشر وعدد الصفحات من عناوين مراجعات Persée/ResearchGate — تاريخ التحقق 2026-09-23 || v1.1: فتحت سجل Open Library لـ 2706814217: Maisonneuve et Larose 2000، 598 ص، تقديم Pierre Toubert — تاريخ التحقق 2026-09-23,سجل ببليوغرافي,خريطة (حصون وقرى); مقال موسوعي,,,v1.0,"v1.1: isbn_doi, edition_volumes",2026-09-23,T-43
LIB-BK-076,كتاب حديث,Le Portugal musulman (VIIIe–XIIIe siècle): l'Occident d'al-Andalus sous domination islamique,البرتغال الإسلامية (ق8–13): غرب الأندلس تحت الحكم الإسلامي,Christophe Picard,Maisonneuve et Larose، باريس,2000,422 ص,لم أتحقق,,,كتاب,فرنسية,فرنسية,شامل,سياسة; مدن وعمران; بحرية وموانئ; مجتمع,غرب الأندلس (البرتغال الحالية: لشبونة، شلب، باجة، مارتلة),التركيب المرجعي لتاريخ غرب الأندلس؛ يغطي الإقليم الأقل حضورًا في المراجع العربية.,متقدم,A,لمتخصص في الغرب الإسلامي؛ يُستكمل بالأبحاث الأثرية البرتغالية الأحدث,https://shs.hal.science/halshs-00734011v1,,استعارة/شراء,غير متحقق,سجل ببليوغرافي فقط,البيانات من عناوين مراجعات (HAL-SHS، Persée/BCAI) في نتائج البحث؛ تعذّر فتح الصفحتين — تاريخ التحقق 2026-09-23,سجل ببليوغرافي,خريطة; مقال موسوعي,,,v1.0,,2026-09-23,T-44
LIB-BK-077,كتاب حديث,في التاريخ العباسي والأندلسي,في التاريخ العباسي والأندلسي,أحمد مختار العبادي,دار النهضة العربية للطباعة والنشر، بيروت,1972,577 ص (بحسب بيانات أرشيف الإنترنت),لم أتحقق,,,كتاب,عربية,عربية,الفتح والولاة; الإمارة; الخلافة; الفتنة والطوائف,سياسة; تأريخ ونقد مصادر,الأندلس؛ المشرق العباسي,محاضرات جامعية لأحد رواد التاريخ الأندلسي بالعربية؛ القسم الثاني (ستة فصول) في تاريخ الأندلس حتى تدخل يوسف بن تاشفين والزلاقة (479هـ/1086م)؛ يفيد في الربط بين التاريخين العباسي والأموي الأندلسي,متوسط,B,مؤلف مرجعي؛ كتاب جامعي تعليمي قديم نسبيًا؛ لم أفحص المتن. لم أعثر ضمن البحث المنفذ على كتاب بعنوان «في تاريخ المغرب والأندلس» للعبادي بطبعة متحققة,https://archive.org/details/Tarikh3bsAndls,https://archive.org/details/Tarikh3bsAndls,فهرس فقط,غير متحقق (رفع غير رسمي على أرشيف الإنترنت),سجل ببليوغرافي فقط,فتحت بيانات مادة أرشيف الإنترنت Tarikh3bsAndls (metadata API): العنوان والمؤلف والناشر ومكانه والسنة 1972 وعدد الصفحات ووصف المحتويات؛ الرفع غير رسمي، ويُعتمد عليه دليلًا ببليوغرافيًا فقط (تاريخ التحقق 2026-09-23),وصف في سجل أرشيف الإنترنت,درس; خط زمني,الطلب الأصلي كان «في تاريخ المغرب والأندلس» للعبادي؛ هذا عمل مختلف متحقق. العنوان المطلوب بقي غير محسوم,,v1.1,v1.1: سجل جديد,2026-09-23,AR-36
LIB-ART-001,بحث علمي,Al-Qanṭara: Revista de Estudios Árabes,القنطرة: مجلة الدراسات العربية,CSIC – Escuela de Estudios Árabes / ILC (هيئة التحرير),"Consejo Superior de Investigaciones Científicas (CSIC), Madrid",1980– (مستمرة),,ISSN 0211-3589 (ورقي); e-ISSN 1988-2955,(مجلة/سلسلة — لا ينطبق),,مجلة محكّمة (مورد),إسبانية/إنجليزية/فرنسية/عربية,إسبانية,شامل,تأريخ ونقد مصادر; سياسة; مجتمع; الأديان والجماعات; مسكوكات; نقوش; علوم وطب وفلك; لغة; مخطوطات,الأندلس والمغرب والعالم الإسلامي,المجلة المرجعية الأولى في الدراسات الأندلسية؛ أرشيف مفتوح يغطي الفتح والتأريخ والمسكوكات والموريسكيين والعلوم. تجيب عن معظم الأسئلة الدقيقة التي لا تغطيها الكتب العامة.,بحثي متخصص,A,مجلة CSIC محكّمة تحكيمًا مزدوجًا ومفهرسة دوليًا؛ مقالاتها متخصصة جدًا ومعظمها بالإسبانية.,https://doaj.org/api/search/journals/title%3A%22Al-Qantara%22,https://al-qantara.revistas.csic.es/index.php/al-qantara,نص كامل مجاني,CC BY 4.0 (حسب سجل DOAJ),اطلاع على الفهرس/المقدمة/وصف الناشر,فتحت سجل DOAJ (ISSN، الناشر، الترخيص CC BY 4.0، بلا رسوم نشر)؛ موقع المجلة نفسه تعذّر فتحه آليًا (robots/SSL)، واستُخرجت عشرات المقالات من فهرسة DOAJ. (تاريخ التحقق 2026-09-23) || v1.1: فتحت سجل HathiTrust (API ISSN 0211-3589: al-Qantara، البدء 1980) وبوابة ISSN (ISSN-L 0211-3589، e-ISSN 1988-2955) — يؤكد البيانات — تاريخ التحقق 2026-09-23,وصف ناشر,مقال موسوعي; درس; خط زمني,تُستخدم كنقطة انطلاق لمعظم فجوات القاعدة؛ الأعداد 1980–1995 كانت بعنوان مختلف قليلًا ولم أتحقق من توافرها الرقمي الكامل.,,v1.0,v1.1: تأكيد دون تغيير,2026-09-23,R-01
LIB-ART-002,بحث علمي,Journal of Medieval Iberian Studies,مجلة دراسات إيبيريا الوسيطة,Taylor & Francis؛ بالتعاون مع جمعية American Academy of Research Historians of Medieval Spain (لم أتحقق من صيغة الرعاية),Taylor & Francis (Routledge),2009– ,,ISSN 1754-6559 (ورقي)؛ ISSN إلكتروني 1754-6567 (من بوابة ISSN),(مجلة/سلسلة — لا ينطبق),,مجلة محكّمة (مورد),إنجليزية أساسًا,إنجليزية,شامل,تأريخ ونقد مصادر; الأديان والجماعات; سياسة; مجتمع,إيبيريا الوسيطة (مسلمة ومسيحية ويهودية),المنبر الإنجليزي الرئيس لدراسات إيبيريا الوسيطة بمقاربة مقارنة بين الجماعات؛ مفيد لنقاشات التأريخ والذاكرة ('الاسترداد'، 'التعايش').,بحثي متخصص,A,مجلة محكّمة رائدة بالإنجليزية؛ مدفوعة الاشتراك غالبًا.,https://portal.issn.org/resource/issn/1754-6559,,اشتراك (مع بعض المقالات المفتوحة),غير متحقق,سجل ببليوغرافي فقط,فتحت سجل بوابة ISSN (ISSN 1754-6559، المملكة المتحدة)؛ صفحة Taylor & Francis رفضت الوصول (403)، وISSN الإلكتروني ظهر في نتائج البحث لبوابة ISSN. (تاريخ التحقق 2026-09-23),وصف ناشر,مقال موسوعي,,,v1.0,,2026-09-23,R-02
LIB-ART-003,بحث علمي,"Medieval Encounters: Jewish, Christian and Muslim Culture in Confluence and Dialogue",لقاءات وسيطة: الثقافات اليهودية والمسيحية والإسلامية في التقائها وحوارها,المحرر التنفيذي: Ryan Szpiech (حسب صفحة Brill),"Brill, Leiden",1995–,,ISSN 1380-7854 (ورقي، بوابة ISSN)؛ ISSN الإلكتروني لم أتحقق,(مجلة/سلسلة — لا ينطبق),,مجلة محكّمة (مورد),إنجليزية/فرنسية/ألمانية/إيطالية/إسبانية,إنجليزية,شامل,الأديان والجماعات; أدب وشعر; علوم وطب وفلك; فلسفة وفقه,المتوسط وإيبيريا (القرن 4–16م),متخصصة في تفاعل الجماعات الثلاث؛ أساسية لملف اليهود والمستعربين والجدل الديني والترجمة.,بحثي متخصص,A,ناشر أكاديمي، تحكيم، نطاق مقارن؛ نموذج هجين (اشتراك + خيار وصول مفتوح).,https://brill.com/view/journals/me/me-overview.xml,,اشتراك (مقالات مفتوحة متفرقة),غير متحقق,اطلاع على الفهرس/المقدمة/وصف الناشر,فتحت صفحة Brill (النطاق، المحررون، النموذج الهجين، سعر المقال) وسجل بوابة ISSN (هولندا). (تاريخ التحقق 2026-09-23) || v1.1: فتحت سجل HathiTrust (API ISSN 1380-7854): Medieval Encounters، أول مجلد 1995 (v.1 1995) — تاريخ التحقق 2026-09-23,وصف ناشر,مقال موسوعي,,,v1.0,v1.1: year,2026-09-23,R-03
LIB-ART-004,بحث علمي,Al-Masāq: Journal of the Medieval Mediterranean,المسَاق: مجلة المتوسط الوسيط,Society for the Medieval Mediterranean؛ المحررة Esther-Miriam Wagner (حسب موقع الجمعية),Taylor & Francis,1988–,,ISSN 0950-3110 (ورقي)؛ e-ISSN 1473-348X (بوابة ISSN),(مجلة/سلسلة — لا ينطبق),,مجلة محكّمة (مورد),إنجليزية أساسًا,إنجليزية,شامل,بحرية وموانئ; اقتصاد وتجارة; الأديان والجماعات; سياسة,المتوسط (القرن 5–15م),تغطي الاتصال المتوسطي والتجارة والبحر، وهي مهمة لربط الأندلس بالمغرب وصقلية والمشرق.,بحثي متخصص,A,مجلة محكّمة متخصصة؛ اشتراك.,https://portal.issn.org/resource/ISSN/0950-3110,https://www.societymedievalmediterranean.com/journal,اشتراك,غير متحقق,اطلاع على الفهرس/المقدمة/وصف الناشر,فتحت سجل بوابة ISSN (ISSN الورقي والإلكتروني وتنويعات العنوان) وصفحة الجمعية (النطاق والتحرير). صفحة T&F رفضت (403). (تاريخ التحقق 2026-09-23) || v1.1: فتحت سجل HathiTrust (API ISSN 0950-3110): Al-Masāq: studia arabo-islamica mediterranea، تاريخ البدء 1988 (v.1–5 1988–1992) — تاريخ التحقق 2026-09-23,وصف ناشر,مقال موسوعي; خريطة,,,v1.0,v1.1: year,2026-09-23,R-04
LIB-ART-005,بحث علمي,Anaquel de Estudios Árabes,رفّ الدراسات العربية,Universidad Complutense de Madrid,Ediciones Complutense,1990–,,ISSN 1130-3964؛ e-ISSN 1988-2645,(مجلة/سلسلة — لا ينطبق),,مجلة محكّمة (مورد),إسبانية/إنجليزية/عربية,إسبانية,شامل,أدب وشعر; لغة; تأريخ ونقد مصادر,العالم العربي والأندلس,مجلة مفتوحة للدراسات العربية واللغوية والأدبية؛ تنفع لملفات الأدب واللغة الأندلسية.,بحثي متخصص,B,محكّمة ومفتوحة، لكن الأندلس ليست محورها الوحيد.,https://doaj.org/api/search/journals/title%3AAnaquel,https://revistas.ucm.es/index.php/ANQE/index,نص كامل مجاني,CC BY 4.0 (DOAJ),اطلاع على الفهرس/المقدمة/وصف الناشر,فتحت سجل DOAJ (ISSN، الناشر، الترخيص، بلا رسوم). (تاريخ التحقق 2026-09-23) || v1.1: فتحت سجل HathiTrust (API ISSN 1130-3964): Anaquel de Estudios Árabes، البدء 1990 (v.1–2 1990–1991) — تاريخ التحقق 2026-09-23,وصف ناشر,مقال موسوعي,,,v1.0,v1.1: year,2026-09-23,R-05
LIB-ART-006,بحث علمي,Miscelánea de Estudios Árabes y Hebraicos (MEAH). Sección Árabe-Islam / Sección Hebreo,منوّعات الدراسات العربية والعبرية (غرناطة): قسم العربية-الإسلام وقسم العبرية,Universidad de Granada,Editorial Universidad de Granada,1952– (قُسمت إلى قسمين منذ 1995),,قسم العربية: ISSN 1696-5868 / e-ISSN 2341-0906؛ قسم العبرية: ISSN 1696-585X / e-ISSN 2340-2547,(مجلة/سلسلة — لا ينطبق),,مجلة محكّمة (مورد),إسبانية/إنجليزية/عربية,إسبانية,شامل,لغة; أدب وشعر; الأديان والجماعات; غرناطة النصرية; نقوش,الأندلس، غرناطة,مدرسة غرناطة للدراسات العربية؛ قسم العبرية أساسي لملف يهود الأندلس.,بحثي متخصص,A,محكّمة تحكيمًا مزدوجًا ومفتوحة؛ قسمان منفصلان بترخيصين مختلفين.,https://doaj.org/api/search/journals/title%3A%22Miscel%C3%A1nea%20de%20Estudios%20%C3%81rabes%22,https://revistaseug.ugr.es/index.php/meaharabe,نص كامل مجاني,قسم العربية CC BY؛ قسم العبرية CC BY-NC (DOAJ),اطلاع على الفهرس/المقدمة/وصف الناشر,فتحت سجلَّي DOAJ للقسمين. (تاريخ التحقق 2026-09-23) || v1.1: فتحت سجل HathiTrust (API ISSN 0544-408X): MEAH منذ 1952، وقسما árabe-Islam والعبرية منذ 1995 — تاريخ التحقق 2026-09-23,وصف ناشر,مقال موسوعي; درس,رابط قسم العبرية: https://revistaseug.ugr.es/index.php/meahhebreo,,v1.0,v1.1: year,2026-09-23,R-06
LIB-ART-007,بحث علمي,Revista del Instituto Egipcio de Estudios Islámicos en Madrid / صحيفة معهد الدراسات الإسلامية في مدريد,صحيفة معهد الدراسات الإسلامية في مدريد,المعهد المصري للدراسات الإسلامية بمدريد,"Instituto Egipcio de Estudios Islámicos, Madrid",1953– (المجلد I يُنسب في موقع المعهد إلى 1952/1953؛ آخر مجلد LI، 2025),,ISSN 0541-8585؛ ISSN إلكتروني 2660-6011 (بوابة ISSN),(مجلة/سلسلة — لا ينطبق),,مجلة علمية (مورد),عربية/إسبانية,عربية,شامل,تأريخ ونقد مصادر; مخطوطات; أدب وشعر; جغرافيا,الأندلس,من أقدم المنابر العربية للدراسات الأندلسية؛ نشرت فيها نصوص محققة ودراسات لأعلام (الأهواني، مؤنس، مكي...). مهمة لتعويض نقص المواد العربية المحكمة.,متقدم,A,منبر علمي تاريخي بالعربية؛ مستوى التحكيم يتفاوت عبر العقود (لم أتحقق من سياسة التحكيم).,https://www.institutoegipcio.es/publicaciones-2/,https://www.institutoegipcio.es/publicaciones-2/,نص كامل مجاني,غير متحقق,اطلاع على الفهرس/المقدمة/وصف الناشر,فتحت صفحة منشورات المعهد (المجلدات I–LI بصيغة PDF مع فجوات: XIV وXXXI–XXXIII بلا روابط) وسجل بوابة ISSN (الذي يذكر خطأً أو جزئيًا 1952–1971؛ الموقع يُظهر الاستمرار حتى 2025). (تاريخ التحقق 2026-09-23),وصف ناشر,مقال موسوعي; درس,تعارض بين بوابة ISSN وموقع المعهد في مدة الصدور؛ اعتمدت موقع المعهد.,,v1.0,,2026-09-23,R-07
LIB-ART-008,بحث علمي,Qurṭuba: Estudios andalusíes,قرطبة: دراسات أندلسية,"Seminario de Estudios Árabes, Facultad de Filosofía y Letras, Universidad de Córdoba",Universidad de Córdoba,1996– (سنوية),,ISSN 1137-5671 (ورقي),(مجلة/سلسلة — لا ينطبق),,مجلة علمية (مورد),إسبانية/عربية,إسبانية,شامل,مدن وعمران; تأريخ ونقد مصادر; أدب وشعر,قرطبة والأندلس,مجلة جامعة قرطبة المتخصصة في الأندلس؛ مفيدة لملف قرطبة.,بحثي متخصص,B,متخصصة لكن محدودة الانتشار الرقمي؛ لم أتحقق من إتاحة نصوصها.,https://www.latindex.org/latindex/ficha/12606,,فهرس فقط,غير متحقق,سجل ببليوغرافي فقط,فتحت سجل Latindex (ISSN، الجهة، 1996، 'vigente'). صفحة Dialnet تعذر فتحها. (تاريخ التحقق 2026-09-23) || v1.1: فتحت سجل HathiTrust (API ISSN 1137-5671): Qurṭuba: estudios andalusíes، no.1 1996 — تاريخ التحقق 2026-09-23,وصف ناشر,مقال موسوعي,يلزم التحقق من استمرار الصدور فعليًا وإتاحة الأعداد.,,v1.0,v1.1: تأكيد دون تغيير,2026-09-23,R-08
LIB-ART-009,بحث علمي,Arqueología de la Arquitectura,آثار العمارة (علم آثار المباني),CSIC / Universidad del País Vasco (لم أتحقق من الشراكة),Consejo Superior de Investigaciones Científicas (CSIC),2002– (لم أتحقق),,ISSN 1695-2731؛ e-ISSN 1989-5313,(مجلة/سلسلة — لا ينطبق),,مجلة محكّمة (مورد),إسبانية/إنجليزية,إسبانية,شامل,عمارة وفنون; آثار; مدن وعمران,إيبيريا,منهج قراءة المباني أثريًا (الأسوار، القلاع، المساجد)؛ مفيد لبطاقات المواقع في الأطلس.,بحثي متخصص,B,محكّمة ومفتوحة؛ ليست مقصورة على الأندلس.,https://doaj.org/api/search/journals/title%3A%22Arqueolog%C3%ADa%20de%20la%20Arquitectura%22,http://arqarqt.revistas.csic.es/index.php/arqarqt,نص كامل مجاني,CC BY (DOAJ),اطلاع على الفهرس/المقدمة/وصف الناشر,فتحت سجل DOAJ. (تاريخ التحقق 2026-09-23),وصف ناشر,خريطة; صورة; مقال موسوعي,,,v1.0,,2026-09-23,R-09
LIB-ART-010,بحث علمي,Estudios Onomástico-Biográficos de al-Andalus (EOBA),دراسات أسمائية-تراجمية عن الأندلس (سلسلة),سلسلة تصدر عن CSIC (Escuela de Estudios Árabes / ILC)؛ محرّرو المجلدات يختلفون,Editorial CSIC,1988– (المجلد I: 1988),المجلد I: 612 ص,المجلد I: ISBN 978-84-00-06734-2؛ المجلد XIV 'De muerte violenta': ISBN 978-84-00-08268-0 (ظهرا في روابط صفحات Editorial CSIC ضمن نتائج البحث؛ لم أفتح الصفحتين),(مجلة/سلسلة — لا ينطبق),,سلسلة مجلدات محكّمة (أعمال جماعية),إسبانية/إنجليزية/فرنسية,إسبانية,شامل,تأريخ ونقد مصادر; مجتمع; المرأة; الموحدون; فلسفة وفقه,الأندلس,سلسلة بحثية أساسية مبنية على كتب التراجم؛ من مجلداتها: 'Biografías almohades I-II' (IX–X) و'De muerte violenta' (XIV) ومجلد عن النساء. تخدم بطاقات الأعلام والعلماء.,بحثي متخصص,A,إنتاج مجموعة CSIC المتخصصة في التراجم؛ غير متاحة مجانًا غالبًا.,https://editorial.csic.es/publicaciones/coleccion/226/estudios-onomastico-biograficos-de-al-andalus,,شراء,غير متحقق,سجل ببليوغرافي فقط,ظهرت صفحة السلسلة ومجلداتها في نتائج البحث (عناوين المجلدات I، III، IX، X، XIV)؛ فتح موقع Editorial CSIC فشل (robots/timeout). (تاريخ التحقق 2026-09-23) || v1.1: فتحت سجل Open Library لـ 9788400067342: Estudios onomástico-biográficos de al-Andalus vol. I، CSIC، 1988، 612 ص — تاريخ التحقق 2026-09-23,وصف ناشر,بطاقة شخصية; مقال موسوعي,تأكيد قائمة المجلدات كاملة يحتاج فتح موقع Editorial CSIC يدويًا.,,v1.0,"v1.1: year, edition_volumes",2026-09-23,R-10
LIB-ART-011,بحث علمي,Hespéris-Tamuda,هسبريس-تمودا,"Faculté des Lettres et des Sciences Humaines, Université Mohammed V, Rabat",Université Mohammed V – Rabat,1921/1960– (اندمجت Hespéris وTamuda عام 1960),,ISSN 0018-1005 (حسب DOAJ وموقع المجلة),(مجلة/سلسلة — لا ينطبق),,مجلة محكّمة (مورد),عربية/فرنسية/إنجليزية/إسبانية,عربية,شامل,سياسة; تأريخ ونقد مصادر; السقوط والموريسكيون; الأديان والجماعات,المغرب والأندلس,أهم منبر مغربي لتاريخ الغرب الإسلامي؛ أرشيفه الرقمي منذ 1921 يغطي المرابطين والموحدين والهجرة الأندلسية.,بحثي متخصص,A,مجلة جامعية عريقة مفهرسة في ESCI (2016) وScopus (2024) حسب موقعها.,https://www.hesperis-tamuda.com/,https://www.hesperis-tamuda.com/,نص كامل مجاني,CC BY 4.0 (حسب DOAJ),اطلاع على الفهرس/المقدمة/وصف الناشر,فتحت الموقع (الأرشيف 1921–2025، اللغات، الفهرسة) وسجل DOAJ. (تاريخ التحقق 2026-09-23),وصف ناشر,مقال موسوعي; درس,,,v1.0,,2026-09-23,R-11
LIB-ART-012,بحث علمي,Journal of Islamic Studies,مجلة الدراسات الإسلامية (أكسفورد),Oxford Centre for Islamic Studies؛ رئيس التحرير Farhan Ahmad Nizami,Oxford University Press,1990–,,ISSN 0955-2340؛ e-ISSN 1471-6917,(مجلة/سلسلة — لا ينطبق),,مجلة محكّمة (مورد),إنجليزية,إنجليزية,شامل,فلسفة وفقه; الأديان والجماعات; سياسة,العالم الإسلامي,مجلة عامة في الدراسات الإسلامية تنشر مقالات أندلسية متفرقة؛ مفيدة للسياق الإسلامي الأوسع.,بحثي متخصص,B,محكّمة ورصينة لكن الأندلس ليست محورها.,https://academic.oup.com/jis,,اشتراك,غير متحقق,اطلاع على الفهرس/المقدمة/وصف الناشر,فتحت صفحة OUP (ISSN، الناشر، النطاق، التحرير). (تاريخ التحقق 2026-09-23) || v1.1: فتحت سجل HathiTrust (API ISSN 0955-2340): Journal of Islamic Studies، البدء 1990 — تاريخ التحقق 2026-09-23,وصف ناشر,مقال موسوعي,,,v1.0,v1.1: year,2026-09-23,R-12
LIB-ART-013,بحث علمي,De cómo los árabes realmente invadieron Hispania,كيف غزا العرب هسبانيا فعلًا,Eduardo Manzano Moreno,CSIC,2014,,DOI: 10.3989/alqantara.2014.013,"Al-Qanṭara, vol. 35, no. 1, pp. 311-319",,بحث محكّم,إسبانية,إسبانية,الفتح والولاة,تأريخ ونقد مصادر; عسكري; سياسة,شبه الجزيرة الإيبيرية,مقال نقدي قصير لأحد أبرز مؤرخي الفتح يعالج كيفية إعادة بناء وقائع 711 من المصادر المتأخرة والأدلة المادية.,بحثي متخصص,A,كاتب مرجعي في الموضوع؛ مقال قصير (مراجعة/مناقشة على الأرجح — لم أتحقق من نوعه) لا يغني عن كتابه.,https://doi.org/10.3989/alqantara.2014.013,https://doi.org/10.3989/alqantara.2014.013,نص كامل مجاني,CC BY 4.0 (ترخيص المجلة حسب DOAJ؛ قد تختلف المقالات القديمة),سجل ببليوغرافي فقط,البيانات من فهرسة DOAJ لمجلة القنطرة (العنوان، المؤلف، المجلد، العدد، الصفحات، DOI)؛ لم أفتح صفحة المقال نفسها لأن موقع المجلة رفض الوصول الآلي. (تاريخ التحقق 2026-09-23),وصف ناشر,مقال موسوعي; خط زمني,"يُقرأ مع Manzano, Conquistadores, emires y califas (2006) — كتاب في مسار آخر.",,v1.0,,2026-09-23,R-13
LIB-ART-014,بحث علمي,Tariq b. Ziyad y los barbar,طارق بن زياد والبربر,Maribel Fierro,CSIC,2024,,DOI: 10.3989/alqantara.2024.683,"Al-Qanṭara, vol. 45, no. 1, الصفحات: لم أتحقق",,بحث محكّم,إسبانية,إسبانية,الفتح والولاة,تأريخ ونقد مصادر; مجتمع; الأديان والجماعات,المغرب والأندلس,دراسة حديثة لنقد الروايات حول أصل طارق ودور البربر في الفتح.,بحثي متخصص,A,باحثة مرجعية (CSIC)؛ حديث جدًا.,https://doi.org/10.3989/alqantara.2024.683,https://doi.org/10.3989/alqantara.2024.683,نص كامل مجاني,CC BY 4.0 (ترخيص المجلة حسب DOAJ؛ قد تختلف المقالات القديمة),سجل ببليوغرافي فقط,البيانات من فهرسة DOAJ لمجلة القنطرة (العنوان، المؤلف، المجلد، العدد، الصفحات، DOI)؛ لم أفتح صفحة المقال نفسها لأن موقع المجلة رفض الوصول الآلي. (تاريخ التحقق 2026-09-23) || v1.1: فتحت سجل DOAJ لـ DOI 10.3989/alqantara.2024.683: Maribel Fierro (ILC-CSIC)، المجلد 45 العدد 1، 2024 — لا ترقيم صفحات (مقالات المجلة منذ 2020 تُرقَّم برقم مقال eNN) — تاريخ التحقق 2026-09-23,وصف ناشر,بطاقة شخصية; مقال موسوعي,,,v1.0,v1.1: تأكيد دون تغيير,2026-09-23,R-14
LIB-ART-015,بحث علمي,Los orígenes de Mūsā ibn Nuṣayr y Ṭāriq ibn Ziyād y su relación con el imperio sasánida,أصول موسى بن نصير وطارق بن زياد وصلتهما بالإمبراطورية الساسانية,Jesús Lorenzo-Jiménez,CSIC,2022,,DOI: 10.3989/alqantara.2022.016,"Al-Qanṭara, vol. 43, no. 2 (2022), e16",,بحث محكّم,إسبانية,إسبانية,الفتح والولاة,تأريخ ونقد مصادر; سياسة,المشرق والمغرب والأندلس,يعيد فحص أنساب قائدي الفتح في ضوء المصادر العربية؛ مثال على النقاش حول الروايات المتأخرة.,بحثي متخصص,B,مقال محكّم متخصص؛ أطروحاته اجتهادية تحتاج مقارنتها بآراء أخرى.,https://doi.org/10.3989/alqantara.2022.016,https://doi.org/10.3989/alqantara.2022.016,نص كامل مجاني,CC BY 4.0,سجل ببليوغرافي فقط,البيانات من فهرسة DOAJ لمجلة القنطرة (العنوان، المؤلف، المجلد، العدد، الصفحات، DOI)؛ لم أفتح صفحة المقال نفسها لأن موقع المجلة رفض الوصول الآلي. (تاريخ التحقق 2026-09-23) || v1.1: فتحت سجل Crossref لـ DOI 10.3989/alqantara.2022.016: المجلد 43، العدد 2، رقم المقال e16، 15 ديسمبر 2022، ترخيص CC BY 4.0 — تاريخ التحقق 2026-09-23,وصف ناشر,بطاقة شخصية,أطروحة الأصل الساساني خلافية.,,v1.0,"v1.1: journal_details, rights",2026-09-23,R-15
LIB-ART-016,بحث علمي,Un relato de la conquista de al-Andalus,رواية عن فتح الأندلس,Luis Molina,CSIC,1998,,DOI: 10.3989/alqantara.1998.v19.i1.485,"Al-Qanṭara, vol. 19, no. 1, تبدأ ص 39 (الصفحة الأخيرة لم أتحقق)",,بحث محكّم,إسبانية,إسبانية,الفتح والولاة,تأريخ ونقد مصادر,الأندلس,دراسة لرواية عربية عن الفتح ضمن مشروع نقد مصادر الفتح.,بحثي متخصص,B,متخصص مرجعي في المصادر التاريخية الأندلسية؛ نطاق ضيق.,https://doi.org/10.3989/alqantara.1998.v19.i1.485,https://doi.org/10.3989/alqantara.1998.v19.i1.485,نص كامل مجاني,CC BY 4.0 (ترخيص المجلة حسب DOAJ؛ قد تختلف المقالات القديمة),سجل ببليوغرافي فقط,البيانات من فهرسة DOAJ لمجلة القنطرة (العنوان، المؤلف، المجلد، العدد، الصفحات، DOI)؛ لم أفتح صفحة المقال نفسها لأن موقع المجلة رفض الوصول الآلي. (تاريخ التحقق 2026-09-23),وصف ناشر,مقال موسوعي,,,v1.0,,2026-09-23,R-16
LIB-ART-017,بحث علمي,Los itinerarios de la conquista: el relato de ʿArīb,مسارات الفتح: رواية عريب (بن سعد),Luis Molina,CSIC,1999,,DOI: 10.3989/alqantara.1999.v20.i1.450,"Al-Qanṭara, vol. 20, no. 1, تبدأ ص 27",,بحث محكّم,إسبانية,إسبانية,الفتح والولاة,تأريخ ونقد مصادر; جغرافيا; عسكري,الأندلس,يعيد بناء مسارات الفتح من رواية عريب بن سعد؛ مفيد مباشرة لخرائط الفتح في الأطلس.,بحثي متخصص,A,نقد مصادر دقيق ومفيد للخريطة؛ مع الحذر من يقين المسارات.,https://doi.org/10.3989/alqantara.1999.v20.i1.450,https://doi.org/10.3989/alqantara.1999.v20.i1.450,نص كامل مجاني,CC BY 4.0 (ترخيص المجلة حسب DOAJ؛ قد تختلف المقالات القديمة),سجل ببليوغرافي فقط,البيانات من فهرسة DOAJ لمجلة القنطرة (العنوان، المؤلف، المجلد، العدد، الصفحات، DOI)؛ لم أفتح صفحة المقال نفسها لأن موقع المجلة رفض الوصول الآلي. (تاريخ التحقق 2026-09-23),وصف ناشر,خريطة; خط زمني,,,v1.0,,2026-09-23,R-17
LIB-ART-018,بحث علمي,Un precinto bilingüe de plomo de la conquista omeya de la península ibérica,ختم رصاصي ثنائي اللغة من عصر الفتح الأموي لشبه الجزيرة,Ruth Pliego; Tawfiq Ibrahim,CSIC,2021,,DOI: 10.3989/alqantara.2021.012,"Al-Qanṭara, vol. 42, no. 2, الصفحات: لم أتحقق",,بحث محكّم,إسبانية,إسبانية,الفتح والولاة,نقوش; مسكوكات; آثار; تأريخ ونقد مصادر,شبه الجزيرة الإيبيرية,يستخدم الأدلة المادية المعاصرة للفتح (أختام الرصاص) التي تكمل الروايات المتأخرة — من أهم الأدلة الأولية على إدارة السنوات الأولى.,بحثي متخصص,A,دليل مادي معاصر للحدث يدرسه متخصصان في النميات.,https://doi.org/10.3989/alqantara.2021.012,https://doi.org/10.3989/alqantara.2021.012,نص كامل مجاني,CC BY 4.0 (ترخيص المجلة حسب DOAJ؛ قد تختلف المقالات القديمة),سجل ببليوغرافي فقط,البيانات من فهرسة DOAJ لمجلة القنطرة (العنوان، المؤلف، المجلد، العدد، الصفحات، DOI)؛ لم أفتح صفحة المقال نفسها لأن موقع المجلة رفض الوصول الآلي. (تاريخ التحقق 2026-09-23),وصف ناشر,صورة; مقال موسوعي; خط زمني,,,v1.0,,2026-09-23,R-18
LIB-ART-019,بحث علمي,Las primeras mezquitas de al-Andalus a través de las fuentes árabes (92/711 – 170/785),المساجد الأولى في الأندلس من خلال المصادر العربية (92–170هـ),Susana Calvo Capilla,CSIC,2007,,DOI: 10.3989/alqantara.2007.v28.i1.34,"Al-Qanṭara, vol. 28, no. 1, pp. 143-179",,بحث محكّم,إسبانية,إسبانية,الفتح والولاة,عمارة وفنون; مدن وعمران; الأديان والجماعات; تأريخ ونقد مصادر,الأندلس,يجمع أخبار المساجد الأولى في عصر الولاة وبداية الإمارة؛ يخدم خريطة التأسيس العمراني الإسلامي.,بحثي متخصص,A,متخصصة في العمارة الأندلسية؛ يعتمد على المصادر النصية أساسًا.,https://doi.org/10.3989/alqantara.2007.v28.i1.34,https://doi.org/10.3989/alqantara.2007.v28.i1.34,نص كامل مجاني,CC BY 4.0 (ترخيص المجلة حسب DOAJ؛ قد تختلف المقالات القديمة),سجل ببليوغرافي فقط,البيانات من فهرسة DOAJ لمجلة القنطرة (العنوان، المؤلف، المجلد، العدد، الصفحات، DOI)؛ لم أفتح صفحة المقال نفسها لأن موقع المجلة رفض الوصول الآلي. (تاريخ التحقق 2026-09-23),وصف ناشر,خريطة; مقال موسوعي,,,v1.0,,2026-09-23,R-19
LIB-ART-020,بحث علمي,La invasión musulmana de la Península Ibérica en el año 711 y la flota de Ifriqiya,الغزو الإسلامي لشبه الجزيرة الإيبيرية سنة 711 وأسطول إفريقية,Julia Montenegro; Arcadio del Castillo,(انظر تفاصيل المجلة),2012,,DOI: 10.3989/aem.2012.42.2.16,"Anuario de Estudios Medievales, vol. 42, no. 2, pp. 755-769",,بحث محكّم,إسبانية,إسبانية,الفتح والولاة,بحرية وموانئ; عسكري; تأريخ ونقد مصادر,المغرب والأندلس ومضيق جبل طارق,يعالج البعد البحري للفتح (أسطول إفريقية) — فجوة في القاعدة بين الفتح والبحرية.,بحثي متخصص,B,مجلة CSIC محكّمة؛ اجتهاد تفسيري حول دور الأسطول ينبغي مقارنته بغيره.,https://doi.org/10.3989/aem.2012.42.2.16,http://estudiosmedievales.revistas.csic.es/index.php/estudiosmedievales/article/view/417,نص كامل مجاني,غير متحقق (المجلة مفتوحة في DOAJ),سجل ببليوغرافي فقط,البيانات من فهرسة DOAJ؛ لم أفتح صفحة المقال. (تاريخ التحقق 2026-09-23),وصف ناشر,خريطة; مقال موسوعي,,,v1.0,,2026-09-23,R-20
LIB-ART-021,بحث علمي,"Rejecting al-Andalus, exalting the Reconquista: historical memory in contemporary Spain",رفض الأندلس وتمجيد 'الاسترداد': الذاكرة التاريخية في إسبانيا المعاصرة,Alejandro García-Sanjuán,(انظر تفاصيل المجلة),2018 (المجلد 10)؛ النشر الإلكتروني 2016,,DOI: 10.1080/17546559.2016.1268263,"Journal of Medieval Iberian Studies, vol. 10, no. 1, pp. 127–145 (نُشر إلكترونياً 29 ديسمبر 2016)",,بحث محكّم,إنجليزية,إنجليزية,الإرث,تأريخ ونقد مصادر,إسبانيا المعاصرة,يحلل توظيف ماضي الأندلس في الخطاب القومي الإسباني المعاصر؛ أساسي لفصل الأسطورة والتأريخ.,بحثي متخصص,A,مجلة محكّمة رائدة؛ حائز جائزة أفضل مقال (حسب مجموعة T&F الظاهرة في نتائج البحث — لم أتحقق من الصفحة).,https://www.tandfonline.com/doi/abs/10.1080/17546559.2016.1268263,https://www.academia.edu/30761405/Rejecting_al_Andalus_exalting_the_Reconquista_historical_memory_in_contemporary_Spain,اشتراك (نسخة مؤلف محتملة على Academia.edu — لم أتحقق من مطابقتها),غير متحقق,سجل ببليوغرافي فقط,تحققت من البيانات عبر Semantic Scholar API (المجلد 10، الصفحات 127-145، 2018، DOI). صفحة T&F رفضت الوصول (403). (تاريخ التحقق 2026-09-23) || v1.1: فتحت سجل OpenAlex لـ DOI 10.1080/17546559.2016.1268263: JMIS 10(1) ص127–145، النشر الإلكتروني 2016-12-29، وصول مغلق؛ صفحة Taylor & Francis أعادت 403 — تاريخ التحقق 2026-09-23,للمؤلف أيضًا كتاب La conquista islámica de la península ibérica y la tergiversación del pasado (2013) — مسار الكتب.,مقال موسوعي; درس,,,v1.0,"v1.1: journal_details, year",2026-09-23,R-21
LIB-ART-022,بحث علمي,Poblamiento indígena en al-Andalus e indicios del primer poblamiento andalusí,الاستيطان المحلي في الأندلس ومؤشرات الاستيطان الأندلسي الأول,Manuel Acién Almansa,CSIC,1999,,DOI: 10.3989/alqantara.1999.v20.i1.451,"Al-Qanṭara, vol. 20, no. 1, تبدأ ص 47",,بحث محكّم,إسبانية,إسبانية,الفتح والولاة; الإمارة,مجتمع; آثار; الأديان والجماعات,الأندلس,يجمع بين الأثر والنص لفهم مصير السكان المحليين (المولّدين والمستعربين) والاستيطان العربي-البربري المبكر.,بحثي متخصص,A,لصاحب أطروحة 'Entre el feudalismo y el Islam'؛ مرجع في إطار أكاديمي (إطار ماركسي/التشكيلة الاجتماعية) ينبغي الوعي به.,https://doi.org/10.3989/alqantara.1999.v20.i1.451,https://doi.org/10.3989/alqantara.1999.v20.i1.451,نص كامل مجاني,CC BY 4.0 (ترخيص المجلة حسب DOAJ؛ قد تختلف المقالات القديمة),سجل ببليوغرافي فقط,البيانات من فهرسة DOAJ لمجلة القنطرة (العنوان، المؤلف، المجلد، العدد، الصفحات، DOI)؛ لم أفتح صفحة المقال نفسها لأن موقع المجلة رفض الوصول الآلي. (تاريخ التحقق 2026-09-23),وصف ناشر,مقال موسوعي; خريطة,"كتاب Acién (Entre el feudalismo y el Islam, 1994) لم أتمكن من التحقق من سجله في هذه الجولة.",,v1.0,,2026-09-23,R-22
LIB-ART-023,بحث علمي,Explicaciones históricas de la huella genética norteafricana en el noroeste de Iberia,تفسيرات تاريخية للأثر الجيني الشمال-إفريقي في شمال غرب إيبيريا,David Peterson,CSIC,2020,,DOI: 10.3989/alqantara.2020.011,"Al-Qanṭara, vol. 41, no. 2, pp. 409-434",,بحث محكّم,إسبانية,إسبانية,الفتح والولاة; الإمارة,مجتمع; تأريخ ونقد مصادر,شمال غرب إيبيريا,يربط الدراسات الجينية بالاستيطان البربري؛ مثال على الأدلة متعددة التخصصات.,بحثي متخصص,B,اجتهاد تفسيري حديث حول مسألة خلافية.,https://doi.org/10.3989/alqantara.2020.011,https://doi.org/10.3989/alqantara.2020.011,نص كامل مجاني,CC BY 4.0 (ترخيص المجلة حسب DOAJ؛ قد تختلف المقالات القديمة),سجل ببليوغرافي فقط,البيانات من فهرسة DOAJ لمجلة القنطرة (العنوان، المؤلف، المجلد، العدد، الصفحات، DOI)؛ لم أفتح صفحة المقال نفسها لأن موقع المجلة رفض الوصول الآلي. (تاريخ التحقق 2026-09-23),وصف ناشر,مقال موسوعي,يجب عرضه ضمن النقاش لا كنتيجة نهائية.,,v1.0,,2026-09-23,R-23
LIB-ART-024,بحث علمي,Sobre el significado de mawlā en la historia omeya de al-Andalus,حول معنى 'المولى' في التاريخ الأموي للأندلس,Dolores Oliver Pérez,CSIC,2001,,DOI: 10.3989/alqantara.2001.v22.i2.213,"Al-Qanṭara, vol. 22, no. 2, pp. 321-344",,بحث محكّم,إسبانية,إسبانية,الإمارة; الخلافة,مجتمع; مؤسسات/قضاء/إدارة; لغة,الأندلس,يوضح مفهوم الولاء والموالي في البلاط الأموي؛ مهم لفهم التركيب الاجتماعي والنخب.,بحثي متخصص,B,مقال متخصص؛ بعض أطروحات المؤلفة نوقشت نقديًا (لم أتحقق من الردود).,https://doi.org/10.3989/alqantara.2001.v22.i2.213,https://doi.org/10.3989/alqantara.2001.v22.i2.213,نص كامل مجاني,CC BY 4.0 (ترخيص المجلة حسب DOAJ؛ قد تختلف المقالات القديمة),سجل ببليوغرافي فقط,البيانات من فهرسة DOAJ لمجلة القنطرة (العنوان، المؤلف، المجلد، العدد، الصفحات، DOI)؛ لم أفتح صفحة المقال نفسها لأن موقع المجلة رفض الوصول الآلي. (تاريخ التحقق 2026-09-23),وصف ناشر,مقال موسوعي,,,v1.0,,2026-09-23,R-24
LIB-ART-025,بحث علمي,El precio de los productos y la venta de carne en los tratados de ḥisba andalusíes,أسعار السلع وبيع اللحم في كتب الحسبة الأندلسية,María Crego,CSIC,2018,,DOI: 10.3989/alqantara.2018.008,"Al-Qanṭara, vol. 39, no. 2, pp. 267-291",,بحث محكّم,إسبانية,إسبانية,شامل,اقتصاد وتجارة; مؤسسات/قضاء/إدارة; مدن وعمران,الأندلس,يدرس الأسواق وتنظيم الأسعار من كتب الحسبة — فجوة الاقتصاد والأسواق في القاعدة.,بحثي متخصص,A,مبني على نصوص أولية محددة؛ يعكس المعيار أكثر من الواقع.,https://doi.org/10.3989/alqantara.2018.008,https://doi.org/10.3989/alqantara.2018.008,نص كامل مجاني,CC BY 4.0 (ترخيص المجلة حسب DOAJ؛ قد تختلف المقالات القديمة),سجل ببليوغرافي فقط,البيانات من فهرسة DOAJ لمجلة القنطرة (العنوان، المؤلف، المجلد، العدد، الصفحات، DOI)؛ لم أفتح صفحة المقال نفسها لأن موقع المجلة رفض الوصول الآلي. (تاريخ التحقق 2026-09-23),وصف ناشر,مقال موسوعي; درس,,,v1.0,,2026-09-23,R-25
LIB-ART-026,بحث علمي,Los tratados de agricultura como fuente para el estudio de la propiedad aristocrática andalusí,كتب الفلاحة مصدرًا لدراسة الملكية الأرستقراطية الأندلسية,Pedro Jiménez-Castillo; Inmaculada Camarero,CSIC,2021,,DOI: 10.3989/alqantara.2021.001,"Al-Qanṭara, vol. 42, no. 1, الصفحات: لم أتحقق",,بحث محكّم,إسبانية,إسبانية,الفتنة والطوائف; شامل,زراعة وتقنيات; اقتصاد وتجارة; مجتمع,الأندلس,يقرأ كتب الفلاحة الأندلسية بوصفها شاهدًا على الملكيات الكبيرة لا مجرد علم زراعي.,بحثي متخصص,A,مقاربة حديثة تجمع الأثر والنص.,https://doi.org/10.3989/alqantara.2021.001,https://doi.org/10.3989/alqantara.2021.001,نص كامل مجاني,CC BY 4.0 (ترخيص المجلة حسب DOAJ؛ قد تختلف المقالات القديمة),سجل ببليوغرافي فقط,البيانات من فهرسة DOAJ لمجلة القنطرة (العنوان، المؤلف، المجلد، العدد، الصفحات، DOI)؛ لم أفتح صفحة المقال نفسها لأن موقع المجلة رفض الوصول الآلي. (تاريخ التحقق 2026-09-23),وصف ناشر,مقال موسوعي,,,v1.0,,2026-09-23,R-26
LIB-ART-027,بحث علمي,Del funduq a la alhóndiga: un espacio entre el emirato nazarí y el reino de Granada (s. XV-XVI),من الفندق إلى الألْهوندِغا: فضاء بين الإمارة النصرية ومملكة غرناطة القشتالية,María del Carmen Jiménez Roldán,CSIC,2019,,DOI: 10.3989/alqantara.2019.010,"Al-Qanṭara, vol. 40, no. 2, pp. 315-354",,بحث محكّم,إسبانية,إسبانية,غرناطة النصرية; السقوط والموريسكيون,اقتصاد وتجارة; مدن وعمران; عمارة وفنون,غرناطة,يتتبع مؤسسة الفندق التجاري (مثل الفندق الجديد/Corral del Carbón) عبر الانتقال من الحكم النصري إلى القشتالي.,بحثي متخصص,B,متخصص ومفيد لبطاقة موقع.,https://doi.org/10.3989/alqantara.2019.010,https://doi.org/10.3989/alqantara.2019.010,نص كامل مجاني,CC BY 4.0 (ترخيص المجلة حسب DOAJ؛ قد تختلف المقالات القديمة),سجل ببليوغرافي فقط,البيانات من فهرسة DOAJ لمجلة القنطرة (العنوان، المؤلف، المجلد، العدد، الصفحات، DOI)؛ لم أفتح صفحة المقال نفسها لأن موقع المجلة رفض الوصول الآلي. (تاريخ التحقق 2026-09-23),وصف ناشر,خريطة; صورة; مقال موسوعي,,,v1.0,,2026-09-23,R-27
LIB-ART-028,بحث علمي,"Monedas del litoral marítimo. Un tesoro emiral compuesto por monedas de plata procedente de un asentamiento portuario del Cerro da Vila (Vilamoura, Algarve, Portugal)",نقود الساحل: كنز دراهم إماري من مستوطنة مينائية في سيرّو دا فيلا (الغرب البرتغالي),Stefan Heidemann; Thomas Schierl; Felix Teichner,CSIC,2018,,DOI: 10.3989/alqantara.2018.006,"Al-Qanṭara, vol. 39, no. 1, pp. 169-224",,بحث محكّم,إسبانية,إسبانية,الإمارة,مسكوكات; بحرية وموانئ; آثار; اقتصاد وتجارة,الغرب الأندلسي (البرتغال),يجمع النميات والآثار الساحلية لدراسة الاقتصاد والموانئ في الإمارة — يسد فجوة البحرية والموانئ ويغطي البرتغال.,بحثي متخصص,A,فريق متخصص في النميات والآثار؛ دراسة حالة.,https://doi.org/10.3989/alqantara.2018.006,https://doi.org/10.3989/alqantara.2018.006,نص كامل مجاني,CC BY 4.0 (ترخيص المجلة حسب DOAJ؛ قد تختلف المقالات القديمة),سجل ببليوغرافي فقط,البيانات من فهرسة DOAJ لمجلة القنطرة (العنوان، المؤلف، المجلد، العدد، الصفحات، DOI)؛ لم أفتح صفحة المقال نفسها لأن موقع المجلة رفض الوصول الآلي. (تاريخ التحقق 2026-09-23),وصف ناشر,خريطة; صورة; مقال موسوعي,,,v1.0,,2026-09-23,R-28
LIB-ART-029,بحث علمي,The Coinage of al-Andalus,مسكوكات الأندلس,Almudena Ariza Armada,(انظر تفاصيل المجلة),2017,,DOI: 10.36816/shedet.004.05,"Shedet, vol. 4, no. 4, pp. 68-90",,بحث محكّم,إنجليزية,إنجليزية,شامل,مسكوكات; سياسة,الأندلس,عرض شامل بالإنجليزية لتطور المسكوكات الأندلسية من متخصصة؛ مدخل ممتاز لقسم النقود في الموسوعة.,متوسط,A,مؤلفة متخصصة في النميات الأندلسية؛ مقال عرضي لا دراسة حالة.,https://doi.org/10.36816/shedet.004.05,https://shedet.journals.ekb.eg/article_87829_4b1aefcbf0be7e09c877183df0d16b06.pdf,نص كامل مجاني,غير متحقق,سجل ببليوغرافي فقط,البيانات من فهرسة DOAJ (مجلة Shedet، جامعة الفيوم)؛ لم أفتح الملف. (تاريخ التحقق 2026-09-23),وصف ناشر,مقال موسوعي; صورة; خط زمني,,,v1.0,,2026-09-23,R-29
LIB-ART-030,بحث علمي,Sobre monedas de época almohade: I. El dinar del cadí ʿIyāḍ que nunca existió. II. Cuándo se acuñó la primera moneda almohade y la cuestión de la licitud de acuñar moneda,حول نقود العصر الموحدي,Maribel Fierro,CSIC,2006,,DOI: 10.3989/alqantara.2006.v27.i2.11,"Al-Qanṭara, vol. 27, no. 2, pp. 457-476",,بحث محكّم,إسبانية,إسبانية,الموحدون; المرابطون,مسكوكات; سياسة; فلسفة وفقه,الأندلس والمغرب,يربط النقد بالمشروعية العقدية الموحدية؛ مثال على نقد الروايات (دينار القاضي عياض).,بحثي متخصص,A,من أبرز الباحثين في الموحدين.,https://doi.org/10.3989/alqantara.2006.v27.i2.11,https://doi.org/10.3989/alqantara.2006.v27.i2.11,نص كامل مجاني,CC BY 4.0 (ترخيص المجلة حسب DOAJ؛ قد تختلف المقالات القديمة),سجل ببليوغرافي فقط,البيانات من فهرسة DOAJ لمجلة القنطرة (العنوان، المؤلف، المجلد، العدد، الصفحات، DOI)؛ لم أفتح صفحة المقال نفسها لأن موقع المجلة رفض الوصول الآلي. (تاريخ التحقق 2026-09-23),وصف ناشر,مقال موسوعي,العنوان الكامل كما أعاده DOAJ جزئيًا؛ الجزءان I/II وفق فهرسة DOAJ — لم أتحقق من صياغة العنوان الكاملة.,,v1.0,,2026-09-23,R-30
LIB-ART-031,بحث علمي,Con la guía del Corán: crisis y evolución del discurso numismático almohade,بهدي القرآن: أزمة الخطاب النقدي الموحدي وتطوره,Salvador Peña Martín; Miguel Vega Martín,CSIC,2006,,DOI: 10.3989/alqantara.2006.v27.i2.12,"Al-Qanṭara, vol. 27, no. 2, pp. 477-527",,بحث محكّم,إسبانية,إسبانية,الموحدون,مسكوكات; نقوش; فلسفة وفقه,الأندلس والمغرب,يحلل نصوص النقود الموحدية بوصفها خطابًا عقديًا-سياسيًا.,بحثي متخصص,B,متخصص.,https://doi.org/10.3989/alqantara.2006.v27.i2.12,https://doi.org/10.3989/alqantara.2006.v27.i2.12,نص كامل مجاني,CC BY 4.0 (ترخيص المجلة حسب DOAJ؛ قد تختلف المقالات القديمة),سجل ببليوغرافي فقط,البيانات من فهرسة DOAJ لمجلة القنطرة (العنوان، المؤلف، المجلد، العدد، الصفحات، DOI)؛ لم أفتح صفحة المقال نفسها لأن موقع المجلة رفض الوصول الآلي. (تاريخ التحقق 2026-09-23),وصف ناشر,صورة; مقال موسوعي,,,v1.0,,2026-09-23,R-31
LIB-ART-032,بحث علمي,Epigrafía y propaganda almohades,النقوش والدعاية الموحدية,María Antonia Martínez Núñez,CSIC,1997,,DOI: 10.3989/alqantara.1997.v18.i2.531,"Al-Qanṭara, vol. 18, no. 2, تبدأ ص 415",,بحث محكّم,إسبانية,إسبانية,الموحدون,نقوش; سياسة; فلسفة وفقه,الأندلس والمغرب,مرجع أساسي في النقوش الموحدية ووظيفتها الدعائية؛ يسد فجوة النقوش.,بحثي متخصص,A,متخصصة رائدة في الكتابات الأندلسية.,https://doi.org/10.3989/alqantara.1997.v18.i2.531,https://doi.org/10.3989/alqantara.1997.v18.i2.531,نص كامل مجاني,CC BY 4.0 (ترخيص المجلة حسب DOAJ؛ قد تختلف المقالات القديمة),سجل ببليوغرافي فقط,البيانات من فهرسة DOAJ لمجلة القنطرة (العنوان، المؤلف، المجلد، العدد، الصفحات، DOI)؛ لم أفتح صفحة المقال نفسها لأن موقع المجلة رفض الوصول الآلي. (تاريخ التحقق 2026-09-23),وصف ناشر,صورة; مقال موسوعي,,,v1.0,,2026-09-23,R-32
LIB-ART-033,بحث علمي,"Las genealogías de ʿAbd al-Muʾmin, primer califa almohade",أنساب عبد المؤمن، أول خليفة موحدي,Maribel Fierro,CSIC,2003,,DOI: 10.3989/alqantara.2003.v24.i1.174,"Al-Qanṭara, vol. 24, no. 1, pp. 77-107",,بحث محكّم,إسبانية,إسبانية,الموحدون,تأريخ ونقد مصادر; سياسة; مجتمع,المغرب والأندلس,يكشف بناء الشرعية الموحدية عبر الأنساب المصطنعة (القيسية) — نموذج لنقد الدعاية.,بحثي متخصص,A,باحثة مرجعية.,https://doi.org/10.3989/alqantara.2003.v24.i1.174,https://doi.org/10.3989/alqantara.2003.v24.i1.174,نص كامل مجاني,CC BY 4.0 (ترخيص المجلة حسب DOAJ؛ قد تختلف المقالات القديمة),سجل ببليوغرافي فقط,البيانات من فهرسة DOAJ لمجلة القنطرة (العنوان، المؤلف، المجلد، العدد، الصفحات، DOI)؛ لم أفتح صفحة المقال نفسها لأن موقع المجلة رفض الوصول الآلي. (تاريخ التحقق 2026-09-23),وصف ناشر,بطاقة شخصية; مقال موسوعي,,,v1.0,,2026-09-23,R-33
LIB-ART-034,بحث علمي,La destrucción de la ciencia de la šarīʿa por Muḥammad b. Tūmart,هدم علم الشريعة [التقليدي] على يد محمد بن تومرت,Tilman Nagel,CSIC,1997,,DOI: 10.3989/alqantara.1997.v18.i2.527,"Al-Qanṭara, vol. 18, no. 2, تبدأ ص 295",,بحث محكّم,إسبانية,إسبانية,الموحدون,فلسفة وفقه; الأديان والجماعات,المغرب والأندلس,يحلل عقيدة ابن تومرت وموقفه من الفقه المالكي؛ أساسي لفهم العقيدة الموحدية.,بحثي متخصص,A,مؤلف مرجعي في الفكر الإسلامي؛ ضمن عدد خاص عن الموحدين (1997).,https://doi.org/10.3989/alqantara.1997.v18.i2.527,https://doi.org/10.3989/alqantara.1997.v18.i2.527,نص كامل مجاني,CC BY 4.0 (ترخيص المجلة حسب DOAJ؛ قد تختلف المقالات القديمة),سجل ببليوغرافي فقط,البيانات من فهرسة DOAJ لمجلة القنطرة (العنوان، المؤلف، المجلد، العدد، الصفحات، DOI)؛ لم أفتح صفحة المقال نفسها لأن موقع المجلة رفض الوصول الآلي. (تاريخ التحقق 2026-09-23),وصف ناشر,مقال موسوعي; بطاقة شخصية,,,v1.0,,2026-09-23,R-34
LIB-ART-035,بحث علمي,Sur le rôle des almohades dans la fin du christianisme local au Maghreb et en al-Andalus,حول دور الموحدين في نهاية المسيحية المحلية في المغرب والأندلس,Jean-Pierre Molénat,CSIC,1997,,DOI: 10.3989/alqantara.1997.v18.i2.530,"Al-Qanṭara, vol. 18, no. 2, تبدأ ص 389",,بحث محكّم,فرنسية,فرنسية,الموحدون,الأديان والجماعات; سياسة,المغرب والأندلس,يناقش نهاية المستعربين (المسيحيين المحليين) — فجوة المستعربين في القاعدة.,بحثي متخصص,A,مؤرخ متخصص في طليطلة والجماعات؛ مسألة خلافية.,https://doi.org/10.3989/alqantara.1997.v18.i2.530,https://doi.org/10.3989/alqantara.1997.v18.i2.530,نص كامل مجاني,CC BY 4.0 (ترخيص المجلة حسب DOAJ؛ قد تختلف المقالات القديمة),سجل ببليوغرافي فقط,البيانات من فهرسة DOAJ لمجلة القنطرة (العنوان، المؤلف، المجلد، العدد، الصفحات، DOI)؛ لم أفتح صفحة المقال نفسها لأن موقع المجلة رفض الوصول الآلي. (تاريخ التحقق 2026-09-23),وصف ناشر,مقال موسوعي,العنوان الفرنسي الكامل مأخوذ جزئيًا من DOAJ؛ لم أتحقق من الصياغة الكاملة.,,v1.0,,2026-09-23,R-35
LIB-ART-036,بحث علمي,"Toledo, siglos XII-XV. La coexistencia de cristianos, musulmanes y judíos",طليطلة في القرون 12–15: تعايش المسيحيين والمسلمين واليهود,Jean-Pierre Molénat,CSIC,2019,,DOI: 10.3989/alqantara.2019.012,"Al-Qanṭara, vol. 40, no. 2, pp. 385-405",,بحث محكّم,إسبانية,إسبانية,الممالك المتأخرة,الأديان والجماعات; مجتمع; مدن وعمران,طليطلة,يصف واقع الجماعات الثلاث بعد سقوط طليطلة بمنهج وثائقي (يقارب مفهوم 'التعايش' نقديًا).,بحثي متخصص,A,مرجع في تاريخ طليطلة الاجتماعي.,https://doi.org/10.3989/alqantara.2019.012,https://doi.org/10.3989/alqantara.2019.012,نص كامل مجاني,CC BY 4.0 (ترخيص المجلة حسب DOAJ؛ قد تختلف المقالات القديمة),سجل ببليوغرافي فقط,البيانات من فهرسة DOAJ لمجلة القنطرة (العنوان، المؤلف، المجلد، العدد، الصفحات، DOI)؛ لم أفتح صفحة المقال نفسها لأن موقع المجلة رفض الوصول الآلي. (تاريخ التحقق 2026-09-23),وصف ناشر,مقال موسوعي; خريطة,,,v1.0,,2026-09-23,R-36
LIB-ART-037,بحث علمي,Estudio y enseñanza del hebreo bíblico en la Córdoba califal,دراسة العبرية التوراتية وتعليمها في قرطبة الخلافية,José Martínez Delgado,CSIC,2019,,DOI: 10.3989/alqantara.2019.006,"Al-Qanṭara, vol. 40, no. 1, pp. 185-217",,بحث محكّم,إسبانية,إسبانية,الخلافة,الأديان والجماعات; التعليم; لغة,قرطبة,يغطي فجوة يهود الأندلس في العصر الذهبي القرطبي (النحو العبري والتعليم).,بحثي متخصص,B,متخصص؛ نطاق ضيق.,https://doi.org/10.3989/alqantara.2019.006,https://doi.org/10.3989/alqantara.2019.006,نص كامل مجاني,CC BY 4.0 (ترخيص المجلة حسب DOAJ؛ قد تختلف المقالات القديمة),سجل ببليوغرافي فقط,البيانات من فهرسة DOAJ لمجلة القنطرة (العنوان، المؤلف، المجلد، العدد، الصفحات، DOI)؛ لم أفتح صفحة المقال نفسها لأن موقع المجلة رفض الوصول الآلي. (تاريخ التحقق 2026-09-23),وصف ناشر,مقال موسوعي; درس,,,v1.0,,2026-09-23,R-37
LIB-ART-038,بحث علمي,Retiro y ayuno: algunas prácticas religiosas de las mujeres andalusíes,الاعتكاف والصوم: بعض الممارسات الدينية لنساء الأندلس,Manuela Marín,CSIC,2000,,DOI: 10.3989/alqantara.2000.v21.i2.440,"Al-Qanṭara, vol. 21, no. 2, تبدأ ص 471",,بحث محكّم,إسبانية,إسبانية,شامل,المرأة; الأديان والجماعات,الأندلس,من صاحبة المرجع الأساسي 'Mujeres en al-Ándalus'؛ يعالج التدين النسائي من كتب التراجم والفقه.,بحثي متخصص,A,مرجعية في تاريخ المرأة الأندلسية.,https://doi.org/10.3989/alqantara.2000.v21.i2.440,https://doi.org/10.3989/alqantara.2000.v21.i2.440,نص كامل مجاني,CC BY 4.0 (ترخيص المجلة حسب DOAJ؛ قد تختلف المقالات القديمة),سجل ببليوغرافي فقط,البيانات من فهرسة DOAJ لمجلة القنطرة (العنوان، المؤلف، المجلد، العدد، الصفحات، DOI)؛ لم أفتح صفحة المقال نفسها لأن موقع المجلة رفض الوصول الآلي. (تاريخ التحقق 2026-09-23),وصف ناشر,مقال موسوعي; بطاقة شخصية,,,v1.0,,2026-09-23,R-38
LIB-ART-039,بحث علمي,Contacto inter-dialectal en la Ceuta medieval: las variedades árabes andalusí y marroquí en una obra literaria de laḥn al-ʿāmma,التماس بين اللهجات في سبتة الوسيطة: العربية الأندلسية والمغربية في مؤلَّف من كتب لحن العامة,Ángeles Vicente,CSIC,2023,,DOI: 10.3989/alqantara.2023.021,"Al-Qanṭara, vol. 44, no. 2, الصفحات: لم أتحقق",,بحث محكّم,إسبانية,إسبانية,الممالك المتأخرة; شامل,لغة,سبتة والأندلس,يسد فجوة العربية الأندلسية (اللهجة) عبر كتب لحن العامة.,بحثي متخصص,B,لسانية متخصصة؛ نطاق ضيق.,https://doi.org/10.3989/alqantara.2023.021,https://doi.org/10.3989/alqantara.2023.021,نص كامل مجاني,CC BY 4.0 (ترخيص المجلة حسب DOAJ؛ قد تختلف المقالات القديمة),سجل ببليوغرافي فقط,البيانات من فهرسة DOAJ لمجلة القنطرة (العنوان، المؤلف، المجلد، العدد، الصفحات، DOI)؛ لم أفتح صفحة المقال نفسها لأن موقع المجلة رفض الوصول الآلي. (تاريخ التحقق 2026-09-23),وصف ناشر,مقال موسوعي,,,v1.0,,2026-09-23,R-39
LIB-ART-040,بحث علمي,El lugar del Iṣlāḥ al-Majisṭī de Jābir b. Aflaḥ en la llamada 'rebelión andalusí contra la astronomía ptolemaica',مكانة 'إصلاح المجسطي' لجابر بن أفلح في ما يسمى 'التمرد الأندلسي على الفلك البطلمي',José Bellver Martínez,CSIC,2009,,DOI: 10.3989/alqantara.2009.v30.i1.73,"Al-Qanṭara, vol. 30, no. 1, pp. 83-136",,بحث محكّم,إسبانية,إسبانية,الموحدون; المرابطون,علوم وطب وفلك; فلسفة وفقه,الأندلس,يفحص نقد البطلمية في الأندلس ويعدّل الصورة المبالغة عن 'ثورة' فلكية.,بحثي متخصص,A,متخصص من مدرسة برشلونة (سامسو)؛ يعالج مسألة 'نسبة المنجزات' نقديًا.,https://doi.org/10.3989/alqantara.2009.v30.i1.73,https://doi.org/10.3989/alqantara.2009.v30.i1.73,نص كامل مجاني,CC BY 4.0 (ترخيص المجلة حسب DOAJ؛ قد تختلف المقالات القديمة),سجل ببليوغرافي فقط,البيانات من فهرسة DOAJ لمجلة القنطرة (العنوان، المؤلف، المجلد، العدد، الصفحات، DOI)؛ لم أفتح صفحة المقال نفسها لأن موقع المجلة رفض الوصول الآلي. (تاريخ التحقق 2026-09-23),وصف ناشر,مقال موسوعي; درس,"يُقرأ مع George Saliba, 'Critiques of Ptolemaic Astronomy in Islamic Spain', Al-Qanṭara 20.1 (1999), DOI 10.3989/alqantara.1999.v20.i1.449.",,v1.0,,2026-09-23,R-40
LIB-ART-041,بحث علمي,La Urjuza de Ibn Abī l-Rijāl y su comentario por Ibn Qunfuḏ: astrología e historia en el Magrib en los siglos XI y XIV (I),أرجوزة ابن أبي الرجال وشرح ابن قنفذ: التنجيم والتاريخ في المغرب (ج1),Julio Samsó,CSIC,2009,,DOI: 10.3989/alqantara.2009.v30.i1.70,"Al-Qanṭara, vol. 30, no. 1, pp. 7-39",,بحث محكّم,إسبانية,إسبانية,الفتنة والطوائف; شامل,علوم وطب وفلك,المغرب والأندلس,"عمل لرائد تاريخ العلوم الأندلسية؛ الجزء الثاني في 30.2 (2009) pp. 321-360, DOI 10.3989/alqantara.2009.v30.i2.81.",بحثي متخصص,A,Samsó المرجع الأول في الفلك الأندلسي.,https://doi.org/10.3989/alqantara.2009.v30.i1.70,https://doi.org/10.3989/alqantara.2009.v30.i1.70,نص كامل مجاني,CC BY 4.0 (ترخيص المجلة حسب DOAJ؛ قد تختلف المقالات القديمة),سجل ببليوغرافي فقط,البيانات من فهرسة DOAJ لمجلة القنطرة (العنوان، المؤلف، المجلد، العدد، الصفحات، DOI)؛ لم أفتح صفحة المقال نفسها لأن موقع المجلة رفض الوصول الآلي. (تاريخ التحقق 2026-09-23),وصف ناشر,مقال موسوعي,لم أتحقق من سجل كتابه Las ciencias de los antiguos en al-Andalus في هذه الجولة.,,v1.0,,2026-09-23,R-41
LIB-ART-042,بحث علمي,Notas sobre la cohesión de la comunidad morisca más allá de su expulsión de España,ملاحظات حول تماسك الجماعة الموريسكية بعد طردها من إسبانيا,Luis F. Bernabé Pons,CSIC,2008,,DOI: 10.3989/alqantara.2008.v29.i2.60,"Al-Qanṭara, vol. 29, no. 2, pp. 307-332",,بحث محكّم,إسبانية,إسبانية,السقوط والموريسكيون,الأديان والجماعات; مجتمع,إسبانيا وشمال إفريقيا,يتناول الشتات الموريسكي بعد 1609–1614 — فجوة الموريسكيين والشتات.,بحثي متخصص,A,متخصص مرجعي في الموريسكيين.,https://doi.org/10.3989/alqantara.2008.v29.i2.60,https://doi.org/10.3989/alqantara.2008.v29.i2.60,نص كامل مجاني,CC BY 4.0 (ترخيص المجلة حسب DOAJ؛ قد تختلف المقالات القديمة),سجل ببليوغرافي فقط,البيانات من فهرسة DOAJ لمجلة القنطرة (العنوان، المؤلف، المجلد، العدد، الصفحات، DOI)؛ لم أفتح صفحة المقال نفسها لأن موقع المجلة رفض الوصول الآلي. (تاريخ التحقق 2026-09-23),وصف ناشر,مقال موسوعي; خريطة,,,v1.0,,2026-09-23,R-42
LIB-ART-043,بحث علمي,"An appeal of the Moriscos to the Mamluk sultan and its counterpart to the Ottoman court: textual analysis, context, and wider historical background",استغاثة الموريسكيين بالسلطان المملوكي ونظيرتها إلى الباب العثماني,P. S. van Koningsveld; G. A. Wiegers,CSIC,1999,,DOI: 10.3989/alqantara.1999.v20.i1.458,"Al-Qanṭara, vol. 20, no. 1, تبدأ ص 161",,بحث محكّم,إنجليزية,إنجليزية,السقوط والموريسكيون,الأديان والجماعات; سياسة; مخطوطات,غرناطة والمشرق,ينشر ويحلل نص استغاثة موريسكية — وثيقة أولية مع دراسة.,بحثي متخصص,A,متخصصان؛ يضم تحليلًا نصيًا.,https://doi.org/10.3989/alqantara.1999.v20.i1.458,https://doi.org/10.3989/alqantara.1999.v20.i1.458,نص كامل مجاني,CC BY 4.0 (ترخيص المجلة حسب DOAJ؛ قد تختلف المقالات القديمة),سجل ببليوغرافي فقط,البيانات من فهرسة DOAJ لمجلة القنطرة (العنوان، المؤلف، المجلد، العدد، الصفحات، DOI)؛ لم أفتح صفحة المقال نفسها لأن موقع المجلة رفض الوصول الآلي. (تاريخ التحقق 2026-09-23),وصف ناشر,مقال موسوعي; درس,العنوان الإنجليزي الكامل كما أعرفه غير مؤكد؛ DOAJ أعاد صيغة مختصرة 'An appeal of the Moriscos to the Mamluk sultan...'.,,v1.0,,2026-09-23,R-43
LIB-ART-044,بحث علمي,La disimulación en el islam suní y la taqiyya morisca,التقية في الإسلام السني والتقية الموريسكية,Devin Stewart,CSIC,2013,,DOI: 10.3989/alqantara.2013.016,"Al-Qanṭara, vol. 34, no. 2, pp. 439-490",,بحث محكّم,إسبانية,إسبانية,السقوط والموريسكيون,فلسفة وفقه; الأديان والجماعات,إسبانيا والمغرب,ضمن عدد خاص عن التقية الموريسكية (مقدمة García-Arenal، DOI 10.3989/alqantara.2013.012)؛ يدرس فتوى وهران وسياقها.,بحثي متخصص,A,عدد خاص محكّم من كبار المتخصصين.,https://doi.org/10.3989/alqantara.2013.016,https://doi.org/10.3989/alqantara.2013.016,نص كامل مجاني,CC BY 4.0 (ترخيص المجلة حسب DOAJ؛ قد تختلف المقالات القديمة),سجل ببليوغرافي فقط,البيانات من فهرسة DOAJ لمجلة القنطرة (العنوان، المؤلف، المجلد، العدد، الصفحات، DOI)؛ لم أفتح صفحة المقال نفسها لأن موقع المجلة رفض الوصول الآلي. (تاريخ التحقق 2026-09-23),وصف ناشر,مقال موسوعي,,,v1.0,,2026-09-23,R-44
LIB-ART-045,بحث علمي,"The Arab Agricultural Revolution and Its Diffusion, 700–1100",الثورة الزراعية العربية وانتشارها 700–1100م,Andrew M. Watson,(انظر تفاصيل المجلة),1974 (مارس),,DOI: 10.1017/S0022050700079602,"The Journal of Economic History, vol. 34, no. 1, pp. 8-35",,بحث محكّم,إنجليزية,إنجليزية,شامل,زراعة وتقنيات; اقتصاد وتجارة,العالم الإسلامي بما فيه الأندلس,النص المؤسس لأطروحة 'الثورة الزراعية الإسلامية' (انتقال محاصيل وتقنيات من الهند عبر العالم الإسلامي).,متقدم,A,مقال مؤسس كثير الاستشهاد؛ لكنه موضع نقد واسع (انظر Decker 2009) فلا يُقدَّم منفردًا.,https://www.cambridge.org/core/journals/journal-of-economic-history/article/abs/arab-agricultural-revolution-and-its-diffusion-7001100/191420C875A8F1BD64852DFBC61E14D7,,اشتراك,غير متحقق,اطلاع على الفهرس/المقدمة/وصف الناشر,فتحت صفحة Cambridge Core بعد تتبع DOI (العنوان، المؤلف، المجلد، العدد، الصفحات، الملخص). (تاريخ التحقق 2026-09-23) || v1.1: فتحت سجل OpenAlex لـ DOI 10.1017/S0022050700079602: JEH 34(1)، 1 مارس 1974، ص8–35 — مطابق للسجل — تاريخ التحقق 2026-09-23,طُوّر لاحقًا في كتاب Agricultural Innovation in the Early Islamic World (1983).,مقال موسوعي; درس,,,v1.0,v1.1: year,2026-09-23,R-45
LIB-ART-046,بحث علمي,Plants and Progress: Rethinking the Islamic Agricultural Revolution,النباتات والتقدم: إعادة النظر في 'الثورة الزراعية الإسلامية',Michael Decker,(انظر تفاصيل المجلة),2009,,DOI: 10.1353/jwh.0.0058 (يُحال إلى Project MUSE article 267528),"Journal of World History, vol. 20, no. 2 (2009), pp. 187–206",,بحث محكّم,إنجليزية,إنجليزية,شامل,زراعة وتقنيات; تأريخ ونقد مصادر,المتوسط,النقد الأبرز لأطروحة Watson: يبين أن القمح الصلب والأرز والقطن والخرشوف كانت معروفة قبل الإسلام، ويقترح الاستمرارية بدل 'الثورة'.,متقدم,A,مجلة محكّمة؛ يعرض جانبًا من النقاش لا حكمًا نهائيًا.,https://muse.jhu.edu/pub/5/article/267528/summary,https://www.researchgate.net/publication/236796640_Plants_and_Progress_Rethinking_the_Islamic_Agricultural_Revolution,اشتراك (ونسخة على ResearchGate),غير متحقق,اطلاع على الفهرس/المقدمة/وصف الناشر,فتحت صفحة ResearchGate (البيانات والملخص)، وتتبعت DOI إلى Project MUSE (المقال 267528)؛ صفحة MUSE نفسها محظورة آليًا. (تاريخ التحقق 2026-09-23) || v1.1: فتحت سجل OpenAlex لـ DOI 10.1353/jwh.0.0058: المجلد 20، العدد 2، ص187–206 (لا 205)؛ DOI يُحال إلى Project MUSE article 267528 — تاريخ التحقق 2026-09-23,تصحيح: المقال في Journal of World History وليس Journal of Economic History كما ورد في التكليف.,مقال موسوعي; درس; مقال موسوعي (قسم الخلاف), [دُمج معه السجل T-16؛ روابط إضافية: https://www.jstor.org/stable/40542757],,v1.0,v1.1: journal_details,2026-09-23,R-46
LIB-ART-047,بحث علمي,أسباب نشأة مجالس شورى الحرب في الأندلس في عصر الولاية وعصر الإمارة,أسباب نشأة مجالس شورى الحرب في الأندلس في عصر الولاية وعصر الإمارة,كريمة أبو الريش علي إسماعيل,(انظر تفاصيل المجلة),2022,,DOI: 10.21608/qarts.2022.121370.1371,مجلة كلية الآداب بقنا (جامعة جنوب الوادي)، مج 31، ع 56، ص 645-668,,بحث محكّم,عربية,عربية,الفتح والولاة; الإمارة,عسكري; مؤسسات/قضاء/إدارة,الأندلس,بحث عربي يعالج عصر الولاة (فجوة في القاعدة) من زاوية مؤسسات الحرب والشورى.,متوسط,C,مجلة جامعية مصرية محكّمة؛ لم أفحص المنهج أو المصادر؛ يُستخدم مدخلًا عربيًا ويُكمَّل بالدراسات الإسبانية.,https://doi.org/10.21608/qarts.2022.121370.1371,https://qarts.journals.ekb.eg/article_246806_380c79e6d55d0399d9cf31eba5949679.pdf,نص كامل مجاني,غير متحقق,سجل ببليوغرافي فقط,البيانات من فهرسة DOAJ (المجلة مدرجة في DOAJ)؛ لم أتمكن من فتح صفحة المقال (مهلة اتصال بموقع EKB). (تاريخ التحقق 2026-09-23),وصف ناشر,مقال موسوعي,,,v1.0,,2026-09-23,R-47
LIB-ART-048,بحث علمي,البحرية في الأندلس وعُمان: دراسة مقارنة (3-4 ق.هـ/9-10م),البحرية في الأندلس وعُمان: دراسة مقارنة (3-4 ق.هـ/9-10م),شاهندة سعيد منصور,(انظر تفاصيل المجلة),2021,,DOI: 10.21608/jfafu.2021.141696,مجلة كلية الآداب – جامعة الفيوم، مج 13، ع 1 (الإنسانيات)، ص 1196-1257,,بحث محكّم,عربية,عربية,الإمارة; الخلافة,بحرية وموانئ; عسكري,الأندلس,بحث عربي مقارن في البحرية الأندلسية زمن الإمارة والخلافة؛ يسد جزئيًا فجوة البحرية بالعربية.,متوسط,C,محكّم جامعيًا؛ لم أفحص المحتوى؛ يُكمَّل بأعمال Lirola وPicard.,https://doi.org/10.21608/jfafu.2021.141696,https://jfafu.journals.ekb.eg/article_141696_a68efb52fbecc3d8d1a9ea3379bc4117.pdf,نص كامل مجاني,غير متحقق,سجل ببليوغرافي فقط,البيانات من فهرسة DOAJ (المجلة مدرجة في DOAJ)؛ لم أتمكن من فتح صفحة المقال (مهلة اتصال بموقع EKB). (تاريخ التحقق 2026-09-23),وصف ناشر,مقال موسوعي,"لم أتمكن في هذه الجولة من التحقق من سجلات Lirola, El poder naval de al-Andalus (1993) وPicard, La mer et les musulmans d'Occident (1997).",,v1.0,,2026-09-23,R-48
LIB-ART-049,بحث علمي,طرق التجارة الخارجية في بلاد الأندلس في عصر الدولة الأموية 138-422هـ/755-1030م,طرق التجارة الخارجية في بلاد الأندلس في عصر الدولة الأموية 138-422هـ/755-1030م,مشاعة بنت جهيم بن مقبول العتيبي,(انظر تفاصيل المجلة),2023,,DOI: 10.35696/.v11i3.1601,مجلة الآداب (جامعة ذمار)، مج 11، ع 3,,بحث محكّم,عربية,عربية,الإمارة; الخلافة,اقتصاد وتجارة; جغرافيا,الأندلس,يعالج طرق التجارة الخارجية — مادة مفيدة لخرائط التجارة في الأطلس.,متوسط,C,مجلة جامعية؛ لم أفحص المحتوى؛ DOI كما في DOAJ ويبدو ناقص البادئة — يحتاج تحققًا.,https://doi.org/10.35696/.v11i3.1601,https://www.tu.edu.ye/journals/index.php/artsmain/article/view/1601,نص كامل مجاني,غير متحقق,سجل ببليوغرافي فقط,البيانات من فهرسة DOAJ (المجلة مدرجة في DOAJ)؛ لم أتمكن من فتح صفحة المقال (مهلة اتصال بموقع EKB). (تاريخ التحقق 2026-09-23),وصف ناشر,خريطة; مقال موسوعي,صيغة DOI غير مألوفة (10.35696/.v11i3.1601) — تحقق يدويًا.,,v1.0,,2026-09-23,R-49
LIB-ART-050,بحث علمي,فكر التصدي للحركات الثورية النصرانية عند العباسيين والأمويين (البشموريين في مصر 216هـ/831م، والاستشهاديين في الأندلس 235هـ/850م),فكر التصدي للحركات الثورية النصرانية عند العباسيين والأمويين (البشموريين في مصر 216هـ/831م، والاستشهاديين في الأندلس 235هـ/850م),حسام محمود المتولى المحلاوى,(انظر تفاصيل المجلة),2021,,DOI: 10.21608/jfafu.2021.49856.1263,مجلة كلية الآداب – جامعة الفيوم، مج 13، ع 1 (الإنسانيات)، ص 510-579,,بحث محكّم,عربية,عربية,الإمارة,الأديان والجماعات; سياسة,الأندلس,بحث عربي عن حركة 'شهداء قرطبة' المستعربين مقارنة بثورة البشموريين — فجوة المستعربين بالعربية.,متوسط,C,"لم أفحص المنهج؛ الموضوع خلافي ويحتاج مقارنة بالدراسات الغربية (Christys, Coope).",https://doi.org/10.21608/jfafu.2021.49856.1263,https://jfafu.journals.ekb.eg/article_138066_2de4a74ce9d2ab2c18bdfef7f1d462b0.pdf,نص كامل مجاني,غير متحقق,سجل ببليوغرافي فقط,البيانات من فهرسة DOAJ (المجلة مدرجة في DOAJ)؛ لم أتمكن من فتح صفحة المقال (مهلة اتصال بموقع EKB). (تاريخ التحقق 2026-09-23),وصف ناشر,مقال موسوعي,,,v1.0,,2026-09-23,R-50
LIB-ART-051,بحث علمي,الهجرة الأندلسية إلى المغرب الإسلامي ونتائجها الاجتماعية والحضارية: الجزائر كنموذج,الهجرة الأندلسية إلى المغرب الإسلامي ونتائجها الاجتماعية والحضارية: الجزائر كنموذج,عبد المجيد قدور,(انظر تفاصيل المجلة),2003,,لم أتحقق (لا DOI),Revue des Sciences Humaines (جامعة قسنطينة 1)، مج 14، ع 2,,بحث محكّم,عربية,عربية,السقوط والموريسكيون; الإرث,الأديان والجماعات; مجتمع,الجزائر والمغرب,بحث عربي جزائري عن الشتات الأندلسي وأثره في الجزائر — فجوة الشتات.,متوسط,C,مجلة جامعية؛ لم أفحص المحتوى.,https://revue.umc.edu.dz/h/article/view/986,https://revue.umc.edu.dz/h/article/view/986,نص كامل مجاني (على الأرجح),غير متحقق,سجل ببليوغرافي فقط,البيانات من فهرسة DOAJ؛ لم أفتح صفحة المقال. (تاريخ التحقق 2026-09-23),وصف ناشر,خريطة; مقال موسوعي,,,v1.0,,2026-09-23,R-51
LIB-ART-052,بحث علمي,غارات النورمانيين على الأندلس بين سنتي 229 و245هـ (844 و859م) [وسفارة يحيى الغزال إلى ملك النورمان سنة 230هـ/845م],غارات النورمانيين على الأندلس بين سنتي 229 و245هـ (844 و859م) [وسفارة يحيى الغزال إلى ملك النورمان سنة 230هـ/845م],حسين مؤنس,,1949,,DOI: 10.21608/jejh.1949.169499,المجلة التاريخية المصرية (الجمعية المصرية للدراسات التاريخية)، مج 2، ع 2 (1949)، ص 19-76,,بحث,عربية,عربية,الإمارة,عسكري; بحرية وموانئ; سياسة,الأندلس؛ إشبيلية؛ السواحل الأطلسية,دراسة مبكرة ومؤسسة لأحد كبار مؤرخي الأندلس العرب عن الغارات النورمانية (الفايكنغ) وسفارة الغزال؛ تجيب عن: كيف واجهت الإمارة الخطر البحري الشمالي؟,متقدم,B,كاتب مرجعي ومجلة علمية عريقة؛ لم أفحص المتن، وهي دراسة قديمة (1949) تحتاج مقارنة بالأبحاث الحديثة حول سفارة الغزال وموثوقيتها. قد ترتقي إلى A بعد الفحص,https://doaj.org/api/search/articles/doi%3A%2210.21608%2Fjejh.1949.169499%22,https://jejh.journals.ekb.eg/article_169499_513e62b7a5d81420344eccbee98f398f.pdf,نص كامل مجاني,غير متحقق,سجل ببليوغرافي فقط,فتحت سجل DOAJ للمقال بمعرف DOI: العنوان الكامل (يشمل سفارة يحيى الغزال)، المجلة، مج2 ع2، ص19-76، رابط PDF؛ صفحة EKB تعذّر فتحها (تاريخ التحقق 2026-09-23),فهرس,خط زمني; بطاقة شخصية (يحيى الغزال); خريطة (مسارات الغارات),رواية سفارة الغزال إلى النورمان محل نقاش في البحث الحديث حول أصالتها,,v1.1,v1.1: سجل جديد,2026-09-23,AR-01
LIB-ART-053,بحث علمي,سفارتان مجهولتان من الفرنج إلى بلاد قرطبة,سفارتان مجهولتان من الفرنج إلى بلاد قرطبة,عبد الرحمن علي الحجي,,1967,,DOI: 10.31973/aj.v10i10.1982,مجلة الآداب (كلية الآداب، جامعة بغداد)، مج 10، ع 10 (1967)، ص 281-291,,بحث,عربية,عربية,الخلافة,سياسة; تأريخ ونقد مصادر,قرطبة؛ مملكة الفرنج,بحث قصير لمتخصص بارز في العلاقات الدبلوماسية الأندلسية الأوروبية يكشف سفارتين فرنجيتين إلى قرطبة؛ يفيد في سؤال العلاقات الأندلسية-الأوروبية,متقدم,B,مؤلف متخصص في العلاقات الأندلسية الأوروبية؛ صفحة المقال بلا ملخص، ولم أفحص المتن؛ قصير وضيق النطاق,https://aladabj.uobaghdad.edu.iq/index.php/aladabjournal/article/view/1982,https://aladabj.uobaghdad.edu.iq/index.php/aladabjournal/article/view/1982,نص كامل مجاني,CC BY 4.0 (بحسب صفحة المجلة),اطلاع على الفهرس/المقدمة/وصف الناشر,فتحت صفحة المقال في موقع مجلة الآداب بجامعة بغداد: العنوان والمؤلف ومج10 ع10 سنة 1967 ص281-291 وDOI وترخيص CC BY 4.0؛ لا ملخص (تاريخ التحقق 2026-09-23),وصف ناشر,خط زمني; مقال موسوعي (العلاقات الخارجية),,,v1.1,v1.1: سجل جديد,2026-09-23,AR-02
LIB-ART-054,بحث علمي,بنو زهر ودورهم في ازدهار الطب في الأندلس في القرنين الخامس والسادس,بنو زهر ودورهم في ازدهار الطب في الأندلس في القرنين الخامس والسادس,حسن خضيري أحمد,,2004,,DOI: 10.21608/jejh.2004.280449,المجلة التاريخية المصرية، مج 42، ع 42 (2004)، ص 74-112,,بحث,عربية,عربية,الفتنة والطوائف; المرابطون; الموحدون,علوم وطب وفلك; المجتمع,إشبيلية؛ الأندلس,دراسة عن أسرة بني زهر الطبية عبر قرنين؛ تفيد في بطاقات الأطباء وسؤال استمرارية التقاليد الطبية الأسرية,متوسط,B,مجلة علمية عريقة؛ لم أفحص المتن,https://doaj.org/api/search/articles/doi%3A%2210.21608%2Fjejh.2004.280449%22,https://jejh.journals.ekb.eg/article_280449_bd3556c56f8f4dec4fb5cdf69c9231be.pdf,نص كامل مجاني,غير متحقق,سجل ببليوغرافي فقط,سجل DOAJ (استعلام العنوان «الأندلس» عبر واجهة DOAJ) — العنوان والمؤلف والمجلة والمجلد والعدد والصفحات وDOI؛ لم أفتح صفحة المقال (صفحات بنك المعرفة المصري EKB تعذّر فتحها: مهلة/429) (تاريخ التحقق 2026-09-23),فهرس,بطاقة شخصية; خط زمني (تاريخ الطب),,,v1.1,v1.1: سجل جديد,2026-09-23,AR-03
LIB-ART-055,بحث علمي,أهمية الطب والأطباء في بلاد الأندلس في (كتاب طبقات الأطباء والحكماء) لابن جلجل أبو داود سليمان بن حسان الأندلسي (ت377هـ/994م),أهمية الطب والأطباء في بلاد الأندلس في (كتاب طبقات الأطباء والحكماء) لابن جلجل أبو داود سليمان بن حسان الأندلسي (ت377هـ/994م),علي عطية شرقي,,2020,,DOI: 10.21608/mercj.2020.68701,مجلة بحوث الشرق الأوسط (مركز بحوث الشرق الأوسط، جامعة عين شمس)، مج 8، ع 53 (2020)، ص 1-20,,بحث,عربية,عربية,الإمارة; الخلافة,علوم وطب وفلك; تأريخ ونقد مصادر,قرطبة,قراءة لمصدر أندلسي أساسي في تاريخ الطب (ابن جلجل) وما يكشفه عن الأطباء في العصر الأموي,متوسط,B,ملخص واضح المنهج؛ قصير (20 ص) ويعتمد على مصدر واحد,https://mercj.journals.ekb.eg/article_68701.html,https://mercj.journals.ekb.eg/article_68701_1268e1a8587988bb07bbfc5c4e7ce7f3.pdf,نص كامل مجاني,غير متحقق,اطلاع على الفهرس/المقدمة/وصف الناشر,فتحت صفحة المقال على EKB: العنوان الكامل والمؤلف ومج8 ع53 ص1-20 وDOI والملخص (تاريخ التحقق 2026-09-23),وصف ناشر,بطاقة شخصية (ابن جلجل وأطباء قرطبة); درس,,,v1.1,v1.1: سجل جديد,2026-09-23,AR-04
LIB-ART-056,بحث علمي,الطبيب أبو مروان بن زهر ودوره في تطور الحركة الطبية في بلاد الأندلس,الطبيب أبو مروان بن زهر ودوره في تطور الحركة الطبية في بلاد الأندلس,جعفر يايوش,,2001,,DOI: 10.4000/insaniyat.9651,إنسانيات (المجلة الجزائرية في الأنثروبولوجيا والعلوم الاجتماعية، CRASC وهران)، ع 14 (2001)، ص 9-26,,بحث,عربية,عربية,المرابطون; الموحدون,علوم وطب وفلك,إشبيلية؛ مراكش,دراسة عن أبي مروان عبد الملك بن زهر (صاحب التيسير) في مجلة جزائرية محكمة ينشرها مركز بحث وطني,متوسط,B,مجلة محكمة لمركز بحث وطني (CRASC) ومنشورة على OpenEdition؛ لم أفحص المتن (صفحة OpenEdition محجوبة بفلتر آلي),https://doaj.org/api/search/articles/bibjson.title%3A%D8%A7%D9%84%D8%A3%D9%86%D8%AF%D9%84%D8%B3,https://journals.openedition.org/insaniyat/9651,نص كامل مجاني,غير متحقق,سجل ببليوغرافي فقط,سجل DOAJ (صفحة 9 من نتائج «الأندلس»): العنوان والمؤلف والمجلة والعدد 14 والصفحات وDOI؛ محاولة فتح OpenEdition أعادت صفحة تحقق آلي (Anubis) (تاريخ التحقق 2026-09-23),فهرس,بطاقة شخصية; مقال موسوعي (الطب),,,v1.1,v1.1: سجل جديد,2026-09-23,AR-05
LIB-ART-057,بحث علمي,الحرفيون والسلطة في الأندلس من منتصف القرن الثاني الهجري وحتى أواخر القرن الخامس الهجري,الحرفيون والسلطة في الأندلس من منتصف القرن الثاني الهجري وحتى أواخر القرن الخامس الهجري,عبير زكريا سليمان,,2021,,DOI: 10.21608/jfhsc.2021.183985,مجلة كلية الآداب والعلوم الإنسانية (جامعة قناة السويس)، مج 4، ع 36 (2021)، ص 155-181,,بحث,عربية,عربية,الإمارة; الخلافة; الفتنة والطوائف,اقتصاد وتجارة; مجتمع; مؤسسات/قضاء/إدارة,الأندلس,يعالج علاقة أصحاب الحرف بالسلطة (الحسبة والضرائب والتنظيم) في ثلاثة قرون؛ يفيد سؤال: كيف نظمت الدولة الإنتاج الحرفي؟,متوسط,B,المقال في مجلة جامعية مصرية مفهرسة في DOAJ وبنك المعرفة المصري؛ مستوى التحكيم الفعلي غير متحقق؛ لم أفحص المتن,https://doaj.org/api/search/articles/bibjson.title%3A%D8%A7%D9%84%D8%A3%D9%86%D8%AF%D9%84%D8%B3,https://jfhsc.journals.ekb.eg/article_183985_b7ac47db816d8229150d1f2d706e2a5d.pdf,نص كامل مجاني,غير متحقق,سجل ببليوغرافي فقط,سجل DOAJ (استعلام العنوان «الأندلس» عبر واجهة DOAJ) — العنوان والمؤلف والمجلة والمجلد والعدد والصفحات وDOI؛ لم أفتح صفحة المقال (صفحات بنك المعرفة المصري EKB تعذّر فتحها: مهلة/429) (تاريخ التحقق 2026-09-23),فهرس,مقال موسوعي (الحرف والصناعات); درس,,,v1.1,v1.1: سجل جديد,2026-09-23,AR-06
LIB-ART-058,بحث علمي,الأثر الاقتصادي لطبقة العامة في الأندلس خلال العصر الأموي (138-422هـ/756-1031م),الأثر الاقتصادي لطبقة العامة في الأندلس خلال العصر الأموي (138-422هـ/756-1031م),إبراهيم فرغل محمد,,2018,,DOI: 10.21608/mafs.2018.242150,مجلة الدراسات الأفريقية (كلية الدراسات الأفريقية العليا، جامعة القاهرة)، مج 40، ع 2 (2018)، ص 685-744,,بحث,عربية,عربية,الإمارة; الخلافة,اقتصاد وتجارة; مجتمع,الأندلس,دراسة مطولة (60 ص) للدور الاقتصادي للعامة (زراعة، حرف، أسواق) في العصر الأموي,متوسط,B,مجلة جامعة القاهرة؛ لم أفحص المتن,https://doaj.org/api/search/articles/bibjson.title%3A%D8%A7%D9%84%D8%A3%D9%86%D8%AF%D9%84%D8%B3,https://mafs.journals.ekb.eg/article_242150_7dabe72cd9a893e1b17b85d9be464532.pdf,نص كامل مجاني,غير متحقق,سجل ببليوغرافي فقط,سجل DOAJ (استعلام العنوان «الأندلس» عبر واجهة DOAJ) — العنوان والمؤلف والمجلة والمجلد والعدد والصفحات وDOI؛ لم أفتح صفحة المقال (صفحات بنك المعرفة المصري EKB تعذّر فتحها: مهلة/429) (تاريخ التحقق 2026-09-23),فهرس,مقال موسوعي (الحياة الاقتصادية); درس,,,v1.1,v1.1: سجل جديد,2026-09-23,AR-07
LIB-ART-059,بحث علمي,الضرائب والمكوس في الأندلس من بداية عصر المرابطين حتى سقوط مملكة غرناطة,الضرائب والمكوس في الأندلس من بداية عصر المرابطين حتى سقوط مملكة غرناطة,سالمة أبو الناصر محمد,,2019,,DOI: 10.21608/mrk.2019.99980,مجلة القراءة والمعرفة (الجمعية المصرية للقراءة والمعرفة/كلية التربية جامعة عين شمس)، مج 19، ع 213 (2019)، ص 167-190,,بحث,عربية,عربية,المرابطون; الموحدون; غرناطة النصرية,اقتصاد وتجارة; مؤسسات/قضاء/إدارة,الأندلس؛ غرناطة,يتتبع الجباية والمكوس عبر أربعة قرون؛ يفيد سؤال علاقة الضرائب غير الشرعية بشرعية الحكم,متوسط,B,موضوع مهم لكن المجلة تربوية لا تاريخية، والمقال قصير لمدى زمني واسع؛ لم أفحص المتن,https://doaj.org/api/search/articles/bibjson.title%3A%D8%A7%D9%84%D8%A3%D9%86%D8%AF%D9%84%D8%B3,https://mrk.journals.ekb.eg/article_99980_27cd400d45a3d01ef07c7ccaefd23b90.pdf,نص كامل مجاني,غير متحقق,سجل ببليوغرافي فقط,سجل DOAJ (استعلام العنوان «الأندلس» عبر واجهة DOAJ) — العنوان والمؤلف والمجلة والمجلد والعدد والصفحات وDOI؛ لم أفتح صفحة المقال (صفحات بنك المعرفة المصري EKB تعذّر فتحها: مهلة/429) (تاريخ التحقق 2026-09-23),فهرس,خط زمني (السياسة المالية); مقال موسوعي,,,v1.1,v1.1: سجل جديد,2026-09-23,AR-08
LIB-ART-060,بحث علمي,الأيدي العاملة في غرناطة بني الأحمر ودورهم في الارتقاء بالحرف والصناعات,الأيدي العاملة في غرناطة بني الأحمر ودورهم في الارتقاء بالحرف والصناعات,جميلة بخيتان الحربي,,2017,,DOI: 10.21608/mercj.2017.76886,مجلة بحوث الشرق الأوسط (جامعة عين شمس)، مج 5، ع 43 (2017)، ص 317-342,,بحث,عربية,عربية,غرناطة النصرية,اقتصاد وتجارة; مجتمع; زراعة وتقنيات,غرناطة,عن العمالة والحرف في المملكة النصرية؛ يفيد الأطلس في الصناعات الغرناطية (الحرير والخزف...),متوسط,B,المقال في مجلة جامعية مصرية مفهرسة في DOAJ وبنك المعرفة المصري؛ مستوى التحكيم الفعلي غير متحقق؛ لم أفحص المتن,https://doaj.org/api/search/articles/bibjson.title%3A%D8%BA%D8%B1%D9%86%D8%A7%D8%B7%D8%A9,https://mercj.journals.ekb.eg/article_76886_acca17ded240c0c2eb840f6fcacc4d62.pdf,نص كامل مجاني,غير متحقق,سجل ببليوغرافي فقط,سجل DOAJ (استعلام العنوان «غرناطة» عبر واجهة DOAJ) — العنوان والمؤلف والمجلة والمجلد والعدد والصفحات وDOI؛ لم أفتح صفحة المقال (صفحات بنك المعرفة المصري EKB تعذّر فتحها: مهلة/429) (تاريخ التحقق 2026-09-23),فهرس,خريطة (الصناعات); مقال موسوعي,,,v1.1,v1.1: سجل جديد,2026-09-23,AR-09
LIB-ART-061,بحث علمي,الكوارث الطبيعية وأثرها على النظام المالي في مملكة غرناطة,الكوارث الطبيعية وأثرها على النظام المالي في مملكة غرناطة,فوزي عبد الصاحب حمودي؛ علي عطية شرقي (جامعة بغداد، كلية التربية ابن رشد),,2025,,DOI: 10.65074/6dt6t843,مجلة دراسات في التاريخ والآثار (كلية الآداب، جامعة بغداد)، مج 1، ع 98 (2025)، ص 73-84,,بحث,عربية,عربية,غرناطة النصرية,اقتصاد وتجارة; جغرافيا,غرناطة,يربط الزلازل والفيضانات والجفاف بتراجع الجباية وزيادة الإنفاق في غرناطة؛ نادر في موضوعه (تاريخ بيئي-مالي),متوسط,B,ملخص واضح؛ قصير (12 ص),https://jcoart.uobaghdad.edu.iq/index.php/2075-3047/article/view/1302,https://jcoart.uobaghdad.edu.iq/index.php/2075-3047/article/view/1302,نص كامل مجاني,CC BY 4.0 (بحسب صفحة المجلة),اطلاع على الفهرس/المقدمة/وصف الناشر,فتحت صفحة المقال في موقع المجلة: العنوان والمؤلفان والعدد 98 والصفحات وDOI والملخص والترخيص (تاريخ التحقق 2026-09-23),وصف ناشر,خط زمني (الكوارث); مقال موسوعي,,,v1.1,v1.1: سجل جديد,2026-09-23,AR-10
LIB-ART-062,بحث علمي,المعاهدات المتبادلة بين المسلمين في الأندلس والقراصنة الأوروبيين,المعاهدات المتبادلة بين المسلمين في الأندلس والقراصنة الأوروبيين,هبة كمال أحمد بخيت,,2021,,DOI: 10.21608/jfhsc.2021.198619,مجلة كلية الآداب والعلوم الإنسانية (جامعة قناة السويس)، مج 4، ع 38 (2021)، ص 234-256,,بحث,عربية,عربية,شامل,بحرية وموانئ; سياسة; اقتصاد وتجارة,الأندلس؛ المتوسط,عن المعاهدات مع القراصنة الأوروبيين؛ يفيد في ملف البحرية والعلاقات المتوسطية,متوسط,B,المقال في مجلة جامعية مصرية مفهرسة في DOAJ وبنك المعرفة المصري؛ مستوى التحكيم الفعلي غير متحقق؛ لم أفحص المتن ولم أتحقق من الإطار الزمني الدقيق,https://doaj.org/api/search/articles/bibjson.title%3A%D8%A7%D9%84%D8%A3%D9%86%D8%AF%D9%84%D8%B3,https://jfhsc.journals.ekb.eg/article_198619_7b5aceb6e9cf9510673145162b62d88f.pdf,نص كامل مجاني,غير متحقق,سجل ببليوغرافي فقط,سجل DOAJ (استعلام العنوان «الأندلس» عبر واجهة DOAJ) — العنوان والمؤلف والمجلة والمجلد والعدد والصفحات وDOI؛ لم أفتح صفحة المقال (صفحات بنك المعرفة المصري EKB تعذّر فتحها: مهلة/429) (تاريخ التحقق 2026-09-23),فهرس,مقال موسوعي (البحرية),,,v1.1,v1.1: سجل جديد,2026-09-23,AR-11
LIB-ART-063,بحث علمي,الأسطول البحري في عهد دولة المرابطين من سنة (448-541هـ/1055-1145م),الأسطول البحري في عهد دولة المرابطين من سنة (448-541هـ/1055-1145م),ياسر مدحت محمد عبد النعيم,,2025,,DOI: 10.21608/jfhsc.2025.526392,مجلة كلية الآداب والعلوم الإنسانية (جامعة قناة السويس)، مج 8، ع 54 (2025)، ص 14-42,,بحث,عربية,عربية,المرابطون,بحرية وموانئ; عسكري,المغرب والأندلس,يسد فراغًا في البحرية المرابطية (بني ميمون وقواعد المرية وسبتة)؛ يكمل كتاب سالم والعبادي,متوسط,B,المقال في مجلة جامعية مصرية مفهرسة في DOAJ وبنك المعرفة المصري؛ مستوى التحكيم الفعلي غير متحقق؛ لم أفحص المتن,https://doaj.org/api/search/articles/bibjson.title%3A%D8%A7%D9%84%D9%85%D8%B1%D8%A7%D8%A8%D8%B7%D9%8A%D9%86,https://jfhsc.journals.ekb.eg/article_526392_6206d4bf1cc87795eed74fcc3edf46c5.pdf,نص كامل مجاني,غير متحقق,سجل ببليوغرافي فقط,سجل DOAJ (استعلام العنوان «المرابطين» عبر واجهة DOAJ) — العنوان والمؤلف والمجلة والمجلد والعدد والصفحات وDOI؛ لم أفتح صفحة المقال (صفحات بنك المعرفة المصري EKB تعذّر فتحها: مهلة/429) (تاريخ التحقق 2026-09-23),فهرس,خريطة (القواعد البحرية); خط زمني,,,v1.1,v1.1: سجل جديد,2026-09-23,AR-12
LIB-ART-064,بحث علمي,نقود المرابطين (484-539هـ/1091-1144م),نقود المرابطين (484-539هـ/1091-1144م),زينب يوسف غلام؛ صباح خابط عزيز سعيد,,2020,,DOI: 10.65074/xg3jmc27,مجلة دراسات في التاريخ والآثار (جامعة بغداد)، مج 2، ع 75 (2020)، ص 269-284,,بحث,عربية,عربية,المرابطون,مسكوكات; اقتصاد وتجارة,الأندلس والمغرب,عن الدينار المرابطي ودور السيطرة على طرق الذهب في إنتاج دور السك؛ يفيد صفحات المسكوكات في الأطلس,متوسط,B,ملخص واضح؛ قصير؛ يحتاج مقارنة بكتالوجات السكة (مثل Vives وMedina Gómez),https://jcoart.uobaghdad.edu.iq/index.php/2075-3047/article/view/1449,https://jcoart.uobaghdad.edu.iq/index.php/2075-3047/article/view/1449,نص كامل مجاني,CC BY 4.0 (بحسب صفحة المجلة),اطلاع على الفهرس/المقدمة/وصف الناشر,فتحت صفحة المقال: العنوان مع التواريخ، المؤلفتان، مج2 ع75، ص269-284، DOI، الملخص، الترخيص (تاريخ التحقق 2026-09-23),وصف ناشر,صورة (مسكوكات); خريطة (دور السك),,,v1.1,v1.1: سجل جديد,2026-09-23,AR-13
LIB-ART-065,بحث علمي,نقود إدريس العالي بالله من ملوك الطوائف بالأندلس (نقود جديدة توثق عودته إلى الحكم 434-438هـ و444-446هـ),نقود إدريس العالي بالله من ملوك الطوائف بالأندلس (نقود جديدة توثق عودته إلى الحكم 434-438هـ و444-446هـ),عثمان سلامة عطية محمد الأشقر,,2023,,DOI: 10.21608/ince.2023.347320,مجلة مركز المسكوكات الإسلامية (كلية الآثار، جامعة الفيوم)، مج 6، ع 6 (2023)، ص 87-116,,بحث,عربية,عربية,الفتنة والطوائف,مسكوكات; سياسة,مالقة؛ الجزيرة الخضراء (الدولة الحمودية),نشر علمي لطرازين غير منشورين من سكة الحموديين؛ دليل مادي على فترتي حكم إدريس الثاني العالي,بحثي متخصص,B,مجلة متخصصة في المسكوكات لكلية آثار؛ اطلعت على الملخص فقط,https://ince.journals.ekb.eg/article_347320.html,https://ince.journals.ekb.eg/article_347320_656fcde42ba5de65a12587fdfe19b228.pdf,نص كامل مجاني,غير متحقق,اطلاع على الفهرس/المقدمة/وصف الناشر,فتحت صفحة المقال على EKB: العنوان الإنجليزي والملخص (طرازان غير مدروسين ونقود مغشوشة)؛ بيانات المجلد والصفحات من DOAJ (تاريخ التحقق 2026-09-23),وصف ناشر,صورة (مسكوكات); بطاقة شخصية; خط زمني,,,v1.1,v1.1: سجل جديد,2026-09-23,AR-14
LIB-ART-066,بحث علمي,القضاء في الأندلس من عصر الإمارة إلى نهاية عصر الخلافة,القضاء في الأندلس من عصر الإمارة إلى نهاية عصر الخلافة,شكري حسين,,2010,,DOI: 10.21608/bfla.2010.25895,حولية كلية اللغة العربية بالزقازيق (جامعة الأزهر)، مج 30، ع 2 (2010)، ص 2507-2628,,بحث,عربية,عربية,الإمارة; الخلافة,مؤسسات/قضاء/إدارة; فلسفة وفقه,قرطبة,دراسة مطولة (120 ص) عن مؤسسة القضاء وخطة قاضي الجماعة في العصر الأموي,متوسط,B,طول ومدى مناسبان؛ حولية أزهرية غير متخصصة في التاريخ؛ لم أفحص المتن,https://doaj.org/api/search/articles/bibjson.title%3A%D8%A7%D9%84%D8%A3%D9%86%D8%AF%D9%84%D8%B3,https://bfla.journals.ekb.eg/article_25895_bb6f1525a50dffdc1803b45b4dd07181.pdf,نص كامل مجاني,غير متحقق,سجل ببليوغرافي فقط,سجل DOAJ (استعلام العنوان «الأندلس» عبر واجهة DOAJ) — العنوان والمؤلف والمجلة والمجلد والعدد والصفحات وDOI؛ لم أفتح صفحة المقال (صفحات بنك المعرفة المصري EKB تعذّر فتحها: مهلة/429) (تاريخ التحقق 2026-09-23),فهرس,مقال موسوعي (القضاء); بطاقات قضاة,,,v1.1,v1.1: سجل جديد,2026-09-23,AR-15
LIB-ART-067,بحث علمي,أثر قضاة الأندلس على مجتمعاتهم في القرنين 5-6هـ/11-12م,أثر قضاة الأندلس على مجتمعاتهم في القرنين 5-6هـ/11-12م,ريم سعود نايف الحافي,,2024,,DOI: 10.35696/arts.v12i2.1965,مجلة الآداب (كلية الآداب، جامعة ذمار)، مج 12، ع 2 (2024)، ص 145-171,,بحث,عربية,عربية,الفتنة والطوائف; المرابطون,مؤسسات/قضاء/إدارة; مجتمع; سياسة,الأندلس,يبين دور القضاة في قيادة المجتمعات عند ضعف السلطة (مقاومة وحماية)؛ يجيب عن سؤال سلطة العلماء في الطوائف والمرابطين,متوسط,B,ملخص تحليلي واضح؛ مجلة جامعية يمنية؛ لم أفحص المتن,https://journal.tu.edu.ye/index.php/artsmain/article/view/1965,https://journal.tu.edu.ye/index.php/artsmain/article/view/1965,نص كامل مجاني,CC BY 4.0 (بحسب صفحة المجلة),اطلاع على الفهرس/المقدمة/وصف الناشر,فتحت صفحة المقال في موقع مجلة جامعة ذمار: العنوان والمؤلفة ومج12 ع2 ص145-171 وDOI والملخص والترخيص (تاريخ التحقق 2026-09-23),وصف ناشر,مقال موسوعي; بطاقات قضاة,,,v1.1,v1.1: سجل جديد,2026-09-23,AR-16
LIB-ART-068,بحث علمي,وظيفتا المدينة والشرطة في الأندلس وآراء بعض المؤرخين فيهما,وظيفتا المدينة والشرطة في الأندلس وآراء بعض المؤرخين فيهما,برزان حامد الحميد,,2019,,DOI: 10.33899/radab.2019.164872,آداب الرافدين (كلية الآداب، جامعة الموصل)، مج 49، ع 76 (2019)، ص 397-418,,بحث,عربية,عربية,الإمارة; الخلافة,مؤسسات/قضاء/إدارة,قرطبة,عن خطتي صاحب المدينة وصاحب الشرطة وخلاف المؤرخين في التمييز بينهما,متوسط,B,مجلة جامعية عراقية عريقة؛ لم أفحص المتن (تعذّر فتح موقع المجلة),https://doaj.org/api/search/articles/bibjson.title%3A%D8%A7%D9%84%D8%A3%D9%86%D8%AF%D9%84%D8%B3,https://radab.mosuljournals.com/article_164872_cb65d325caf67210a55035a4f08a5d72.pdf,نص كامل مجاني,غير متحقق,سجل ببليوغرافي فقط,سجل DOAJ (نتائج «الأندلس» ص3)؛ محاولة فتح صفحة المقال فشلت (خطأ DNS) (تاريخ التحقق 2026-09-23),فهرس,مقال موسوعي (الإدارة),,,v1.1,v1.1: سجل جديد,2026-09-23,AR-17
LIB-ART-069,بحث علمي,رسوم التعليم في الأندلس خلال القرنين الثالث والرابع الهجريين,رسوم التعليم في الأندلس خلال القرنين الثالث والرابع الهجريين,خضرة جمال توفيق,,2018,,DOI: 10.21608/mkasu.2018.212421,مجلة كلية الآداب (جامعة أسوان)، مج 4، ع 1 (2018)، ص 165-200,,بحث,عربية,عربية,الإمارة; الخلافة,التعليم; مجتمع,الأندلس,عن رسوم (أعراف ونظم) التعليم في العصر الأموي؛ يفيد درس «كيف تعلّم الأندلسيون؟»,متوسط,B,المقال في مجلة جامعية مصرية مفهرسة في DOAJ وبنك المعرفة المصري؛ مستوى التحكيم الفعلي غير متحقق؛ لم أفحص المتن,https://doaj.org/api/search/articles/bibjson.title%3A%D8%A7%D9%84%D8%A3%D9%86%D8%AF%D9%84%D8%B3,https://mkasu.journals.ekb.eg/article_212421_8bbf6301a732f071ad14237f79b43023.pdf,نص كامل مجاني,غير متحقق,سجل ببليوغرافي فقط,سجل DOAJ (استعلام العنوان «الأندلس» عبر واجهة DOAJ) — العنوان والمؤلف والمجلة والمجلد والعدد والصفحات وDOI؛ لم أفتح صفحة المقال (صفحات بنك المعرفة المصري EKB تعذّر فتحها: مهلة/429) (تاريخ التحقق 2026-09-23),فهرس,درس; مقال موسوعي (التعليم),,,v1.1,v1.1: سجل جديد,2026-09-23,AR-18
LIB-ART-070,بحث علمي,العلوم الدينية في جامع قرطبة الكبير: مناهجها وعلماؤها وطلابها في عصر الخلافة,العلوم الدينية في جامع قرطبة الكبير: مناهجها وعلماؤها وطلابها في عصر الخلافة,سامي عبد الله سالم النقبي؛ صالح محمد زكي محمود اللهيبي,,2025,,DOI: 10.31973/e9qy0x98,مجلة الآداب (جامعة بغداد)، ع 153 (2025)، ص 173-190,,بحث,عربية,عربية,الخلافة,التعليم; فلسفة وفقه; مدن وعمران,قرطبة,يدرس جامع قرطبة مؤسسةً تعليمية (316-366هـ): المناهج والشيوخ والطلاب,متوسط,B,ملخص واضح؛ قصير؛ لم أفحص المتن,https://aladabj.uobaghdad.edu.iq/index.php/aladabjournal/article/view/4826,https://aladabj.uobaghdad.edu.iq/index.php/aladabjournal/article/view/4826,نص كامل مجاني,CC BY 4.0 (بحسب صفحة المجلة),اطلاع على الفهرس/المقدمة/وصف الناشر,فتحت صفحة المقال في موقع مجلة الآداب ببغداد: العنوان (الإنجليزي والعربي) والمؤلفان والعدد والصفحات وDOI والملخص والترخيص (تاريخ التحقق 2026-09-23),وصف ناشر,درس; بطاقة مكان (جامع قرطبة),,,v1.1,v1.1: سجل جديد,2026-09-23,AR-19
LIB-ART-071,بحث علمي,المكتبات الخاصة في الأندلس (238-735هـ/852-1334م),المكتبات الخاصة في الأندلس (238-735هـ/852-1334م),أحمد محمد أحمد زكير,,2021,,DOI: 10.21608/qarts.2021.54578.1025,مجلة كلية الآداب بقنا (جامعة جنوب الوادي)، مج 30، ع 52 (2021)، ص 225-246,,بحث,عربية,عربية,شامل,التعليم; مخطوطات; مجتمع,الأندلس,عن مكتبات الأفراد عبر خمسة قرون؛ يفيد سؤال تداول الكتاب وثقافة الاقتناء,متوسط,B,المقال في مجلة جامعية مصرية مفهرسة في DOAJ وبنك المعرفة المصري؛ مستوى التحكيم الفعلي غير متحقق؛ لم أفحص المتن,https://doaj.org/api/search/articles/bibjson.title%3A%D8%A7%D9%84%D8%A3%D9%86%D8%AF%D9%84%D8%B3,https://qarts.journals.ekb.eg/article_143893_19f118a1f96676bdd6a171ab1f0176be.pdf,نص كامل مجاني,غير متحقق,سجل ببليوغرافي فقط,سجل DOAJ (استعلام العنوان «الأندلس» عبر واجهة DOAJ) — العنوان والمؤلف والمجلة والمجلد والعدد والصفحات وDOI؛ لم أفتح صفحة المقال (صفحات بنك المعرفة المصري EKB تعذّر فتحها: مهلة/429) (تاريخ التحقق 2026-09-23),فهرس,مقال موسوعي (الكتب والمكتبات),,,v1.1,v1.1: سجل جديد,2026-09-23,AR-20
LIB-ART-072,بحث علمي,رحلة الكتب المشرقية وأثرها العلمي في الأندلس,رحلة الكتب المشرقية وأثرها العلمي في الأندلس,هدى نوري شاكر,,2020,,DOI: 10.65074/wz44wx90,مجلة دراسات في التاريخ والآثار (جامعة بغداد)، مج 1، ع 76 (2020)، ص 539-578,,بحث,عربية,عربية,الإمارة; الخلافة; الفتنة والطوائف,التعليم; مخطوطات; جغرافيا,الأندلس؛ المشرق,يتتبع انتقال الكتب المشرقية وأثرها في إنتاج الشروح والمختصرات الأندلسية (ق3-5هـ),متوسط,B,ملخص واضح؛ لم أفحص المتن. ملاحظة: DOAJ يسجل السنة 2023 وصفحة المجلة 2020 — اعتمدت صفحة المجلة,https://jcoart.uobaghdad.edu.iq/index.php/2075-3047/article/view/487,https://jcoart.uobaghdad.edu.iq/index.php/2075-3047/article/view/487,نص كامل مجاني,CC BY 4.0 (بحسب صفحة المجلة),اطلاع على الفهرس/المقدمة/وصف الناشر,فتحت صفحة المقال: العنوان والمؤلفة وع76 سنة 2020 ص539-578 وDOI والملخص والترخيص (تاريخ التحقق 2026-09-23),وصف ناشر,مقال موسوعي (انتقال المعرفة); خريطة (طرق الرحلة العلمية),,,v1.1,v1.1: سجل جديد,2026-09-23,AR-21
LIB-ART-073,بحث علمي,ثلاث عالمات إشبيليات في فترة حكم الخلافة الأموية في الأندلس,ثلاث عالمات إشبيليات في فترة حكم الخلافة الأموية في الأندلس,منى ربيع بسطاوي,,2005,,DOI: 10.21608/qarts.2005.115181,مجلة كلية الآداب بقنا (جامعة جنوب الوادي)، مج 14، ع 15 (2005)، ص 9-40,,بحث,عربية,عربية,الخلافة,المرأة; التعليم,إشبيلية,دراسة تراجم لنساء عالمات؛ تسد جزءًا من فجوة المرأة بالعربية,متوسط,B,المقال في مجلة جامعية مصرية مفهرسة في DOAJ وبنك المعرفة المصري؛ مستوى التحكيم الفعلي غير متحقق؛ لم أفحص المتن,https://doaj.org/api/search/articles/bibjson.title%3A%D8%A7%D9%84%D8%A3%D9%86%D8%AF%D9%84%D8%B3,https://qarts.journals.ekb.eg/article_115181_ee5f65d2c8467ad2665d13b9f487624b.pdf,نص كامل مجاني,غير متحقق,سجل ببليوغرافي فقط,سجل DOAJ (استعلام العنوان «الأندلس» عبر واجهة DOAJ) — العنوان والمؤلف والمجلة والمجلد والعدد والصفحات وDOI؛ لم أفتح صفحة المقال (صفحات بنك المعرفة المصري EKB تعذّر فتحها: مهلة/429) (تاريخ التحقق 2026-09-23),فهرس,بطاقة شخصية (عالمات); درس,,,v1.1,v1.1: سجل جديد,2026-09-23,AR-22
LIB-ART-074,بحث علمي,الطلاق في الأندلس من خلال النوازل الفقهية,الطلاق في الأندلس من خلال النوازل الفقهية,لم أتحقق (سجل DOAJ بلا اسم مؤلف),,2022,,DOI: 10.21608/mrk.2022.226968,مجلة القراءة والمعرفة، مج 22، ع 244 (2022)، ص 47-63,,بحث,عربية,عربية,شامل,المرأة; مجتمع; فلسفة وفقه,الأندلس,يستثمر كتب النوازل لدراسة الطلاق والأسرة؛ مفيد لمحور المرأة والأسرة,متوسط,C,المؤلف غير مذكور في السجل؛ مجلة غير تاريخية؛ لم أفحص المتن,https://doaj.org/api/search/articles/bibjson.title%3A%D8%A7%D9%84%D8%A3%D9%86%D8%AF%D9%84%D8%B3,https://mrk.journals.ekb.eg/article_226968_f82c7544bfbf0359ae0725c9470ae074.pdf,نص كامل مجاني,غير متحقق,سجل ببليوغرافي فقط,سجل DOAJ (استعلام العنوان «الأندلس» عبر واجهة DOAJ) — العنوان والمؤلف والمجلة والمجلد والعدد والصفحات وDOI؛ لم أفتح صفحة المقال (صفحات بنك المعرفة المصري EKB تعذّر فتحها: مهلة/429) (تاريخ التحقق 2026-09-23),فهرس,درس (الأسرة),يُستكمل بدراسات إسبانية/إنجليزية عن المرأة في النوازل,,v1.1,v1.1: سجل جديد,2026-09-23,AR-23
LIB-ART-075,بحث علمي,المهمشون في الأندلس من واقع كتب النوازل,المهمشون في الأندلس من واقع كتب النوازل,عبد الباقي السيد عبد الهادي حسين القطان,,2020,,DOI: 10.21608/hsew.2020.165767,حولية سمنار التاريخ الإسلامي والوسيط (الهيئة المصرية العامة للكتاب)، مج 8، ع 8 (2020)، ص 1-68,,بحث,عربية,عربية,شامل,مجتمع; فلسفة وفقه,الأندلس,دراسة مطولة للفئات المهمشة (الفقراء، الرقيق، المتسولين...) من خلال النوازل؛ يفيد التاريخ الاجتماعي من أسفل,متوسط,B,حولية سمنار تاريخي متخصص؛ لم أفحص المتن,https://doaj.org/api/search/articles/bibjson.title%3A%D8%A7%D9%84%D8%A3%D9%86%D8%AF%D9%84%D8%B3,https://hsew.journals.ekb.eg/article_165767_93c28c300e78a8794b2ca45544965867.pdf,نص كامل مجاني,غير متحقق,سجل ببليوغرافي فقط,سجل DOAJ (استعلام العنوان «الأندلس» عبر واجهة DOAJ) — العنوان والمؤلف والمجلة والمجلد والعدد والصفحات وDOI؛ لم أفتح صفحة المقال (صفحات بنك المعرفة المصري EKB تعذّر فتحها: مهلة/429) (تاريخ التحقق 2026-09-23),فهرس,مقال موسوعي (الحياة اليومية),,,v1.1,v1.1: سجل جديد,2026-09-23,AR-24
LIB-ART-076,بحث علمي,التحولات الفكرية للأشاعرة في الأندلس في عصر الموحدين (541هـ-668هـ/1146م-1269م),التحولات الفكرية للأشاعرة في الأندلس في عصر الموحدين (541هـ-668هـ/1146م-1269م),راكان ذعار المطيري,,2020,,DOI: 10.21608/mercj.2020.110900,مجلة بحوث الشرق الأوسط (جامعة عين شمس)، مج 8، ع 57 (2020)، ص 69-110,,بحث,عربية,عربية,الموحدون,فلسفة وفقه; الأديان والجماعات,الأندلس؛ المغرب,يدرس موقف ابن تومرت والموحدين من الأشعرية وتحولاتها؛ يفيد سؤال العقيدة الرسمية الموحدية,متقدم,B,ملخص واضح؛ لم أفحص المتن,https://mercj.journals.ekb.eg/article_110900.html,https://mercj.journals.ekb.eg/article_110900_c1f5c30d36ac5644e43414ad4eb37e31.pdf,نص كامل مجاني,غير متحقق,اطلاع على الفهرس/المقدمة/وصف الناشر,فتحت صفحة المقال على EKB: العنوان والمؤلف ومج8 ع57 ص69-110 وDOI والملخص (تاريخ التحقق 2026-09-23),وصف ناشر,مقال موسوعي (الموحدون والعقيدة),,,v1.1,v1.1: سجل جديد,2026-09-23,AR-25
LIB-ART-077,بحث علمي,المعارضة الصوفية للمرابطين في الأندلس (ثورة ابن قسي نموذجًا),المعارضة الصوفية للمرابطين في الأندلس (ثورة ابن قسي نموذجًا),مها سعد علي إبراهيم,,2023,,DOI: 10.21608/kgef.2023.296903,مجلة كلية الآداب (جامعة حلوان)، مج 56، ع 1 (2023)، ص 1-30,,بحث,عربية,عربية,المرابطون,الأديان والجماعات; سياسة,غرب الأندلس (شلب، مارتلة) — البرتغال الحالية,عن ثورة المريدين بقيادة ابن قسي في غرب الأندلس؛ يسد فجوة غرب الأندلس/البرتغال بالعربية,متوسط,B,المقال في مجلة جامعية مصرية مفهرسة في DOAJ وبنك المعرفة المصري؛ مستوى التحكيم الفعلي غير متحقق؛ لم أفحص المتن (صفحة المقال تعذّر فتحها),https://doaj.org/api/search/articles/bibjson.title%3A%D8%A7%D9%84%D8%A3%D9%86%D8%AF%D9%84%D8%B3,https://kgef.journals.ekb.eg/article_296903.pdf,نص كامل مجاني,غير متحقق,سجل ببليوغرافي فقط,سجل DOAJ (استعلام العنوان «الأندلس» عبر واجهة DOAJ) — العنوان والمؤلف والمجلة والمجلد والعدد والصفحات وDOI؛ لم أفتح صفحة المقال (صفحات بنك المعرفة المصري EKB تعذّر فتحها: مهلة/429) (تاريخ التحقق 2026-09-23),فهرس,خريطة (غرب الأندلس); خط زمني; بطاقة شخصية (ابن قسي),,,v1.1,v1.1: سجل جديد,2026-09-23,AR-26
LIB-ART-078,بحث علمي,استقراء الأحداث التاريخية من كتب النوازل الفقهية (سقوط الأندلس نموذجًا),استقراء الأحداث التاريخية من كتب النوازل الفقهية (سقوط الأندلس نموذجًا),منال موسى راجي العنزي,,2019,,DOI: 10.21608/jcia.2019.102176,مجلة كلية الدراسات الإسلامية والعربية للبنات بدمنهور (جامعة الأزهر)، مج 4، ع 5 (2019)، ص 731-760,,بحث,عربية,عربية,السقوط والموريسكيون,فلسفة وفقه; تأريخ ونقد مصادر; الأديان والجماعات,الأندلس,يحلل فتاوى الصلاة تحت الإكراه وسقوط الحج والهجرة من دار الكفر؛ يفيد ملف المدجنين والموريسكيين بالعربية,متوسط,B,ملخص واضح؛ مجلة شرعية لا تاريخية؛ قصير,https://jcia.journals.ekb.eg/article_102176.html,https://jcia.journals.ekb.eg/article_102176_47e30d2b0ccc53cf372786f07abd08a7.pdf,نص كامل مجاني,غير متحقق,اطلاع على الفهرس/المقدمة/وصف الناشر,فتحت صفحة المقال على EKB: العنوان والمؤلفة ومج4 ع5 ص731-760 وDOI والملخص (تاريخ التحقق 2026-09-23),وصف ناشر,درس (السقوط والموريسكيون),,,v1.1,v1.1: سجل جديد,2026-09-23,AR-27
LIB-ART-079,بحث علمي,مُطبَق مدينة الزهراء الأندلسية (336-399هـ/947-1008م): دراسة تأريخية,مُطبَق مدينة الزهراء الأندلسية (336-399هـ/947-1008م): دراسة تأريخية,أنيس محمد جاسم المشهداني,,2020,,DOI: 10.65074/6t2ybn03,مجلة دراسات في التاريخ والآثار (جامعة بغداد)، مج 1، ع 76 (2020)، ص 119-172,,بحث,عربية,عربية,الخلافة,مؤسسات/قضاء/إدارة; مدن وعمران,مدينة الزهراء,عن السجن الخلافي (المطبق) في مدينة الزهراء ونزلائه؛ مفيد لبطاقة مدينة الزهراء,متوسط,B,ملخص واضح؛ لم أفحص المتن. DOAJ يسجل 2023 وصفحة المجلة 2020,https://jcoart.uobaghdad.edu.iq/index.php/2075-3047/article/view/456,https://jcoart.uobaghdad.edu.iq/index.php/2075-3047/article/view/456,نص كامل مجاني,CC BY 4.0 (بحسب صفحة المجلة),اطلاع على الفهرس/المقدمة/وصف الناشر,فتحت صفحة المقال: العنوان والمؤلف وع76 سنة 2020 ص119-172 وDOI والملخص والترخيص (تاريخ التحقق 2026-09-23),وصف ناشر,بطاقة مكان (مدينة الزهراء); مقال موسوعي,,,v1.1,v1.1: سجل جديد,2026-09-23,AR-28
LIB-ART-080,بحث علمي,مطبخ الخاصة في الأندلس في العصر الأموي 138-422هـ/756-1031م,مطبخ الخاصة في الأندلس في العصر الأموي 138-422هـ/756-1031م,عبد الحليم علي رمضان دويم (بحسب DOAJ؛ صفحة المقال لم تُظهر الاسم),,2020,,DOI: 10.21608/jfhsc.2020.115537,مجلة كلية الآداب والعلوم الإنسانية (جامعة قناة السويس)، مج 3، ع 32 (2020)، ص 12-53,,بحث,عربية,عربية,الإمارة; الخلافة,مجتمع; مدن وعمران,قرطبة,عن مطابخ الخاصة: التصميم والمواد وطرق الطهي وأشهر الأطعمة وتنظيم العاملين؛ مادة للحياة اليومية,متوسط,B,ملخص واضح؛ لم أفحص المتن,https://jfhsc.journals.ekb.eg/article_115537.html,https://jfhsc.journals.ekb.eg/article_115537_3aef0d779123941cddb613841e8609ec.pdf,نص كامل مجاني,غير متحقق,اطلاع على الفهرس/المقدمة/وصف الناشر,فتحت صفحة المقال على EKB: العنوان والملخص (والمؤلف أستاذ مساعد بجامعة المنصورة)؛ الاسم والمجلد والصفحات من DOAJ (اسم المؤلف ورد بالحروف اللاتينية Abdel-Haleem Ali Ramadan Doweam فنُقل تقريبيًا) (تاريخ التحقق 2026-09-23),وصف ناشر,مقال موسوعي (الطعام); درس,,,v1.1,v1.1: سجل جديد,2026-09-23,AR-29
LIB-ART-081,بحث علمي,ثقافة الصقالبة بالأندلس,ثقافة الصقالبة بالأندلس,محمد المنوبي,,2009,,DOI: 10.70443/jaaal.v5i1.155,مجلة المجمع الجزائري للغة العربية، مج 5، ع 1 (2009)، ص 149-166,,بحث,عربية,عربية,الإمارة; الخلافة; الفتنة والطوائف,مجتمع; التعليم; الأديان والجماعات,الأندلس,عن تعليم الصقالبة وبلوغهم مناصب علمية وسياسية وعسكرية؛ يفيد سؤال الرقيق والنخب,متوسط,B,مجلة مجمع لغوي رسمي؛ ملخص واضح؛ لم أفحص المتن,https://majala.aala.dz/index.php/majala/article/view/155,https://majala.aala.dz/index.php/majala/article/view/155,نص كامل مجاني,CC BY-NC 4.0 (بحسب صفحة المجلة),اطلاع على الفهرس/المقدمة/وصف الناشر,فتحت صفحة المقال في موقع مجلة المجمع الجزائري: العنوان والمؤلف ومج5 ع1 ص149-166 وDOI والملخص والترخيص (تاريخ التحقق 2026-09-23),وصف ناشر,مقال موسوعي (الصقالبة); بطاقات شخصية,,,v1.1,v1.1: سجل جديد,2026-09-23,AR-30
LIB-ART-082,بحث علمي,النشأة السياسية والعسكرية لمدينة بجّانة الأندلسية حتى اضمحلالها,النشأة السياسية والعسكرية لمدينة بجّانة الأندلسية حتى اضمحلالها,صباح خابط عزيز سعيد؛ أحمد كاظم عويد,,2021,,DOI: 10.31973/aj.v3i139.2285,مجلة الآداب (جامعة بغداد)، مج 3، ع 139 (2021)، ص 31-52,,بحث,عربية,عربية,الإمارة; الخلافة,مدن وعمران; بحرية وموانئ; سياسة,بجانة (Pechina) قرب المرية,عن مدينة بجانة وجمهورية البحارة وعلاقتها بقرطبة حتى صعود المرية؛ مفيد لبطاقة مدينة في الأطلس,متوسط,B,ملخص واضح؛ لم أفحص المتن,https://aladabj.uobaghdad.edu.iq/index.php/aladabjournal/article/view/2285,https://aladabj.uobaghdad.edu.iq/index.php/aladabjournal/article/view/2285,نص كامل مجاني,CC BY 4.0 (بحسب صفحة المجلة),اطلاع على الفهرس/المقدمة/وصف الناشر,فتحت صفحة المقال: العنوان والمؤلفان ومج3 ع139 ص31-52 وDOI والملخص والترخيص (تاريخ التحقق 2026-09-23),وصف ناشر,بطاقة مدينة; خريطة,,,v1.1,v1.1: سجل جديد,2026-09-23,AR-31
LIB-ART-083,بحث علمي,الصراع على الحجابة في الأندلس بأقلام استشراقية (366-392هـ/976-1002م),الصراع على الحجابة في الأندلس بأقلام استشراقية (366-392هـ/976-1002م),محمد العدل,,2022,,DOI: 10.21608/bfla.2022.277980,حولية كلية اللغة العربية بالزقازيق (جامعة الأزهر)، مج 42، ع 3 (2022)، ص 2105-2189,,بحث,عربية,عربية,الخلافة,سياسة; تأريخ ونقد مصادر,قرطبة,يقرأ تناول المستشرقين لصراع الحجابة وصعود المنصور بن أبي عامر؛ يفيد نقد الأدبيات الغربية,متقدم,B,موضوع تأريخي مفيد؛ الحولية لغوية أزهرية؛ لم أفحص المتن,https://doaj.org/api/search/articles/bibjson.title%3A%D8%A7%D9%84%D8%A3%D9%86%D8%AF%D9%84%D8%B3,https://bfla.journals.ekb.eg/article_277980_0dc8d033b049f91f6a03c25801393d35.pdf,نص كامل مجاني,غير متحقق,سجل ببليوغرافي فقط,سجل DOAJ (استعلام العنوان «الأندلس» عبر واجهة DOAJ) — العنوان والمؤلف والمجلة والمجلد والعدد والصفحات وDOI؛ لم أفتح صفحة المقال (صفحات بنك المعرفة المصري EKB تعذّر فتحها: مهلة/429) (تاريخ التحقق 2026-09-23),فهرس,بطاقة شخصية (المنصور); مقال موسوعي,,,v1.1,v1.1: سجل جديد,2026-09-23,AR-32
LIB-ART-084,بحث علمي,الأندلس والأدب الأندلسي في الدراسات الإسبانية الحديثة: أثر الأيديولوجيا في توجيه القراءة,الأندلس والأدب الأندلسي في الدراسات الإسبانية الحديثة: أثر الأيديولوجيا في توجيه القراءة,صالح عيظة الزهراني,,2019,,DOI: 10.21608/mkda.2019.134568,مجلة كلية دار العلوم (جامعة القاهرة)، مج 36، ع 127 (2019)، ص 15-68,,بحث,عربية,عربية,الإرث,تأريخ ونقد مصادر; أدب وشعر,إسبانيا,مراجعة نقدية لأثر الأيديولوجيا في الاستعراب الإسباني؛ يفيد قسم «الجدل التأريخي» في الموسوعة,متقدم,B,مجلة دار العلوم عريقة؛ لم أفحص المتن؛ منظور ناقد يحتاج موازنة بأعمال مؤرخين إسبان,https://doaj.org/api/search/articles/bibjson.title%3A%D8%A7%D9%84%D8%A3%D9%86%D8%AF%D9%84%D8%B3,https://mkda.journals.ekb.eg/article_134568_b50cb0e34704e438aafda09b76261c98.pdf,نص كامل مجاني,غير متحقق,سجل ببليوغرافي فقط,سجل DOAJ (استعلام العنوان «الأندلس» عبر واجهة DOAJ) — العنوان والمؤلف والمجلة والمجلد والعدد والصفحات وDOI؛ لم أفتح صفحة المقال (صفحات بنك المعرفة المصري EKB تعذّر فتحها: مهلة/429) (تاريخ التحقق 2026-09-23),فهرس,مقال موسوعي (تاريخ الاستعراب),,,v1.1,v1.1: سجل جديد,2026-09-23,AR-33
LIB-ART-085,بحث علمي,آفة الجراد في بلاد الأندلس عصر دولة بني أمية حتى عصر دولة المرابطين,آفة الجراد في بلاد الأندلس عصر دولة بني أمية حتى عصر دولة المرابطين,حمدي يوسف,,2026,,DOI: 10.21608/jocr.2026.519305.1267,مجلة مركز الخدمة للاستشارات البحثية (كلية الآداب، جامعة المنوفية) (2026),,بحث,عربية,عربية,الإمارة; الخلافة; الفتنة والطوائف; المرابطون,زراعة وتقنيات; جغرافيا; اقتصاد وتجارة,الأندلس,تاريخ بيئي-زراعي نادر بالعربية عن الجراد وأثره؛ يفيد خطًا زمنيًا للكوارث,متوسط,C,حديث جدًا؛ المجلد والعدد والصفحات غير مذكورة في السجل؛ لم أفحص المتن,https://doaj.org/api/search/articles/bibjson.title%3A%D8%A7%D9%84%D8%A3%D9%86%D8%AF%D9%84%D8%B3,https://jocr.journals.ekb.eg/article_525960.html,نص كامل مجاني,غير متحقق,سجل ببليوغرافي فقط,سجل DOAJ (استعلام العنوان «الأندلس» عبر واجهة DOAJ) — العنوان والمؤلف والمجلة والمجلد والعدد والصفحات وDOI؛ لم أفتح صفحة المقال (صفحات بنك المعرفة المصري EKB تعذّر فتحها: مهلة/429) (تاريخ التحقق 2026-09-23),فهرس,خط زمني (الكوارث والمجاعات),,,v1.1,v1.1: سجل جديد,2026-09-23,AR-34
LIB-ART-086,بحث علمي,العائلة الموريسكية: النساء والأطفال — جمع وتقديم د. عبد الجليل التميمي [مراجعة كتاب],العائلة الموريسكية: النساء والأطفال — جمع وتقديم د. عبد الجليل التميمي [مراجعة كتاب],محمد غالم,,1998,,DOI: 10.4000/insaniyat.11924,إنسانيات (CRASC، وهران)، ع 5 (1998)، ص 87-88,,بحث,عربية,عربية,السقوط والموريسكيون,المرأة; مجتمع; الأديان والجماعات,الموريسكيون (إسبانيا والمهجر),عرض قصير لكتاب جماعي حرره التميمي عن الأسرة الموريسكية؛ يثبت وجود العمل ويدل على مساهمة مؤسسة التميمي في دراسات الموريسكيين,تمهيدي,C,مراجعة قصيرة (صفحتان) لا دراسة؛ الكتاب نفسه لم أتحقق من ناشره وسنته (يُرجّح صدوره عن مؤسسة التميمي، زغوان — لم أتحقق),https://doaj.org/api/search/articles/doi%3A%2210.4000%2Finsaniyat.11924%22,https://journals.openedition.org/insaniyat/11924,نص كامل مجاني,غير متحقق,سجل ببليوغرافي فقط,سجل DOAJ بمعرف DOI (العنوان في DOAJ: «العائلة المورسكية : النساء والأطفال جمع وتقديم د.التميمي عبد الجليل»)؛ صفحة OpenEdition محجوبة بفلتر آلي (تاريخ التحقق 2026-09-23),فهرس,درس (الموريسكيون),دليل غير مباشر على أعمال التميمي؛ يُبحث عن الكتاب في فهارس مؤسسة التميمي,,v1.1,v1.1: سجل جديد,2026-09-23,AR-35
LIB-ART-087,بحث علمي,"Mujer y poder en el reino nazarí de Granada: la sultana Fāṭima bint al-Aḥmar, la perla central del collar de la dinastía (siglo XIV)",المرأة والسلطة في مملكة غرناطة النصرية: السلطانة فاطمة بنت الأحمر (القرن 14),Bárbara Boloix Gallardo (Universidad de Granada),Consejo Superior de Investigaciones Científicas (CSIC),2016,,DOI: 10.3989/aem.2016.46.1.08,Anuario de Estudios Medievales 46(1): 269–300,,بحث,إسبانية,إسبانية,غرناطة النصرية,المرأة; سياسة; مجتمع,غرناطة,يعيد بناء سيرة فاطمة بنت الأحمر (ت 1349) ودورها السياسي عبر عهود إخوتها وابنها وأحفادها؛ يجيب: هل مارست نساء البلاط النصري سلطة فعلية؟,بحثي متخصص,A,مجلة CSIC محكّمة وباحثة متخصصة في نساء بني نصر؛ دراسة حالة واحدة لا تعمَّم على كل النساء.,https://estudiosmedievales.revistas.csic.es/index.php/estudiosmedievales/article/view/795,https://estudiosmedievales.revistas.csic.es/index.php/estudiosmedievales/article/view/795,نص كامل مجاني,CC BY (ترخيص المجلة حسب سجل DOAJ للمجلات),اطلاع على الفهرس/المقدمة/وصف الناشر,فتحت صفحة المقال على موقع المجلة (العنوان، المؤلف، 46(1)، ص 269–300، DOI، الملخص) واطلعت على سجل DOAJ. (تاريخ التحقق 2026-09-23),وصف ناشر,بطاقة شخصية; مقال موسوعي; خط زمني,[محور: المرأة والأسرة],,v1.1,v1.1: سجل جديد,2026-09-23,TA-01
LIB-ART-088,بحث علمي,"Las mujeres del mundo rural nazarí. Vidas cotidianas, espacios y objetos domésticos según la Tuḥfat al-mugtarib de Aḥmad al-Qaštālī (siglo XIII)",نساء الريف النصري: الحياة اليومية والفضاءات والأدوات المنزلية من خلال «تحفة المغترب» للقشتالي (القرن 13),Bárbara Boloix Gallardo (Universidad de Granada),Consejo Superior de Investigaciones Científicas (CSIC),2023,,DOI: 10.3989/aem.2023.53.2.01,Anuario de Estudios Medievales 53(2): 477–514,,بحث,إسبانية,إسبانية,غرناطة النصرية,المرأة; مجتمع; الحياة اليومية,ريف مملكة غرناطة,يستخرج من كتاب مناقب صوفي صورة الحياة اليومية للنساء الريفيات: الأدوار الاجتماعية والبيت والأسرة والطعام؛ يخدم أيضًا محور الحياة اليومية.,بحثي متخصص,A,مجلة CSIC محكّمة؛ منهج جندري متعدد التخصصات؛ يعتمد على مصدر مناقبي واحد له طابعه الأدبي.,https://estudiosmedievales.revistas.csic.es/index.php/estudiosmedievales/article/view/1397,https://estudiosmedievales.revistas.csic.es/index.php/estudiosmedievales/article/view/1397,نص كامل مجاني,CC BY (ترخيص المجلة حسب سجل DOAJ للمجلات),اطلاع على الفهرس/المقدمة/وصف الناشر,فتحت صفحة المقال (العنوان، 53(2)، ص 477–514، DOI، الملخص) وسجل DOAJ. (تاريخ التحقق 2026-09-23),وصف ناشر,مقال موسوعي; درس; صورة,[محور: المرأة والأسرة] يصلح أيضًا للمحور 3 (الحياة اليومية).,,v1.1,v1.1: سجل جديد,2026-09-23,TA-02
LIB-ART-089,بحث علمي,Mujer y cuerpo en Al-Ándalus,المرأة والجسد في الأندلس,Pedro Tena Tena,Ediciones Universidad de Salamanca,2008,,لم أتحقق (لا DOI ظاهر),Studia Historica. Historia Medieval 26 (الصفحات غير مذكورة في البيانات),,بحث,إسبانية,إسبانية,شامل,المرأة; مجتمع; أدب وشعر,الأندلس,يدرس تمثيل جسد المرأة الأندلسية وتنوّع صورها بحسب السن والمكانة والأصل والطبقة، ويبيّن أن الوصف صاغته كتابة ذكورية دينية وسلطوية وأعراف فنية.,متقدم,B,مجلة جامعية محكّمة؛ مقاربة تمثيلية/أدبية أكثر منها اجتماعية-اقتصادية.,https://revistas.usal.es/index.php/Studia_H_Historia_Medieval/article/view/1232,https://revistas.usal.es/index.php/Studia_H_Historia_Medieval/article/view/1232,نص كامل مجاني,CC BY-NC-ND (ترخيص المجلة حسب سجل DOAJ للمجلات),اطلاع على الفهرس/المقدمة/وصف الناشر,فتحت صفحة المقال في موقع جامعة سلمنقة (العنوان، المؤلف، المجلد 26، سنة 2008، الملخص). سجل DOAJ يذكر 2009؛ اعتمدت سنة صفحة الناشر. (تاريخ التحقق 2026-09-23),وصف ناشر,مقال موسوعي; درس,[محور: المرأة والأسرة],,v1.1,v1.1: سجل جديد,2026-09-23,TA-03
LIB-ART-090,بحث علمي,Las mujeres mozárabes: identidades híbridas y campo de acción del colectivo femenino entre Al-Andalus y la cristianidad,النساء المستعربات: هويات هجينة ومجال فعل النساء بين الأندلس والعالم المسيحي,María de la Paz Estévez,Universidad Católica Argentina,2013,,لم أتحقق (لا DOI ظاهر),Estudios de Historia de España 15: 53–74,,بحث,إسبانية,إسبانية,شامل,المرأة; الأديان والجماعات; مجتمع,الأندلس والممالك المسيحية,مقاربة أولى لوضع النساء المستعربات وإمكانات فعلهن بين الأطر الشرعية الإسلامية والمسيحية؛ تسد فجوة نساء الجماعات غير المسلمة.,متقدم,B,مجلة محكّمة؛ صاحبتها تصفها بأنها «مقاربة أولى».,https://erevistas.uca.edu.ar/index.php/EHE/article/view/38,https://erevistas.uca.edu.ar/index.php/EHE/article/view/38,نص كامل مجاني,CC BY-NC-SA (ترخيص المجلة حسب سجل DOAJ للمجلات),اطلاع على الفهرس/المقدمة/وصف الناشر,فتحت صفحة المقال (العنوان، المجلد 15، ص 53–74، الملخص). الصفحة تذكر 2013 وسجل DOAJ 2016 (تاريخ الإيداع على الأرجح). (تاريخ التحقق 2026-09-23),وصف ناشر,مقال موسوعي; درس,[محور: المرأة والأسرة],,v1.1,v1.1: سجل جديد,2026-09-23,TA-04
LIB-ART-091,بحث علمي,La Historiografía reciente acerca de las mujeres andalusíes. Itinerario y balance,التأريخ الحديث لنساء الأندلس: المسار والحصيلة,Mª Isabel Pérez de Tudela Velasco,Universidad Carlos III de Madrid,2015,,لم أتحقق (لا DOI ظاهر),Revista de Historiografía (RevHisto) 22: 129–146,,بحث,إسبانية,إسبانية,شامل,المرأة; تأريخ ونقد مصادر,الأندلس,مراجعة تأريخية للدراسات منذ 1989 عن نساء الأندلس: الحياة الدينية، والزواج والتسرّي والانحراف الجنسي، والحياة اليومية، والتراجم؛ نقطة انطلاق ببليوغرافية لمحور المرأة والتسرّي.,متوسط,A,مراجعة شاملة في مجلة محكّمة متخصصة في التأريخ؛ تتوقف عند 2015.,https://e-revistas.uc3m.es/index.php/REVHISTO/article/view/2649,https://e-revistas.uc3m.es/index.php/REVHISTO/article/view/2649,نص كامل مجاني,CC BY-NC-ND 4.0 (حسب صفحة المقال),اطلاع على الفهرس/المقدمة/وصف الناشر,فتحت صفحة المقال (العدد 22، ص 129–146، الترخيص، الملخص) وسجل DOAJ. (تاريخ التحقق 2026-09-23),وصف ناشر,مقال موسوعي; درس,[محور: المرأة والأسرة / مراجعات تأريخية] يخدم أيضًا المحور 10 (المراجعات التأريخية).,,v1.1,v1.1: سجل جديد,2026-09-23,TA-05
LIB-ART-092,بحث علمي,El niño en al-Andalus a través de la medicina y el derecho,الطفل في الأندلس من خلال الطب والفقه,Camilo Álvarez de Morales,Universidad Católica Argentina,2005,,لم أتحقق (لا DOI ظاهر),Estudios de Historia de España 7: 51–65,,بحث,إسبانية,إسبانية,شامل,المرأة; علوم وطب وفلك; فلسفة وفقه; مجتمع,الأندلس,يتتبع الطفولة من الحمل حتى البلوغ في النصوص الطبية والفقهية: الجوانب الطبية والغذائية والاجتماعية والقانونية؛ يجيب عن أسئلة الأسرة والتنشئة.,متقدم,B,كاتبه متخصص في الطب الأندلسي؛ مقال قصير نسبيًا.,https://erevistas.uca.edu.ar/index.php/EHE/article/view/299,https://erevistas.uca.edu.ar/index.php/EHE/article/view/299,نص كامل مجاني,CC BY-NC-SA (ترخيص المجلة حسب سجل DOAJ للمجلات),اطلاع على الفهرس/المقدمة/وصف الناشر,فتحت صفحة المقال (المجلد 7، ص 51–65، سنة 2005، الملخص). سجل DOAJ يذكر 2017 (تاريخ الإيداع على الأرجح). (تاريخ التحقق 2026-09-23),وصف ناشر,مقال موسوعي; درس,[محور: المرأة والأسرة / الطب] يخدم محوري الأسرة والطب.,,v1.1,v1.1: سجل جديد,2026-09-23,TA-06
LIB-ART-093,بحث علمي,De Alejandría a Córdoba: la Medicina según Ibn Rushd y la tradición araboislámica,من الإسكندرية إلى قرطبة: الطب عند ابن رشد والتقليد العربي الإسلامي,Miquel Forcada (Universidad de Barcelona),Consejo Superior de Investigaciones Científicas (CSIC),2020,,DOI: 10.3989/asclepio.2020.13,Asclepio 72(2): p312,,بحث,إسبانية,إسبانية,الموحدون,علوم وطب وفلك; فلسفة وفقه,قرطبة/الأندلس,يبيّن تحوّل تصور ابن رشد للطب من «صناعة منتجة» في الكليات (1162–1169) إلى «علم» في شرحه لأرجوزة ابن سينا (1180)، مستعينًا بمخطوط مكتشف حديثًا وبالسياق الموحدي.,بحثي متخصص,A,مؤلف مرجعي في تاريخ العلوم الأندلسية ومجلة CSIC محكّمة.,https://doaj.org/api/search/articles/bibjson.author.name%3AForcada%20AND%20bibjson.journal.title%3AAsclepio?pageSize=5,http://asclepio.revistas.csic.es/index.php/asclepio/article/view/1022,نص كامل مجاني,CC BY (ترخيص المجلة حسب سجل DOAJ للمجلات),سجل ببليوغرافي فقط,اطلعت على سجل DOAJ مع الملخص الكامل؛ صفحة الناشر (asclepio.revistas.csic.es) تعذّر فتحها آليًا (SSL/robots). (تاريخ التحقق 2026-09-23),فهرس,مقال موسوعي; بطاقة شخصية,[محور: الطب والصيدلة] تحقق ناقص: لم تُفتح صفحة الناشر.,,v1.1,v1.1: سجل جديد,2026-09-23,TA-07
LIB-ART-094,بحث علمي,Cultivo y usos etnobotánicos del cáñamo (Cannabis Sativa L.) en la ciencia árabe (siglos VIII-XVII),زراعة القنّب واستعمالاته النباتية-الإثنية في العلم العربي (القرون 8–17),Indalecio Lozano Cámara (Universidad de Granada),Consejo Superior de Investigaciones Científicas (CSIC),2017,,DOI: 10.3989/asclepio.2017.20,Asclepio 69(2): p197,,بحث,إسبانية,إسبانية,شامل,علوم وطب وفلك; زراعة وتقنيات,العالم الإسلامي والأندلس,تحليل فيلولوجي لنحو ثلاثين مصدرًا علميًا عن القنب: استعمالاته الغذائية والنسيجية والدوائية والطقسية؛ مثال على انتقال المعرفة الصيدلانية والزراعية.,بحثي متخصص,B,مجلة CSIC محكّمة؛ النطاق يتجاوز الأندلس إلى العلم العربي عمومًا.,https://doaj.org/api/search/articles/bibjson.identifier.id%3A%2210.3989%2Fasclepio.2017.20%22?pageSize=5,http://asclepio.revistas.csic.es/index.php/asclepio/article/view/754,نص كامل مجاني,CC BY (ترخيص المجلة حسب سجل DOAJ للمجلات),سجل ببليوغرافي فقط,اطلعت على سجل DOAJ والملخص؛ صفحة الناشر تعذّر فتحها (SSL/robots). (تاريخ التحقق 2026-09-23),فهرس,مقال موسوعي,[محور: الطب والصيدلة] تحقق ناقص: لم تُفتح صفحة الناشر.,,v1.1,v1.1: سجل جديد,2026-09-23,TA-08
LIB-ART-095,بحث علمي,El legado islámico en los cuidados psiquiátricos. El Maristán de Granada,الإرث الإسلامي في الرعاية النفسية: مارستان غرناطة,Alfonso Fernández Vázquez; Rubén Mañá Ares,Universidad de Alicante,2016,,DOI: 10.14198/cuid.2016.45.06,Cultura de los Cuidados 45: 52–63,,بحث,إسبانية,إسبانية,غرناطة النصرية,علوم وطب وفلك; مؤسسات/قضاء/إدارة,غرناطة,يعرض تنظيم مارستان غرناطة (أسسه محمد الخامس 1367) وعلاجاته: الحمية والعلاج المائي والتدليك والفصد والأدوية، وأثره في المصحات المسيحية لاحقًا.,متوسط,C,مجلة تمريض محكّمة وليست مجلة تاريخ؛ المؤلفان من خارج الاستعراب؛ يُستكمل بدراسات المارستان الأثرية والتاريخية.,https://culturacuidados.ua.es/article/view/2016-n45-el-legado-islamico-en-los-cuidados-psiquiatricos-el-maristan-de-granada,https://culturacuidados.ua.es/article/view/2016-n45-el-legado-islamico-en-los-cuidados-psiquiatricos-el-maristan-de-granada,نص كامل مجاني,CC BY 4.0 (حسب صفحة المقال),اطلاع على الفهرس/المقدمة/وصف الناشر,فتحت صفحة المقال (العنوانان الإسباني والإنجليزي، العدد 45، ص 52–63، DOI، الترخيص، الملخص). (تاريخ التحقق 2026-09-23),وصف ناشر,مقال موسوعي; خريطة; درس,[محور: الطب والمستشفيات] ادعاء «الريادة» يحتاج مقارنة بمصادر متخصصة.,,v1.1,v1.1: سجل جديد,2026-09-23,TA-09
LIB-ART-096,بحث علمي,El Kitāb Al-Ŷāmiˁ de Ibn Al-Bayṭār. Edición y traducción de la letra Wāw,كتاب «الجامع» لابن البيطار: تحقيق وترجمة حرف الواو,Mila Mohamed Salem (Universidad Pablo de Olavide),Universidad de Cádiz,2022,,DOI: 10.25267/AAM.2022.i23.03,Al-Andalus Magreb 29 (العدد 23): يبدأ ص 103,,بحث,إسبانية/عربية,إسبانية,الممالك المتأخرة,علوم وطب وفلك; مخطوطات,مالقة/الأندلس والمشرق,تحقيق عربي لحرف الواو من «الجامع لمفردات الأدوية والأغذية» اعتمادًا على مخطوط الإسكوريال 840 ومخطوطين آخرين، مع ترجمة إسبانية؛ نص أصلي محقق للصيدلة الأندلسية.,بحثي متخصص,B,تحقيق جزئي في مجلة جامعية محكّمة؛ يغطي حرفًا واحدًا.,https://revistas.uca.es/index.php/aam/article/view/8847,https://revistas.uca.es/index.php/aam/article/view/8847,نص كامل مجاني,CC BY-NC-ND 4.0 (حسب صفحة المقال),اطلاع على الفهرس/المقدمة/وصف الناشر,فتحت صفحة المقال (العنوان، المؤلفة، المجلد/العدد، DOI، الترخيص، الملخص). (تاريخ التحقق 2026-09-23),وصف ناشر,مقال موسوعي; بطاقة شخصية,[محور: الطب والصيدلة],,v1.1,v1.1: سجل جديد,2026-09-23,TA-10
LIB-ART-097,بحث علمي,El Kitāb Mīzān al-Ṭabīb de Ibn al-Bayṭār. Descripción del unico manuscrito conservado y contenido de la obra,كتاب «ميزان الطبيب» لابن البيطار: وصف المخطوط الوحيد الباقي ومحتواه,Ana M. Cabo-González (Universidad de Sevilla),Polish Academy of Sciences (Folia Orientalia),2019,,DOI: 10.24425/for.2019.130705,Folia Orientalia 56: 95–112,,بحث,إسبانية,إسبانية,الممالك المتأخرة,علوم وطب وفلك; مخطوطات,الأندلس/المشرق؛ المخطوط في أوبسالا,يصف مخطوط أوبسالا 351/Vet. 58 لكتاب «ميزان الطبيب» (80 فصلًا في الأمراض من الرأس إلى القدم)؛ يكشف جانبًا طبيًا غير مشهور من ابن البيطار.,بحثي متخصص,B,باحثة متخصصة في ابن البيطار ومجلة محكّمة؛ وصف مخطوط لا تحقيق كامل.,https://wydawnictwo.pan.pl/index.php/fo/article/view/1994,https://wydawnictwo.pan.pl/index.php/fo/article/view/1994,نص كامل مجاني,CC BY 4.0 (حسب صفحة المقال),اطلاع على الفهرس/المقدمة/وصف الناشر,فتحت صفحة المقال (المجلد 56، 2019، ص 95–112، DOI، الترخيص، الملخص). سجل DOAJ يذكر 2026 خطأً على الأرجح. (تاريخ التحقق 2026-09-23),وصف ناشر,بطاقة شخصية; مقال موسوعي,"[محور: الطب والصيدلة] manuscript: Uppsala University Library, 351/Vet. 58 (حسب الملخص).",,v1.1,v1.1: سجل جديد,2026-09-23,TA-11
LIB-ART-098,بحث علمي,La alimentación en al-Andalus a partir del registro arqueofaunístico. Estado de la cuestión,الغذاء في الأندلس من خلال البقايا الحيوانية الأثرية: حالة البحث,Desiderio Vaquerizo Gil (Universidad de Córdoba),Universidad de Alicante,2017,,DOI: 10.14198/LVCENTVM2017.36.20,Lucentum 36: 341–358,,بحث,إسبانية,إسبانية,شامل,مجتمع; آثار; زراعة وتقنيات,الأندلس,حالة بحث تجمع المصادر المكتوبة وبقايا الحيوان الأثرية لرسم أنماط الغذاء وتأثرها بالتشريع الديني والري والطب؛ يجيب: ماذا أكل الأندلسيون وكيف نعرف؟,متوسط,A,أثري بارز ومجلة محكّمة؛ طابع تركيبي.,https://lucentum.ua.es/article/view/10750,https://lucentum.ua.es/article/view/10750,نص كامل مجاني,CC BY-NC 4.0 (حسب صفحة المقال),اطلاع على الفهرس/المقدمة/وصف الناشر,فتحت صفحة المقال (المؤلف والانتماء، العدد 36، ص 341–358، DOI، الترخيص، الملخص). رابط doi.org أعاد 404 وقت التحقق. (تاريخ التحقق 2026-09-23),وصف ناشر,مقال موسوعي; درس,[محور: الحياة اليومية] يخدم أيضًا المحور 10 (حالة البحث).,,v1.1,v1.1: سجل جديد,2026-09-23,TA-12
LIB-ART-099,بحث علمي,Un baño privado en el arrabal occidental de Madinat Qurtuba,حمّام خاص في الربض الغربي لمدينة قرطبة,Rafael Clapés Salmoral,Universidad de Jaén,2013,,DOI: 10.17561/aytm.v20i0.1447,Arqueología y Territorio Medieval 20: 97–128,,بحث,إسبانية,إسبانية,الخلافة,مدن وعمران; آثار; مجتمع,قرطبة,دراسة أثرية لحمام منزلي نادر في أرباض قرطبة، تبيّن كيف نُقل نموذج الحمام العام إلى البيت؛ مادة عن النظافة والسكن.,بحثي متخصص,B,مجلة آثار محكّمة؛ حالة واحدة.,http://revistaselectronicas.ujaen.es/index.php/ATM/article/view/1447,http://revistaselectronicas.ujaen.es/index.php/ATM/article/view/1447,نص كامل مجاني,CC BY 4.0 (حسب صفحة المقال),اطلاع على الفهرس/المقدمة/وصف الناشر,فتحت صفحة المقال (المجلد 20، ص 97–128، DOI، الترخيص، الملخص). (تاريخ التحقق 2026-09-23),وصف ناشر,صورة; مقال موسوعي; خريطة,[محور: الحياة اليومية],,v1.1,v1.1: سجل جديد,2026-09-23,TA-13
LIB-ART-100,بحث علمي,El juego deportivo en al-Andalus,اللعب الرياضي في الأندلس,Manuel Hernández Vázquez; Matilde Arroyo Parra,Universidad Politécnica de Madrid,2006,,لم أتحقق (لا DOI ظاهر),Materiales para la Historia del Deporte 4: 33–69,,بحث,إسبانية,إسبانية,شامل,مجتمع,الأندلس,يعدّد الألعاب والرياضات: الصيد، البيزرة، سباق الخيل، البولو، الحمامات، لعبة القصب، الشطرنج، ويمتد إلى الموريسكيين حتى 1609.,تمهيدي,C,مجلة تاريخ رياضة محكّمة لكن المؤلفين من خارج الاستعراب؛ تعريفي يحتاج مراجعة المصادر.,http://polired.upm.es/index.php/materiales_historia_deporte/article/view/4323,http://polired.upm.es/index.php/materiales_historia_deporte/article/view/4323,نص كامل مجاني,CC BY-NC-ND 4.0 (حسب صفحة المقال),اطلاع على الفهرس/المقدمة/وصف الناشر,فتحت صفحة المقال (العدد 4، ص 33–69، الترخيص، الملخص). (تاريخ التحقق 2026-09-23),وصف ناشر,درس; مقال موسوعي,[محور: الحياة اليومية] مدخل عام فقط لمحور الألعاب.,,v1.1,v1.1: سجل جديد,2026-09-23,TA-14
LIB-ART-101,بحث علمي,Paths of Gharb al-Andalus: Reading Toponymic Data and Written Sources,طرق غرب الأندلس: قراءة المعطيات الطوبونيمية والمصادر المكتوبة,Santiago Macias,Université Mohammed V – Rabat,2023,,لم أتحقق (لا DOI ظاهر),Hespéris-Tamuda 58(2): 91–119,,بحث,إنجليزية,إنجليزية,شامل,جغرافيا; مدن وعمران; لغة,غرب الأندلس (البرتغال),يقارن ابن حوقل والإدريسي والحميري بمسار أنطونين الروماني لإعادة رسم شبكة الطرق والأنهار واستمرار الطرق الرومانية؛ مادة مباشرة للأطلس.,بحثي متخصص,A,مؤلف مرجعي (ميرتلة) ومجلة محكّمة؛ إعادة البناء ظنية لقلة الآثار المادية.,https://www.hesperis-tamuda.com/Downloads/2020-2029/2023/Fascicule-2/4.pdf,https://www.hesperis-tamuda.com/Downloads/2020-2029/2023/Fascicule-2/4.pdf,نص كامل مجاني,CC BY (ترخيص المجلة حسب سجل DOAJ للمجلات),فحص أجزاء من المحتوى,فتحت ملف PDF للمقال (العنوان، المؤلف، المجلد 58(2)، ص 91–119، الملخص وعناوين الأقسام). (تاريخ التحقق 2026-09-23),فهرس,خريطة; مقال موسوعي,[محور: غرب الأندلس/البرتغال],,v1.1,v1.1: سجل جديد,2026-09-23,TA-15
LIB-ART-102,بحث علمي,O Gharb al-Andalus em dois geógrafos árabes do século VII/XIII: Yâqût al-Hamâwî e Ibn Sa'îd al-Maghribî,غرب الأندلس عند جغرافيين عربيين من القرن السابع/الثالث عشر: ياقوت الحموي وابن سعيد المغربي,António Rei,"Instituto de Estudos Medievais, Universidade NOVA de Lisboa",2005,,DOI: 10.4000/medievalista.929 (حسب DOAJ),Medievalista 1,,بحث,برتغالية,متعددة,شامل,جغرافيا; تأريخ ونقد مصادر,غرب الأندلس (البرتغال),يعرض ما قاله ياقوت وابن سعيد عن مدن غرب الأندلس ويسد نقص الترجمات البرتغالية بعد مختارات بورجس كوالهو.,متقدم,B,مؤرخ برتغالي متخصص ومجلة محكّمة؛ مقال قصير.,https://revistas.fcsh.unl.pt/medievalista/article/view/1174,https://revistas.fcsh.unl.pt/medievalista/article/view/1174,نص كامل مجاني,CC BY 4.0 (حسب صفحة المقال),اطلاع على الفهرس/المقدمة/وصف الناشر,فتحت صفحة المقال في موقع المجلة الجديد revistas.fcsh.unl.pt (العنوان، المؤلف، العدد 1، الترخيص، الملخص)؛ نسخة OpenEdition تعذّر فتحها. (تاريخ التحقق 2026-09-23),وصف ناشر,خريطة; مقال موسوعي,[محور: غرب الأندلس/البرتغال],,v1.1,v1.1: سجل جديد,2026-09-23,TA-16
LIB-ART-103,بحث علمي,"Da mesquita à catedral, percurso por um lugar central em Lisboa",من المسجد إلى الكاتدرائية: مسار موضع مركزي في لشبونة,Jacinta Bugalhão,"Instituto de Estudos Medievais, Universidade NOVA de Lisboa",2025,,DOI: 10.4000/134bg (حسب صفحة المقال),Medievalista 37: 459–491,,بحث,برتغالية,متعددة,شامل,مدن وعمران; آثار; الأديان والجماعات,لشبونة (الأشبونة),يجمع الأدلة التاريخية والأثرية على أن المسجد الجامع للأشبونة كان في موضع الكاتدرائية، مع بقايا مبنى إسلامي ضخم تحت الرواق؛ مهم لخريطة لشبونة الإسلامية.,بحثي متخصص,A,أثرية متخصصة في لشبونة الإسلامية ومجلة محكّمة؛ التعرف على المسجد فرضية مدعومة.,https://revistas.fcsh.unl.pt/medievalista/article/view/836,https://revistas.fcsh.unl.pt/medievalista/article/view/836,نص كامل مجاني,CC BY 4.0 (حسب صفحة المقال),اطلاع على الفهرس/المقدمة/وصف الناشر,فتحت صفحة المقال (العدد 37، ص 459–491، DOI، الترخيص، الملخص). (تاريخ التحقق 2026-09-23),وصف ناشر,خريطة; صورة; مقال موسوعي,[محور: غرب الأندلس/البرتغال],,v1.1,v1.1: سجل جديد,2026-09-23,TA-17
LIB-ART-104,بحث علمي,Cerâmicas omíadas do Garb Al-andalus: Resultados arqueológicos no Castelo Velho de Alcoutim e no Castelo das Relíquias (Alcoutim),فخاريات أموية من غرب الأندلس: نتائج الحفريات في Castelo Velho وCastelo das Relíquias (ألكوتيم),Helena Catarino,Universidad de Jaén,1998,,DOI: 10.17561/aytm.v6i0.1529,Arqueología y Territorio Medieval 6: 113–132,,بحث,برتغالية,متعددة,الإمارة,آثار; مدن وعمران,ألكوتيم، الغارب,دراسة لفخار الحقبة الأموية في مواقع حصينة بالغارب البرتغالي، مبنية على تصنيفات روسيّو؛ مرجع لتأريخ الاستيطان الريفي.,بحثي متخصص,B,أثرية مرجعية في الغارب؛ مادة تقنية قديمة نسبيًا.,http://revistaselectronicas.ujaen.es/index.php/ATM/article/view/1529,http://revistaselectronicas.ujaen.es/index.php/ATM/article/view/1529,نص كامل مجاني,CC BY 4.0 (حسب صفحة المقال),اطلاع على الفهرس/المقدمة/وصف الناشر,فتحت صفحة المقال (المجلد 6، ص 113–132، DOI، الترخيص، الملخص). (تاريخ التحقق 2026-09-23),وصف ناشر,خريطة; صورة,[محور: غرب الأندلس/البرتغال],,v1.1,v1.1: سجل جديد,2026-09-23,TA-18
LIB-ART-105,بحث علمي,"Islamic copper-based metal artefacts from the Garb al-Andalus. A multidisciplinary approach on the Alcáçova of Mārtulah (Mértola, South of Portugal)",المصنوعات النحاسية الإسلامية في غرب الأندلس: مقاربة متعددة التخصصات لقصبة ميرتلة,Carlo Bottaini; Susana Gómez Martínez; Rui Bordalo; Massimo Beltrame; José Mirão; Lígia Rafael; Nick Schiavon,Springer Nature,2022,,DOI: 10.1186/s40494-022-00736-z,Heritage Science 10(1): art. 97,,بحث,إنجليزية,إنجليزية,الموحدون,آثار; اقتصاد وتجارة; زراعة وتقنيات,ميرتلة (البرتغال),تحليل XRF لـ171 قطعة نحاسية من ميرتلة (ق 12–13): سبائك متنوعة وإعادة تدوير واسعة وصعوبة الحصول على الخامات؛ يربط الحِرف بالسياق السياسي.,بحثي متخصص,B,مجلة علمية محكّمة؛ تقنية كيميائية تحتاج قراءة تاريخية مكمّلة.,https://www.nature.com/articles/s40494-022-00736-z,https://www.nature.com/articles/s40494-022-00736-z,نص كامل مجاني,Creative Commons (حسب صفحة المقال؛ لم أتحقق من نوعها),اطلاع على الفهرس/المقدمة/وصف الناشر,فتحت صفحة المقال على nature.com (العنوان، المؤلفون، المجلد، رقم المقال 97، DOI، الملخص). (تاريخ التحقق 2026-09-23),وصف ناشر,صورة; مقال موسوعي,[محور: غرب الأندلس/البرتغال] يخدم محور الحِرف (9) أيضًا.,,v1.1,v1.1: سجل جديد,2026-09-23,TA-19
LIB-ART-106,بحث علمي,Introducción al estudio del poblamiento bereber en la marca superior de al-Andalus (siglos viii-xii),مدخل إلى دراسة الاستيطان البربري في الثغر الأعلى للأندلس (القرون 8–12),Bilal Sarr,Casa de Velázquez,2013,,DOI: 10.4000/mcv.4931,Mélanges de la Casa de Velázquez 43(1): 209–230,,بحث,إسبانية,إسبانية,شامل,مجتمع; جغرافيا; لغة,الثغر الأعلى (وشقة، سرقسطة),نتائج أولية لبرنامج بحث عن الاستيطان الأمازيغي في الثغر الأعلى اعتمادًا على المصادر المكتوبة والطوبونيميا؛ يجيب: أين استقر البربر شمال الأندلس؟,بحثي متخصص,A,باحث متخصص في البربر ومجلة محكّمة؛ نتائج أولية بطبيعتها.,https://doaj.org/api/search/articles/bibjson.identifier.id%3A%2210.4000%2Fmcv.4931%22,https://journals.openedition.org/mcv/4931,نص كامل مجاني,CC BY-NC-ND (ترخيص المجلة حسب سجل DOAJ للمجلات),سجل ببليوغرافي فقط,اطلعت على سجل DOAJ (الملخص والكلمات المفتاحية)؛ صفحة OpenEdition حجبها نظام مكافحة الروبوتات. (تاريخ التحقق 2026-09-23),فهرس,خريطة; مقال موسوعي,[محور: الثغر الأعلى/البربر] تحقق ناقص: لم تُفتح صفحة الناشر.,,v1.1,v1.1: سجل جديد,2026-09-23,TA-20
LIB-ART-107,بحث علمي,"El Conde Casio, los Banu Qasi y los linajes godos en Al-Andalus",الكونت كاسيوس وبنو قسي والأنساب القوطية في الأندلس,Maribel Fierro,Ediciones Universidad de Salamanca,2009,,لم أتحقق (لا DOI ظاهر),Studia Historica. Historia Medieval 27: 181–189,,بحث,إسبانية,إسبانية,الإمارة,سياسة; تأريخ ونقد مصادر; مجتمع,الثغر الأعلى (وادي إبرة),يعيد فحص أصول بني قسي ويرفض كون كاسيوس أرستقراطيًا بارزًا، ويبيّن تكوّن ذاكرة نسبية مرتبطة بالأمويين؛ يربط أيضًا بمحور الانتقال القوطي.,بحثي متخصص,A,مؤرخة مرجعية؛ مقال مراجعي قصير.,https://revistas.usal.es/index.php/Studia_H_Historia_Medieval/article/view/7657,https://revistas.usal.es/index.php/Studia_H_Historia_Medieval/article/view/7657,نص كامل مجاني,CC BY-NC-ND (ترخيص المجلة حسب سجل DOAJ للمجلات),اطلاع على الفهرس/المقدمة/وصف الناشر,فتحت صفحة المقال (المجلد 27، ص 181–189، الملخص). سجل DOAJ يذكر 2011؛ اعتمدت سنة صفحة الناشر (2009). (تاريخ التحقق 2026-09-23),وصف ناشر,بطاقة شخصية; مقال موسوعي,[محور: الثغر الأعلى/بنو قسي],,v1.1,v1.1: سجل جديد,2026-09-23,TA-21
LIB-ART-108,بحث علمي,Sociedad y administración del territorio en el tagr al-'alà: El ejemplo del iqlīm de Qutanda,المجتمع وإدارة المجال في الثغر الأعلى: مثال إقليم قتندة,Julián M. Ortega Ortega,Universidad de Jaén,1998,,DOI: 10.17561/aytm.v5i0.1541,Arqueología y Territorio Medieval 5: 31–54,,بحث,إسبانية,إسبانية,المرابطون,مؤسسات/قضاء/إدارة; جغرافيا; آثار,قتندة، حوض بانكرودو (تيرويل)، عمل سرقسطة,يحلل طبيعة «الإقليم» الإداري واستيطان حوض بانكرودو أوائل القرن 12 حول قتندة (موقع معركة 1120).,بحثي متخصص,B,مجلة آثار محكّمة؛ دراسة محلية.,http://revistaselectronicas.ujaen.es/index.php/ATM/article/view/1541,http://revistaselectronicas.ujaen.es/index.php/ATM/article/view/1541,نص كامل مجاني,CC BY 4.0 (حسب صفحة المقال),اطلاع على الفهرس/المقدمة/وصف الناشر,فتحت صفحة المقال (المجلد 5، ص 31–54، DOI، الترخيص، الملخص). (تاريخ التحقق 2026-09-23),وصف ناشر,خريطة; مقال موسوعي,[محور: الثغر الأعلى/سرقسطة],,v1.1,v1.1: سجل جديد,2026-09-23,TA-22
LIB-ART-109,بحث علمي,Los husún de los Banu Qasi: algunas consideraciones desde el registro escrito,حصون بني قسي: ملاحظات من خلال المصادر المكتوبة,Jesús Lorenzo Jiménez,Universidad de La Rioja,2007,,DOI: 10.18172/brocar.1668,Brocar 31: 79–106,,بحث,إسبانية,إسبانية,الإمارة,عسكري; مدن وعمران; جغرافيا,وادي إبرة الأوسط,يجمع شواهد المصادر عن حصون بني قسي (ق 8–10)؛ صاحبه مؤلف أطروحة/كتاب «دولة بني قسي».,بحثي متخصص,B,متخصص في بني قسي؛ لا ملخص منشور على الصفحة.,https://publicaciones.unirioja.es/ojs/index.php/brocar/article/view/1668,https://publicaciones.unirioja.es/ojs/index.php/brocar/article/view/1668,نص كامل مجاني,CC BY 4.0 (حسب صفحة المقال),سجل ببليوغرافي فقط,فتحت صفحة المقال (العنوان، العدد 31، ص 79–106، DOI، الترخيص)؛ لا ملخص على الصفحة. (تاريخ التحقق 2026-09-23),فهرس,خريطة; خط زمني,[محور: الثغر الأعلى/بنو قسي],,v1.1,v1.1: سجل جديد,2026-09-23,TA-23
LIB-ART-110,بحث علمي,Drought as a possible contributor to the Visigothic Kingdom crisis and Islamic expansion in the Iberian Peninsula,الجفاف عاملًا محتملًا في أزمة المملكة القوطية والتوسع الإسلامي في شبه الجزيرة,Jon Camuera; Francisco J. Jiménez-Espejo; José Soto-Chica; Gonzalo Jiménez-Moreno; وآخرون,Springer Nature,2023,,DOI: 10.1038/s41467-023-41367-7,Nature Communications 14: art. 5733,,بحث,إنجليزية,إنجليزية,ما قبل الفتح,زراعة وتقنيات; سياسة; جغرافيا,إيبيريا والمغرب,تركيب 107 سجلات لقاح مع بيانات الكهوف والوثائق: أشد جفاف 695–725م تزامن مع المجاعات وانهيار المملكة القوطية؛ عامل بيئي في تفسير الفتح.,متقدم,A,مجلة علمية كبرى وفريق مشترك من علماء المناخ ومؤرخ؛ «عامل محتمل» لا سبب وحيد.,https://www.nature.com/articles/s41467-023-41367-7,https://www.nature.com/articles/s41467-023-41367-7,نص كامل مجاني,Creative Commons (حسب صفحة المقال),اطلاع على الفهرس/المقدمة/وصف الناشر,فتحت صفحة المقال (العنوان، المؤلفون، المجلد 14، رقم 5733، DOI، الملخص). (تاريخ التحقق 2026-09-23),وصف ناشر,خط زمني; خريطة; مقال موسوعي,[محور: الخلفية القوطية والانتقال] قضية تفسيرية: يُعرض ضمن اتجاهات تفسير سقوط القوط.,,v1.1,v1.1: سجل جديد,2026-09-23,TA-24
LIB-ART-111,بحث علمي,"Moneda y espacios de poder en el reino visigodo. Los tremises de El Tolmo de Minateda (Hellín, Albacete)",النقد وفضاءات السلطة في المملكة القوطية: دنانير التريميس من تل منتيدة (إيّه),Carolina Domenech Belda,Universidad de Jaén,2014,,DOI: 10.17561/aytm.v21i0.2219,Arqueología y Territorio Medieval 21,,بحث,إسبانية,إسبانية,ما قبل الفتح,مسكوكات; آثار; سياسة,تل منتيدة (هيلين، ألباسيتي),يدرس التداول النقدي في مدينة قوطية أُسست أواخر ق6/أوائل ق7، وهي مدينة «إيّه» المذكورة في معاهدة تدمير؛ أساس لفهم الاستمرارية قبل 711.,بحثي متخصص,B,مجلة آثار محكّمة؛ الصفحة لا تتناول الانتقال الإسلامي صراحة.,http://revistaselectronicas.ujaen.es/index.php/ATM/article/view/2219,http://revistaselectronicas.ujaen.es/index.php/ATM/article/view/2219,نص كامل مجاني,CC BY 4.0 (حسب صفحة المقال),اطلاع على الفهرس/المقدمة/وصف الناشر,فتحت صفحة المقال (المجلد 21، سنة 2014، DOI، الترخيص، الملخص). الربط بـ«إيّه» ومعاهدة تدمير معرفة عامة لا من الصفحة. (تاريخ التحقق 2026-09-23),وصف ناشر,خريطة; مقال موسوعي,[محور: الخلفية القوطية والانتقال],,v1.1,v1.1: سجل جديد,2026-09-23,TA-25
LIB-ART-112,بحث علمي,La conquista de Sevilla por Fernando III (646 h/1248). Nuevas propuestas a través de la relectura de las fuentes árabes,فتح فرناندو الثالث لإشبيلية (646هـ/1248م): مقترحات جديدة بإعادة قراءة المصادر العربية,Alejandro García Sanjuán (Universidad de Huelva),Consejo Superior de Investigaciones Científicas (CSIC),2017,,DOI: 10.3989/hispania.2017.001,Hispania 77(255): 11–41,,بحث,إسبانية,إسبانية,الممالك المتأخرة,سياسة; عسكري; تأريخ ونقد مصادر; الأديان والجماعات,إشبيلية,تحليل شامل لما تقوله المصادر العربية عن سقوط إشبيلية: التسلسل الزمني، ورؤية المهزومين، ومصير السكان المسلمين.,بحثي متخصص,A,مؤرخ مرجعي ومجلة CSIC محكّمة.,https://doaj.org/api/search/articles/bibjson.identifier.id%3A%2210.3989%2Fhispania.2017.001%22,http://hispania.revistas.csic.es/index.php/hispania/article/view/507,نص كامل مجاني,CC BY (ترخيص المجلة حسب سجل DOAJ للمجلات),سجل ببليوغرافي فقط,اطلعت على سجل DOAJ (الكلمات المفتاحية والملخص)؛ صفحة الناشر تعذّر فتحها (SSL/robots). (تاريخ التحقق 2026-09-23),فهرس,خط زمني; خريطة; مقال موسوعي,[محور: انتقال 1212–1250] تحقق ناقص: لم تُفتح صفحة الناشر.,,v1.1,v1.1: سجل جديد,2026-09-23,TA-26
LIB-ART-113,بحث علمي,Ciudades y poder político en al-Andalus. Una hipótesis sobre el origen de las revueltas urbanas en Murcia en el siglo XIII,المدن والسلطة السياسية في الأندلس: فرضية حول أصل الثورات الحضرية في مرسية في القرن 13,Antonio Vicente Frey Sánchez,Consejo Superior de Investigaciones Científicas (CSIC),2014,,DOI: 10.3989/aem.2014.44.2.06,Anuario de Estudios Medievales 44(2): 845–884,,بحث,إسبانية,إسبانية,الممالك المتأخرة,سياسة; مجتمع; مدن وعمران,مرسية,يدرس الثورات الحضرية التي أسقطت الموحدين وأنتجت الطوائف الثالثة، مع تركيز على محمد بن يوسف بن هود المتوكل وعجزه عن توحيد الدولة.,بحثي متخصص,A,مجلة CSIC محكّمة وموضوع نادر؛ يطرح «فرضية».,https://estudiosmedievales.revistas.csic.es/index.php/estudiosmedievales/article/view/728,https://estudiosmedievales.revistas.csic.es/index.php/estudiosmedievales/article/view/728,نص كامل مجاني,CC BY (ترخيص المجلة حسب سجل DOAJ للمجلات),اطلاع على الفهرس/المقدمة/وصف الناشر,فتحت صفحة المقال (44(2)، ص 845–884، DOI، الملخص وذكر ابن هود). (تاريخ التحقق 2026-09-23),وصف ناشر,بطاقة شخصية; خط زمني,[محور: انتقال 1212–1250 / ابن هود],,v1.1,v1.1: سجل جديد,2026-09-23,TA-27
LIB-ART-114,بحث علمي,La identidad del paisaje: la huerta andalusí y castellana de Murcia en el siglo XIII,هوية المشهد: بستان مرسية بين الأندلسيين والقشتاليين في القرن 13,María Martínez Martínez (Universidad de Murcia),Universidad de Sevilla,2017,,DOI: 10.12795/hid.2017.i44.09,Historia. Instituciones. Documentos 44: 241–267,,بحث,إسبانية,إسبانية,الممالك المتأخرة,زراعة وتقنيات; جغرافيا; مجتمع,مرسية,يتتبع تحوّل منظومة الري الإسلامية في بستان مرسية تحت الحكم القشتالي بالمصادر العربية والقشتالية والآثار والأعلام المكانية.,بحثي متخصص,B,مؤرخة متخصصة في مرسية ومجلة محكّمة؛ دراسة محلية.,https://revistascientificas.us.es/index.php/HID/article/view/4446,https://revistascientificas.us.es/index.php/HID/article/download/4446/3888,نص كامل مجاني,CC BY-NC-SA 4.0 (حسب صفحة المقال),اطلاع على الفهرس/المقدمة/وصف الناشر,فتحت صفحة المقال (العدد 44، ص 241–267، DOI، الترخيص، الملخص). سجل DOAJ يذكر ص 247–268. (تاريخ التحقق 2026-09-23),وصف ناشر,خريطة; مقال موسوعي,[محور: انتقال 1212–1250],,v1.1,v1.1: سجل جديد,2026-09-23,TA-28
LIB-ART-115,بحث علمي,Loza dorada de la taifa de Sevilla. Novedades epigráficas,الخزف المذهّب لطائفة إشبيلية: جديد النقوش,Carmen Barceló (Universidad de Valencia),Universidad de Jaén,2023,,DOI: 10.17561/aytm.v30.7081,Arqueología y Territorio Medieval 30: 173–195,,بحث,إسبانية,إسبانية,الفتنة والطوائف,نقوش; عمارة وفنون; اقتصاد وتجارة,إشبيلية,ثلاث قطع جديدة تكشف مشاركة عاملات في الإنتاج وإشارة إلى ورشة وإلى قصبة إشبيلية، ضمن إنتاج خزف مذهّب لحاكمين عباديين.,بحثي متخصص,A,خبيرة نقوش عربية ومجلة محكّمة.,https://revistaselectronicas.ujaen.es/index.php/ATM/article/view/7081,https://revistaselectronicas.ujaen.es/index.php/ATM/article/view/7081,نص كامل مجاني,CC BY 4.0 (حسب صفحة المقال),اطلاع على الفهرس/المقدمة/وصف الناشر,فتحت صفحة المقال (المجلد 30، ص 173–195، DOI، الترخيص، الملخص). (تاريخ التحقق 2026-09-23),وصف ناشر,صورة; نقوش; مقال موسوعي,[محور: الطوائف: إشبيلية] يخدم محور المرأة والحِرف أيضًا.,,v1.1,v1.1: سجل جديد,2026-09-23,TA-29
LIB-ART-116,بحث علمي,La Taifa de Denia en el comercio mediterráneo del siglo XI,طائفة دانية في التجارة المتوسطية في القرن 11,Rafael Azuar Ruiz,Universidad de Alicante,1993,,DOI: 10.14198/medieval.1992-1993.9.03,Anales de la Universidad de Alicante. Historia Medieval 9: 39–52,,بحث,إسبانية,إسبانية,الفتنة والطوائف,اقتصاد وتجارة; بحرية وموانئ,دانية والبليار,يدرس دور دانية في طرق التجارة البحرية وموانئها في القرن 11.,بحثي متخصص,B,أثري متخصص في شرق الأندلس؛ دراسة قديمة نسبيًا (تُستكمل بعمل Travis Bruce).,https://revistes.ua.es/medieval/article/view/1993-n9-la-taifa-de-denia-en-el-comercio-mediterraneo-del-siglo-xi,https://revistes.ua.es/medieval/article/view/1993-n9-la-taifa-de-denia-en-el-comercio-mediterraneo-del-siglo-xi,نص كامل مجاني,CC BY 4.0 (حسب صفحة المقال),اطلاع على الفهرس/المقدمة/وصف الناشر,فتحت صفحة المقال (العدد 9، ص 39–52، DOI، الترخيص، الكلمات المفتاحية). (تاريخ التحقق 2026-09-23),وصف ناشر,خريطة; مقال موسوعي,[محور: الطوائف: دانية],,v1.1,v1.1: سجل جديد,2026-09-23,TA-30
LIB-ART-117,بحث علمي,Rodrigo el Campeador y la taifa de los Banū Razīn,رودريغو الكمبيادور وطائفة بني رزين,Alberto Montaner Frutos,Universidad de Buenos Aires,2023,,DOI: 10.34096/che.n90.13771,Cuadernos de Historia de España 90,,بحث,إسبانية,إسبانية,الفتنة والطوائف,سياسة; عسكري,السهلة (ألباراثين، تيرويل),يعيد تقويم علاقة السيد القمبيطور بطائفة بني رزين ودورها الاستراتيجي في سيطرته على شرق الأندلس بمزيج الحرب والدبلوماسية.,بحثي متخصص,A,أبرز متخصص في مصادر السيد؛ مجلة محكّمة.,https://revistascientificas.filo.uba.ar/index.php/che/article/view/13771,https://revistascientificas.filo.uba.ar/index.php/che/article/view/13771,نص كامل مجاني,CC BY (ترخيص المجلة حسب سجل DOAJ للمجلات),اطلاع على الفهرس/المقدمة/وصف الناشر,فتحت صفحة المقال (العدد 90، 2023، DOI، الملخص). (تاريخ التحقق 2026-09-23),وصف ناشر,بطاقة شخصية; خط زمني,[محور: الطوائف: السهلة (بنو رزين)],,v1.1,v1.1: سجل جديد,2026-09-23,TA-31
LIB-ART-118,بحث علمي,Un análisis de la Granada Zirí a través de las fuentes escritas y arqueológicas,تحليل لغرناطة الزيرية من خلال المصادر المكتوبة والأثرية,Bilal Sarr Marroco,Ediciones Universidad de Salamanca,2009,,لم أتحقق (لا DOI ظاهر),Studia Historica. Historia Medieval 27: 127–151,,بحث,إسبانية,إسبانية,الفتنة والطوائف,سياسة; مدن وعمران; آثار; مجتمع,غرناطة/مدينة إلبيرة,يدرس انتقال الزيريين من إلبيرة إلى غرناطة (1013) ونشوء المدينة: الدولة والسلطة والضرائب والمجتمع والتخطيط العمراني.,بحثي متخصص,A,باحث متخصص في غرناطة الزيرية؛ مجلة محكّمة.,https://revistas.usal.es/index.php/Studia_H_Historia_Medieval/article/view/7650,https://revistas.usal.es/index.php/Studia_H_Historia_Medieval/article/view/7650,نص كامل مجاني,CC BY-NC-ND (ترخيص المجلة حسب سجل DOAJ للمجلات),اطلاع على الفهرس/المقدمة/وصف الناشر,فتحت صفحة المقال (المجلد 27، ص 127–151، الملخص). سجل DOAJ يذكر 2011. (تاريخ التحقق 2026-09-23),وصف ناشر,خريطة; مقال موسوعي; خط زمني,[محور: الطوائف: غرناطة],,v1.1,v1.1: سجل جديد,2026-09-23,TA-32
LIB-ART-119,بحث علمي,The emergence of the Taifa Kingdom of Toledo,نشأة مملكة طليطلة الطائفية,David J. Wasserstein,Consejo Superior de Investigaciones Científicas (CSIC),2000,,DOI: 10.3989/alqantara.2000.v21.i1.402,Al-Qanṭara 21(1),,بحث,إنجليزية,إنجليزية,الفتنة والطوائف,سياسة; مسكوكات,طليطلة,يجمع المصادر الأدبية والنقدية ليعيد تسلسل حكام طليطلة أوائل القرن 5هـ (أكثر مما عُرف)، ويبرز أولوية الأمن ضد الممالك المسيحية.,بحثي متخصص,A,مؤلف مرجعي في الطوائف ومجلة CSIC.,https://doaj.org/api/search/articles/bibjson.identifier.id%3A%2210.3989%2Falqantara.2000.v21.i1.402%22,http://al-qantara.revistas.csic.es/index.php/al-qantara/article/view/402,نص كامل مجاني,CC BY (ترخيص المجلة حسب سجل DOAJ للمجلات),سجل ببليوغرافي فقط,اطلعت على سجل DOAJ والملخص؛ موقع القنطرة تعذّر فتحه (SSL/robots). (تاريخ التحقق 2026-09-23),فهرس,خط زمني; بطاقة شخصية,[محور: الطوائف: طليطلة] تحقق ناقص: لم تُفتح صفحة الناشر؛ الصفحات غير مؤكدة.,,v1.1,v1.1: سجل جديد,2026-09-23,TA-33
LIB-ART-120,بحث علمي,La producción textil en las últimas tierras de al-Andalus (siglos XIII-XV): ubicación y fórmulas de trabajo,إنتاج النسيج في آخر أراضي الأندلس (ق 13–15): المواقع وصيغ العمل,Jorge Garrido López (Universidad de Granada),Università di Napoli Federico II (Reti Medievali),2026,,DOI: 10.6093/1593-2214/12636,Reti Medievali Rivista 27(1): 49–78,,بحث,إسبانية,إسبانية,غرناطة النصرية,اقتصاد وتجارة; زراعة وتقنيات; مجتمع,مملكة غرناطة,يجمع المصادر الأندلسية والقشتالية والآثار لتحديد مواقع زراعة الألياف وتصنيعها وأنماط العمل (التخصص، أخلاقيات العمل، الشراكات).,بحثي متخصص,A,مجلة محكّمة ومنهج يجمع النص والأثر؛ حديث جدًا.,https://serena.sharepress.it/rm/article/view/12636,https://serena.sharepress.it/rm/article/view/12636,نص كامل مجاني,CC BY 4.0 (حسب صفحة المقال),اطلاع على الفهرس/المقدمة/وصف الناشر,فتحت صفحة المقال (27(1)، ص 49–78، DOI، الترخيص، الملخص). (تاريخ التحقق 2026-09-23),وصف ناشر,مقال موسوعي; خريطة,[محور: الاقتصاد: الحرف/النسيج],,v1.1,v1.1: سجل جديد,2026-09-23,TA-34
LIB-ART-121,بحث علمي,"Espacios comerciales periurbanos y rurales en al-Andalus: estado de la cuestión de los mercados ""sin rastro""",الفضاءات التجارية في الضواحي والأرياف الأندلسية: حالة البحث في الأسواق «بلا أثر»,Alicia Hernández Robles,Universidad de Alicante,2025,,DOI: 10.14198/medieval.28390,Anales de la Universidad de Alicante. Historia Medieval 26: 115–134,,بحث,إسبانية,إسبانية,شامل,اقتصاد وتجارة; آثار; جغرافيا,الأندلس,حالة بحث في الأسواق الريفية وكيفية كشفها بالوثائق والطوبونيميا والنقود والموازين؛ يقترح منهجية مندمجة.,متقدم,A,مجلة جامعية محكّمة؛ مراجعة حديثة.,https://revistes.ua.es/medieval/article/view/28390,https://revistes.ua.es/medieval/article/view/28390,نص كامل مجاني,CC BY-NC-SA 4.0 (حسب صفحة المقال),اطلاع على الفهرس/المقدمة/وصف الناشر,فتحت صفحة المقال عبر تحويل doi.org (المجلد 26، ص 115–134، DOI، الترخيص، الملخص). (تاريخ التحقق 2026-09-23),وصف ناشر,خريطة; مقال موسوعي,[محور: الاقتصاد: الأسواق] يخدم المحور 10 أيضًا.,,v1.1,v1.1: سجل جديد,2026-09-23,TA-35
LIB-ART-122,بحث علمي,El olvido de un sistema de cálculo de costes andalusí (primer tercio del siglo XIII),نسيان نظام أندلسي لحساب التكاليف (الثلث الأول من القرن 13),Jesús D. López-Manjón; Fernando Gutiérrez Hidalgo; Francisco Carrasco Fenech,Universidad de Murcia / ASEPUC,2016,,DOI (نسخة Elsevier حسب DOAJ): 10.1016/j.rcsar.2014.11.001,Revista de Contabilidad – Spanish Accounting Review 19(2): 187–194,,بحث,إسبانية,إسبانية,الموحدون,اقتصاد وتجارة; مؤسسات/قضاء/إدارة,مالقة/الأندلس,يحلل إجراءات حساب التكاليف لتحديد أسعار التجزئة في «كتاب في آداب الحسبة» للسقطي، ولماذا لم تنتقل إلى الممالك المسيحية.,متقدم,B,مجلة محاسبة محكّمة؛ منظور تاريخ المحاسبة لا الاستعراب.,https://revistas.um.es/rcsar/article/view/365991,https://revistas.um.es/rcsar/article/view/365991,نص كامل مجاني,CC BY-NC-ND 4.0 (حسب صفحة المقال),اطلاع على الفهرس/المقدمة/وصف الناشر,فتحت صفحة المقال على موقع جامعة مرسية (العنوانان، المؤلفون، 19(2)، ص 187–194، الترخيص، الملخص). (تاريخ التحقق 2026-09-23),وصف ناشر,مقال موسوعي; درس,[محور: الاقتصاد: الأسعار/الحسبة] يكمل R-25 (الأسعار في كتب الحسبة) دون تكرار.,,v1.1,v1.1: سجل جديد,2026-09-23,TA-36
LIB-ART-123,بحث علمي,El reino nazarí de Granada como área de comercio internacional: ¿Colonia mercantil o espacio de integración?,مملكة غرناطة النصرية مجالًا للتجارة الدولية: مستعمرة تجارية أم فضاء اندماج؟,Adela Fábregas García,Universidad de Alicante,2014,,DOI: 10.14198/medieval.2012-2015.18.05,Anales de la Universidad de Alicante. Historia Medieval 18: 153–169,,بحث,إسبانية,إسبانية,غرناطة النصرية,اقتصاد وتجارة; بحرية وموانئ,مملكة غرناطة,يناقش التوجه التجاري لاقتصاد غرناطة ودور الجاليات التجارية الأجنبية واندماجها في أسواق الغرب ما قبل الرأسمالية.,بحثي متخصص,A,متخصصة بارزة في اقتصاد غرناطة ومجلة محكّمة.,https://revistes.ua.es/medieval/article/view/2014-n18-el-reino-nazari-de-granada-como-area-de-comercio-internacional-colonia-mercantil-o-espacio-de-integracion,https://revistes.ua.es/medieval/article/view/2014-n18-el-reino-nazari-de-granada-como-area-de-comercio-internacional-colonia-mercantil-o-espacio-de-integracion,نص كامل مجاني,CC BY 4.0 (حسب صفحة المقال),اطلاع على الفهرس/المقدمة/وصف الناشر,فتحت صفحة المقال (المجلد 18، ص 153–169، DOI، الترخيص، الملخص). (تاريخ التحقق 2026-09-23),وصف ناشر,خريطة; مقال موسوعي,[محور: الاقتصاد: التجارة],,v1.1,v1.1: سجل جديد,2026-09-23,TA-37
LIB-ART-124,بحث علمي,"Balance historiográfico del emirato Nazarí de Granada (siglos XIII-XV) desde los estudios sobre al-Andalus: instituciones, sociedad y economía",حصيلة تأريخية لإمارة غرناطة النصرية (ق 13–15) من منظور الدراسات الأندلسية: المؤسسات والمجتمع والاقتصاد,"Antonio Peláez Rovira (Escuela de Estudios Árabes, Granada)",Università di Napoli Federico II (Reti Medievali),2008,,DOI: 10.6092/1593-2214/118,Reti Medievali Rivista 9 (مقال رقم 28),,بحث,إسبانية,إسبانية,غرناطة النصرية,تأريخ ونقد مصادر; مؤسسات/قضاء/إدارة; مجتمع; اقتصاد وتجارة,مملكة غرناطة,عرض ببليوغرافي نقدي لدراسات المؤسسات والمجتمع والاقتصاد النصري؛ خريطة طريق لقراءة غرناطة.,متقدم,A,مؤلف متخصص ومجلة محكّمة؛ يتوقف عند 2008.,https://serena.sharepress.it/rm/article/view/4706,https://serena.sharepress.it/rm/article/view/4706,نص كامل مجاني,CC BY 4.0 (حسب صفحة المقال),اطلاع على الفهرس/المقدمة/وصف الناشر,فتحت صفحة المقال على serena.sharepress.it (المجلد 9، DOI، الترخيص، الملخص)؛ رابط doi.org حجبه robots. (تاريخ التحقق 2026-09-23),وصف ناشر,درس; مقال موسوعي,[محور: مراجعات تأريخية],,v1.1,v1.1: سجل جديد,2026-09-23,TA-38
LIB-ART-125,بحث علمي,Los estudios arqueológicos sobre al-Andalus en el noreste de la provincia de Guadalajara. Historiografía del siglo XVI al siglo XXI,الدراسات الأثرية عن الأندلس في شمال شرق وادي الحجارة: التأريخ من القرن 16 إلى 21,Guillermo García-Contreras Ruiz,Universidad de Jaén,2016,,DOI: 10.17561/aytm.v23i0.3203,Arqueología y Territorio Medieval 23,,بحث,إسبانية,إسبانية,شامل,تأريخ ونقد مصادر; آثار,الثغر الأوسط (وادي الحجارة),مراجعة نقدية لخمسة قرون من البحث الأثري في منطقة ثغرية، مع موضوعاته وفجواته.,بحثي متخصص,B,مجلة آثار محكّمة؛ نطاق إقليمي.,http://revistaselectronicas.ujaen.es/index.php/ATM/article/view/3203,http://revistaselectronicas.ujaen.es/index.php/ATM/article/view/3203,نص كامل مجاني,CC BY 4.0 (حسب صفحة المقال),اطلاع على الفهرس/المقدمة/وصف الناشر,فتحت صفحة المقال (المجلد 23، DOI، الترخيص، الملخص). (تاريخ التحقق 2026-09-23),وصف ناشر,درس; خريطة,[محور: مراجعات تأريخية / الثغر الأوسط],,v1.1,v1.1: سجل جديد,2026-09-23,TA-39
LIB-THS-001,رسالة جامعية,Al-Andalus et le Maghreb à l'époque des Omeyyades de Cordoue : réseaux d'échanges et ambitions impériales (IXe-XIe siècles),الأندلس والمغرب في عصر أمويي قرطبة: شبكات التبادل والطموحات الإمبراطورية (ق3–5هـ/9–11م),Aurélien Montel (مؤلف)؛ إشراف: Dominique Valérian,Université Lumière Lyon 2 — ED Sciences sociales,2019 (نوقشت 06/07/2019),أطروحة دكتوراه (مجلد واحد على الأقل؛ عدد الأجزاء لم أتحقق),لم أتحقق,,,أطروحة دكتوراه,فرنسية,فرنسية,الإمارة; الخلافة,سياسة; اقتصاد وتجارة; جغرافيا,الأندلس؛ المغرب الأقصى والأوسط,يدرس بناء فضاء العلاقات بين الأندلس والمغرب في العصر الأموي (شبكات تبادل، تدخل قرطبي في المغرب). يجيب عن: كيف ومتى اندمج الغرب الإسلامي قبل المرابطين؟,بحثي متخصص,A,أطروحة حديثة بإشراف متخصص في المغرب الوسيط؛ تسد فجوة العلاقات الأندلسية-المغربية. حدودها: غير متاحة إلكترونيًا.,https://theses.fr/api/v1/theses/these/2019LYSE2113,,فهرس فقط,غير متحقق,اطلاع على الفهرس/المقدمة/وصف الناشر,فتحت سجل theses.fr API: العنوان، المشرف، المؤسسة، تاريخ المناقشة، ومستخلص المؤلف؛ السجل يذكر أنها غير متاحة على الخط رغم وجود معرّف DOI 10.70675/677b641bz2b21z4c31za023z0ad612927b4d في قائمة البحث (تاريخ التحقق 2026-09-23),فهرس/مستخلص المؤلف في السجل,خريطة (شبكات التبادل); خط زمني; مقال موسوعي,الصفحة العامة: https://theses.fr/2019LYSE2113,,v1.1,v1.1: سجل جديد,2026-09-23,TH-01
LIB-THS-002,رسالة جامعية,Des Wisigoths aux Omeyyades (672-852) : Monnaies et circulation monétaire dans le Nord d'al-Andalus,من القوط الغربيين إلى الأمويين (672–852م): النقود والتداول النقدي في شمال الأندلس,Sébastien Gasc؛ إشراف: Philippe Sénac,Sorbonne Université (Paris 4) — Études médiévales,2015 (نوقشت 16/10/2015),أطروحة دكتوراه (مجلد واحد على الأقل؛ عدد الأجزاء لم أتحقق),لم أتحقق,,,أطروحة دكتوراه,فرنسية,فرنسية,الفتح والولاة; الإمارة,مسكوكات; اقتصاد وتجارة; آثار,شمال الأندلس/الثغر الأعلى ووادي إبرو,يستخدم المسكوكات (فلوس الولاة، الدراهم) لتعويض شح النصوص عن الفتح وعصر الولاة في الشمال. يجيب عن: كيف انتقل النظام النقدي من القوطي إلى الإسلامي؟,بحثي متخصص,A,أطروحة بإشراف فيليب سيناك المتخصص في الثغر الأعلى؛ من القلائل في النقود المبكرة. غير متاحة إلكترونيًا.,https://theses.fr/api/v1/theses/these/2015PA040161,,فهرس فقط,غير متحقق,اطلاع على الفهرس/المقدمة/وصف الناشر,فتحت سجل theses.fr: العنوان، المشرف، التخصص، المستخلص (أول جملتين)؛ الإتاحة: غير متاحة (تاريخ التحقق 2026-09-23),فهرس/مستخلص المؤلف في السجل,خط زمني (الفتح); مسكوكات للأطلس; خريطة,,,v1.1,v1.1: سجل جديد,2026-09-23,TH-02
LIB-THS-003,رسالة جامعية,Le discours historique d'al-Andalus depuis la conquête arabe jusqu'à l'époque des taifas,الخطاب التاريخي في الأندلس من الفتح العربي إلى عصر الطوائف,Mateusz Wilk؛ إشراف: Gabriel Martinez-Gros,EHESS، باريس — Histoire et civilisations,2008,أطروحة دكتوراه (مجلد واحد على الأقل؛ عدد الأجزاء لم أتحقق),لم أتحقق,,,أطروحة دكتوراه,فرنسية,فرنسية,الفتح والولاة; الإمارة; الخلافة; الفتنة والطوائف,تأريخ ونقد مصادر,الأندلس,تحليل الحوليات الأندلسية من تاريخ عبد الملك بن حبيب إلى أخبار مجموعة وفتح الأندلس، وتحوّل إدراك الأندلسيين لتاريخهم. يجيب عن: كيف صيغت رواية الفتح ولماذا؟,بحثي متخصص,A,أساسي لنقد مصادر الفتح. غير متاح إلكترونيًا.,https://theses.fr/api/v1/theses/these/2008EHES0163,,فهرس فقط,غير متحقق,اطلاع على الفهرس/المقدمة/وصف الناشر,فتحت سجل theses.fr: العنوان، المشرف، المستخلص؛ الإتاحة: غير متاحة (تاريخ التحقق 2026-09-23),فهرس/مستخلص المؤلف في السجل,مقال موسوعي (نقد المصادر); درس,,,v1.1,v1.1: سجل جديد,2026-09-23,TH-03
LIB-THS-004,رسالة جامعية,L'individualisation de la chirurgie en al-Andalus (Xe-XIVe siècles).,استقلال الجراحة عن الطب في الأندلس (ق10–14م),Ouidad Hamitri؛ إشراف: Laurence Moulinier وDominique Valérian,Université Lumière Lyon 2 — Histoire,2023 (نوقشت 20/12/2023),أطروحة دكتوراه (مجلد واحد على الأقل؛ عدد الأجزاء لم أتحقق),لم أتحقق,,,أطروحة دكتوراه,فرنسية,فرنسية,الخلافة; الممالك المتأخرة; غرناطة النصرية,علوم وطب وفلك,الأندلس,يقارن الزهراوي (التصريف) والشفرة (القرن 14) لبيان تمايز الجراحة عن الطب. يجيب عن: كيف تشكّلت الجراحة تخصصًا مستقلًا في الأندلس؟,بحثي متخصص,A,أطروحة حديثة في تاريخ الطب الأندلسي نادرة الموضوع. غير متاحة إلكترونيًا.,https://theses.fr/api/v1/theses/these/2023LYO20099,,فهرس فقط,غير متحقق,اطلاع على الفهرس/المقدمة/وصف الناشر,فتحت سجل theses.fr: العنوان، المشرفتان، المستخلص؛ الإتاحة: غير متاحة (تاريخ التحقق 2026-09-23),فهرس/مستخلص المؤلف في السجل,بطاقة شخصية (الزهراوي، الشفرة); مقال موسوعي,,,v1.1,v1.1: سجل جديد,2026-09-23,TH-04
LIB-THS-005,رسالة جامعية,La géométrie des coniques dans la tradition de l'Occident musulman à travers le Kitab al-Istikmal [Livre de l'accomplissement] d'al-Mu'taman (m. 1085),هندسة القطوع المخروطية في تقليد الغرب الإسلامي من خلال كتاب الاستكمال للمؤتمن بن هود (ت 1085),Abdelmalek Bouzari؛ إشراف: Ahmed Djebbar,Université Lille 1 — Histoire des mathématiques,2008 (نوقشت 17/11/2008),أطروحة دكتوراه (مجلد واحد على الأقل؛ عدد الأجزاء لم أتحقق),10.70675/5fd52cfezbdeez4b22zbe93zde419c20fc85,,,أطروحة دكتوراه,فرنسية,فرنسية,الفتنة والطوائف,علوم وطب وفلك; مخطوطات,سرقسطة/الثغر الأعلى,تحقيق نقدي وترجمة فرنسية وتحليل رياضي لفصلي القطوع من الاستكمال لملك سرقسطة الهودي. يجيب عن: ما مستوى الرياضيات في بلاط طائفة سرقسطة؟,بحثي متخصص,A,إشراف أحمد جبار (مرجع في الرياضيات المغربية-الأندلسية)؛ يتضمن تحقيقًا. متاح نصًا كاملًا.,https://theses.fr/api/v1/theses/these/2008LIL10062,https://doi.org/10.70675/5fd52cfezbdeez4b22zbe93zde419c20fc85,نص كامل مجاني,غير متحقق,اطلاع على الفهرس/المقدمة/وصف الناشر,فتحت سجل theses.fr: الإتاحة الإلكترونية = نعم مع رابط DOI؛ المستخلص. لم أفتح ملف PDF نفسه (تاريخ التحقق 2026-09-23),فهرس/مستخلص المؤلف في السجل,بطاقة شخصية (المؤتمن); درس (العلوم),,,v1.1,v1.1: سجل جديد,2026-09-23,TH-05
LIB-THS-006,رسالة جامعية,"Pouvoir et légitimité dans l'Espagne musulmane à l'époque des Taifas, Ve/XIe siècle",السلطة والشرعية في إسبانيا الإسلامية عصر الطوائف (ق5هـ/11م),François Clément؛ إشراف: Alain Ducellier,Université Toulouse 2,1992,أطروحة دكتوراه (مجلد واحد على الأقل؛ عدد الأجزاء لم أتحقق),لم أتحقق,,,أطروحة دكتوراه,فرنسية,فرنسية,الفتنة والطوائف,سياسة; مؤسسات/قضاء/إدارة,الأندلس (ممالك الطوائف),يحاجّ بأن الطوائف لم تكن تفككًا لبنى الدولة بل استمرارًا لها، ويحلل آليات الشرعية. يجيب عن: كيف برّر ملوك الطوائف سلطتهم؟,بحثي متخصص,A,مرجع كلاسيكي للطوائف؛ معروف أنه نُشر كتابًا لاحقًا (لم أتحقق في هذه الجولة). غير متاح إلكترونيًا.,https://theses.fr/api/v1/theses/these/1992TOU20012,,فهرس فقط,غير متحقق,اطلاع على الفهرس/المقدمة/وصف الناشر,فتحت سجل theses.fr: العنوان، المشرف، المستخلص؛ الإتاحة: غير متاحة (تاريخ التحقق 2026-09-23),فهرس/مستخلص المؤلف في السجل,مقال موسوعي (الطوائف); خط زمني,,,v1.1,v1.1: سجل جديد,2026-09-23,TH-06
LIB-THS-007,رسالة جامعية,Les fonctionnaires épistoliers (kuttâb al-inshâ) en Espagne musulmane à l'époque des roitelets (Ve s. H. /XIe s. ),كتّاب الإنشاء في إسبانيا الإسلامية عصر ملوك الطوائف (ق5هـ/11م),Bruna Soravia؛ إشراف: Odette Petit,Université Paris 3,1998,أطروحة دكتوراه (مجلد واحد على الأقل؛ عدد الأجزاء لم أتحقق),لم أتحقق,,,أطروحة دكتوراه,فرنسية,فرنسية,الفتنة والطوائف,مؤسسات/قضاء/إدارة; أدب وشعر; مجتمع,الأندلس (بلاطات الطوائف),دراسة نخبة كتّاب الدواوين في بلاطات الطوائف من خلال التراجم والأدب. يجيب عن: من أدار دواوين الطوائف وما ثقافتهم؟,بحثي متخصص,B,متخصصة في فئة إدارية؛ تكمّل أطروحة كليمان. غير متاحة إلكترونيًا.,https://theses.fr/api/v1/theses/these/1998PA030105,,فهرس فقط,غير متحقق,اطلاع على الفهرس/المقدمة/وصف الناشر,فتحت سجل theses.fr: العنوان، المشرفة، المستخلص؛ الإتاحة: غير متاحة (تاريخ التحقق 2026-09-23),فهرس/مستخلص المؤلف في السجل,بطاقات شخصيات (الوزراء الكتّاب); مقال موسوعي,,,v1.1,v1.1: سجل جديد,2026-09-23,TH-07
LIB-THS-008,رسالة جامعية,La Taifa de Denia et la Méditerranée au Ve / XIe siècle,طائفة دانية والمتوسط في القرن 5هـ/11م,Travis Bruce؛ إشراف: Philippe Sénac,Université Toulouse 2 — Histoire médiévale,2009,أطروحة دكتوراه (مجلد واحد على الأقل؛ عدد الأجزاء لم أتحقق),لم أتحقق,,,أطروحة دكتوراه,فرنسية,فرنسية,الفتنة والطوائف,بحرية وموانئ; سياسة; اقتصاد وتجارة,دانية والجزر الشرقية (البليار) وغرب المتوسط,دراسة طائفة دانية (مجاهد العامري وابنه) ونشاطها البحري المتوسطي. يجيب عن: كيف بنت طائفة ساحلية قوتها على البحر؟,بحثي متخصص,A,تسد ثغرتي الطوائف (مملكة بعينها) والبحرية. لا يوجد مستخلص في السجل؛ غير متاحة إلكترونيًا.,https://theses.fr/api/v1/theses/these/2009TOU20007,,فهرس فقط,غير متحقق,سجل ببليوغرافي فقط,فتحت سجل theses.fr: العنوان، المشرف، التخصص؛ حقل المستخلص فارغ؛ الإتاحة: غير متاحة (تاريخ التحقق 2026-09-23),فهرس,خريطة (دانية والبليار); مقال موسوعي,,,v1.1,v1.1: سجل جديد,2026-09-23,TH-08
LIB-THS-009,رسالة جامعية,Les problèmes particuliers de la fiscalité en Espagne musulmane post-califale (XIe-XIIIe siècles),مشكلات الجباية في إسبانيا الإسلامية بعد الخلافة (ق11–13م),Safâa Abouelyzza؛ إشراف: Dominique Urvoy,Université Toulouse 2 — تاريخ القانون,2010,أطروحة دكتوراه (مجلد واحد على الأقل؛ عدد الأجزاء لم أتحقق),لم أتحقق,,,أطروحة دكتوراه,فرنسية,فرنسية,الفتنة والطوائف; المرابطون; الموحدون,اقتصاد وتجارة; فلسفة وفقه; مؤسسات/قضاء/إدارة,الأندلس,يعالج الضرائب الشرعية وغير الشرعية (المغارم) في الطوائف والمرابطين والموحدين عبر المدونات الفقهية. يجيب عن: كيف موّلت دول ما بعد الخلافة نفسها ولماذا أثارت الجباية الاحتجاج؟,بحثي متخصص,B,موضوع اقتصادي نادر؛ منهجه فقهي-قانوني أكثر منه تاريخي-كمي. غير متاحة إلكترونيًا.,https://theses.fr/api/v1/theses/these/2010TOU20029,,فهرس فقط,غير متحقق,اطلاع على الفهرس/المقدمة/وصف الناشر,فتحت سجل theses.fr: العنوان، المشرف، المستخلص؛ الإتاحة: غير متاحة (تاريخ التحقق 2026-09-23),فهرس/مستخلص المؤلف في السجل,مقال موسوعي (الاقتصاد والجباية),,,v1.1,v1.1: سجل جديد,2026-09-23,TH-09
LIB-THS-010,رسالة جامعية,Le domaine maritime en occident musulman a l'epoque almohade (douzieme et treizieme siecles),المجال البحري في الغرب الإسلامي عصر الموحدين (ق12–13م),Jamal Eddine Arbach؛ إشراف: Alain Ducellier,Université Toulouse 2 — Histoire,1996,أطروحة دكتوراه (مجلد واحد على الأقل؛ عدد الأجزاء لم أتحقق),لم أتحقق,,,أطروحة دكتوراه,فرنسية,فرنسية,الموحدون,بحرية وموانئ; عسكري; اقتصاد وتجارة,الأندلس والمغرب وسواحل المتوسط والأطلسي,يعيد تقييم النشاط البحري الموحدي (الأسطول، الموانئ، التجارة) ضد الرأي القائل بهامشيته. يجيب عن: ما حجم القوة البحرية الموحدية ومرافئها؟,بحثي متخصص,B,من الدراسات القليلة عن البحرية الموحدية؛ قديمة نسبيًا وغير متاحة إلكترونيًا.,https://theses.fr/api/v1/theses/these/1996TOU20015,,فهرس فقط,غير متحقق,اطلاع على الفهرس/المقدمة/وصف الناشر,فتحت سجل theses.fr: العنوان، المشرف، المستخلص؛ الإتاحة: غير متاحة (تاريخ التحقق 2026-09-23),فهرس/مستخلص المؤلف في السجل,خريطة (الموانئ والأساطيل); مقال موسوعي,,,v1.1,v1.1: سجل جديد,2026-09-23,TH-10
LIB-THS-011,رسالة جامعية,Une frontière entre chrétienté et Islam : la région entre Tage et Sierra Morena (fin XIe-milieu XIIIe siècle),حدود بين المسيحية والإسلام: المنطقة بين التاجه وسييرا مورينا (أواخر ق11–منتصف ق13م),Pascal Buresi؛ إشراف: Pierre Guichard,Université Lumière Lyon 2 — Histoire,2000,أطروحة دكتوراه (مجلد واحد على الأقل؛ عدد الأجزاء لم أتحقق),لم أتحقق,,,أطروحة دكتوراه,فرنسية,فرنسية,المرابطون; الموحدون; الممالك المتأخرة,عسكري; جغرافيا; آثار; مجتمع,الحدود القشتالية-الأندلسية (لامانشا، قلعة رباح، سييرا مورينا),يجمع المصادر العربية واللاتينية والمسوح الأثرية لدراسة الحدود حتى ما بعد العقاب (1212) وسقوط قرطبة. يجيب عن: كيف تحركت الحدود وما شكل الاستيطان فيها؟,بحثي متخصص,A,إشراف غيشار؛ تعالج انتقال 1212–1250 مباشرة؛ معروف أنها نُشرت كتابًا 2004 (لم أتحقق في هذه الجولة). السجل يذكر إتاحتها إلكترونيًا دون رابط ظاهر.,https://theses.fr/api/v1/theses/these/2000LYO20107,,نص كامل مجاني,غير متحقق,اطلاع على الفهرس/المقدمة/وصف الناشر,فتحت سجل theses.fr: الإتاحة الإلكترونية = نعم (دون رابط في الاستجابة)؛ المستخلص. الرابط المباشر للنص لم أتحقق منه (تاريخ التحقق 2026-09-23),فهرس/مستخلص المؤلف في السجل,خريطة (الحدود والحصون); خط زمني (1212–1250),الإتاحة مأخوذة من حقل theses.fr؛ ابحث عن النص في مستودع Lyon 2 (theses.univ-lyon2.fr) — لم أتحقق,,v1.1,v1.1: سجل جديد,2026-09-23,TH-11
LIB-THS-012,رسالة جامعية,L'ordre almohade (1120-1269) : une nouvelle lecture anthropologique,النظام الموحدي (1120–1269): قراءة أنثروبولوجية جديدة,Mehdi Ghouirgate؛ إشراف: Philippe Sénac,Université Toulouse 2 — Histoire,2011 (نوقشت 07/10/2011),أطروحة دكتوراه (مجلد واحد على الأقل؛ عدد الأجزاء لم أتحقق),لم أتحقق,,,أطروحة دكتوراه,فرنسية,فرنسية,الموحدون,سياسة; مؤسسات/قضاء/إدارة; عمارة وفنون,المغرب والأندلس,يحلل آليات فرض النظام السياسي الموحدي: طقوس الخلافة، التنصيب، المواكب، الرموز. يجيب عن: كيف حكم الموحدون ومثّلوا سلطتهم؟,بحثي متخصص,A,مرجع حديث مؤثر؛ معروف أنه نُشر كتابًا 2014 (لم أتحقق في هذه الجولة). غير متاح إلكترونيًا.,https://theses.fr/api/v1/theses/these/2011TOU20094,,فهرس فقط,غير متحقق,اطلاع على الفهرس/المقدمة/وصف الناشر,فتحت سجل theses.fr: العنوان، المشرف، المستخلص؛ الإتاحة: غير متاحة (تاريخ التحقق 2026-09-23),فهرس/مستخلص المؤلف في السجل,مقال موسوعي (الموحدون); خط زمني,,,v1.1,v1.1: سجل جديد,2026-09-23,TH-12
LIB-THS-013,رسالة جامعية,La vie rurale entre Tage et Guadiana de l'Islam à la Reconquête (Xe-XIVe siècles),الحياة الريفية بين التاجه ووادي آنة من العهد الإسلامي إلى الاسترداد (ق10–14م),Stéphane Boissellier؛ إشراف: Robert Durand,Université de Nantes — Histoire,1996,أطروحة دكتوراه (مجلد واحد على الأقل؛ عدد الأجزاء لم أتحقق),لم أتحقق,,,أطروحة دكتوراه,فرنسية,فرنسية,الخلافة; الفتنة والطوائف; المرابطون; الموحدون; الممالك المتأخرة,زراعة وتقنيات; مجتمع; اقتصاد وتجارة,غرب الأندلس (جنوب البرتغال الحالي),دراسة نادرة للعالم الريفي في غرب الأندلس والانتقال إلى الحكم البرتغالي. يجيب عن: ماذا تغيّر في الريف مع الاسترداد في الغرب؟,بحثي متخصص,A,تسد ثغرة غرب الأندلس؛ معروف أنها نُشرت كتابًا بالبرتغال 1999 (لم أتحقق). غير متاحة إلكترونيًا.,https://theses.fr/api/v1/theses/these/1996NANT3001,,فهرس فقط,غير متحقق,اطلاع على الفهرس/المقدمة/وصف الناشر,فتحت سجل theses.fr: العنوان، المشرف، المستخلص؛ الإتاحة: غير متاحة (تاريخ التحقق 2026-09-23),فهرس/مستخلص المؤلف في السجل,خريطة (غرب الأندلس); مقال موسوعي,,,v1.1,v1.1: سجل جديد,2026-09-23,TH-13
LIB-THS-014,رسالة جامعية,L'épigraphie de l'Alhambra : de l'usage fonctionnel à la réception esthétique,نقوش الحمراء: من الاستعمال الوظيفي إلى التلقي الجمالي,Farah Makki؛ إشراف: Houari Touati,EHESS، باريس — Histoire et civilisations,2016,أطروحة دكتوراه (مجلد واحد على الأقل؛ عدد الأجزاء لم أتحقق),لم أتحقق,,,أطروحة دكتوراه,فرنسية,فرنسية,غرناطة النصرية,نقوش; عمارة وفنون,غرناطة (الحمراء),يدرس الكتابات المعمارية في قصور الحمراء بوصفها تجربة مكانية وبرنامجًا اجتماعيًا. يجيب عن: كيف كانت النقوش تُقرأ وتُعاش في الحمراء؟,بحثي متخصص,B,متخصصة جماليًا لا في جمع النقوش وتحقيقها؛ تُستكمل بمدونات النقوش. غير متاحة إلكترونيًا.,https://theses.fr/api/v1/theses/these/2016EHES0114,,فهرس فقط,غير متحقق,اطلاع على الفهرس/المقدمة/وصف الناشر,فتحت سجل theses.fr: العنوان، المشرف، المستخلص؛ الإتاحة: غير متاحة (تاريخ التحقق 2026-09-23),فهرس/مستخلص المؤلف في السجل,صورة/مادة بصرية للأطلس (الحمراء); مقال موسوعي,,,v1.1,v1.1: سجل جديد,2026-09-23,TH-14
LIB-THS-015,رسالة جامعية,Pour une approche des pratiques graphiques en al-Andalus : graffiti et plateaux de jeux à Albalat (IXe - XIIe s.).,نحو مقاربة للممارسات الخطية في الأندلس: الرسوم الجدارية وألواح اللعب في البلاط (ق9–12م),Léa Buttard؛ إشراف: Cyrille Aillet وAlberto García Porras وSophie Gilotte,Université Lumière Lyon 2 (بإشراف مشترك مع جامعة غرناطة),2026 (نوقشت 19/01/2026),أطروحة دكتوراه (مجلد واحد على الأقل؛ عدد الأجزاء لم أتحقق),لم أتحقق,,,أطروحة دكتوراه,فرنسية,فرنسية,الإمارة; الخلافة; الفتنة والطوائف; المرابطون,آثار; نقوش; مجتمع,البلاط (Albalat، كاسيريس) — الثغر الأدنى,دراسة أثرية للرسوم الجدارية وألواح الألعاب في موقع قرية محصّنة. يجيب عن: ماذا تكشف الكتابات والرسوم العفوية عن الحياة اليومية والتسلية؟,بحثي متخصص,B,حديثة جدًا (2026) وضيقة جغرافيًا لكنها فريدة لموضوع الحياة اليومية. غير متاحة إلكترونيًا بعد.,https://theses.fr/api/v1/theses/these/2026LYO20007,,فهرس فقط,غير متحقق,اطلاع على الفهرس/المقدمة/وصف الناشر,فتحت سجل theses.fr: العنوان، المشرفون، المستخلص؛ الإتاحة: غير متاحة (يوجد DOI 10.70675/34ec1f7ezaed1z4788z82b2z46e9c60cf44f) (تاريخ التحقق 2026-09-23),فهرس/مستخلص المؤلف في السجل,صورة (ألواح اللعب); درس الحياة اليومية; خريطة موقع,,,v1.1,v1.1: سجل جديد,2026-09-23,TH-15
LIB-THS-016,رسالة جامعية,"Les bains d'Al-Andalus : espaces, formes et fonctions (VIIIe-XVe siècles)",حمّامات الأندلس: فضاءات وأشكال ووظائف (ق8–15م),Caroline Fournier؛ إشراف: Christine Mazzoli-Guintard,Université de Nantes — Archéologie islamique,2010,أطروحة دكتوراه (مجلد واحد على الأقل؛ عدد الأجزاء لم أتحقق),لم أتحقق,,,أطروحة دكتوراه,فرنسية,فرنسية,شامل,مدن وعمران; آثار; مجتمع,الأندلس,مسح للحمامات الأندلسية بالجمع بين الجغرافيين والآثار. يجيب عن: كيف توزعت الحمامات وما وظائفها الاجتماعية؟,بحثي متخصص,A,موضوع حياة يومية وعمران مع جرد أثري؛ غير متاحة إلكترونيًا.,https://theses.fr/api/v1/theses/these/2010NANT3011,,فهرس فقط,غير متحقق,اطلاع على الفهرس/المقدمة/وصف الناشر,فتحت سجل theses.fr: العنوان، المشرفة، المستخلص؛ الإتاحة: غير متاحة (تاريخ التحقق 2026-09-23),فهرس/مستخلص المؤلف في السجل,خريطة (الحمامات); درس الحياة اليومية; صورة,,,v1.1,v1.1: سجل جديد,2026-09-23,TH-16
LIB-THS-017,رسالة جامعية,Les Mozarabes : christianisme et arabisation en Al-Andalus (IXe-XIIe siècle),المستعربون: المسيحية والتعريب في الأندلس (ق9–12م),Cyrille Aillet؛ إشراف: Gabriel Martinez-Gros,Université Paris 8 — Histoire médiévale,2005,أطروحة دكتوراه (مجلد واحد على الأقل؛ عدد الأجزاء لم أتحقق),لم أتحقق,,,أطروحة دكتوراه,فرنسية,فرنسية,الإمارة; الخلافة; الفتنة والطوائف; المرابطون,الأديان والجماعات; لغة; مجتمع,قرطبة والأندلس وشبه الجزيرة,تاريخ المسيحية المعرّبة منذ 850 ومسار التعريب. يجيب عن: كيف تعرّب مسيحيو الأندلس وماذا بقي من هويتهم؟,بحثي متخصص,A,مرجع أساسي؛ معروف أنه نُشر كتابًا 2010 (لم أتحقق). غير متاح إلكترونيًا.,https://theses.fr/api/v1/theses/these/2005PA083706,,فهرس فقط,غير متحقق,اطلاع على الفهرس/المقدمة/وصف الناشر,فتحت سجل theses.fr: العنوان، المشرف، المستخلص؛ الإتاحة: غير متاحة (تاريخ التحقق 2026-09-23),فهرس/مستخلص المؤلف في السجل,مقال موسوعي (الجماعات الدينية); درس,,,v1.1,v1.1: سجل جديد,2026-09-23,TH-17
LIB-THS-018,رسالة جامعية,La postérité andalouse du Ǧumal d'al-Zaǧǧāǧī,الأثر الأندلسي لكتاب الجُمل للزجاجي,Francesco Binaghi؛ إشراف: Pierre Larcher,"Aix-Marseille Université — Mondes arabe, musulman et sémitique",2015 (نوقشت 12/12/2015),أطروحة دكتوراه (مجلد واحد على الأقل؛ عدد الأجزاء لم أتحقق),10.70675/c6085f79zc0c0z480dza61cz0e3502e94f1b,,,أطروحة دكتوراه,فرنسية,فرنسية,الخلافة; الفتنة والطوائف; المرابطون; الموحدون,لغة; التعليم,الأندلس والغرب الإسلامي,تتبع تلقي الجمل للزجاجي وشروحه الأندلسية كمقرر نحوي. يجيب عن: كيف دُرّس النحو العربي في الأندلس؟,بحثي متخصص,B,تخصصية لغوية؛ تغطي ثغرة اللغة والتعليم. متاحة إلكترونيًا.,https://theses.fr/api/v1/theses/these/2015AIXM3117,https://doi.org/10.70675/c6085f79zc0c0z480dza61cz0e3502e94f1b,نص كامل مجاني,غير متحقق,اطلاع على الفهرس/المقدمة/وصف الناشر,فتحت سجل theses.fr: الإتاحة الإلكترونية = نعم؛ DOI من قائمة نتائج البحث؛ لم أفتح ملف PDF (تاريخ التحقق 2026-09-23),فهرس/مستخلص المؤلف في السجل,مقال موسوعي (اللغة والتعليم),,,v1.1,v1.1: سجل جديد,2026-09-23,TH-18
LIB-THS-019,رسالة جامعية,La poésie féminine en Espagne musulmane de la conquête (92/711) à la chute de Grenade (897/1492),الشعر النسائي في إسبانيا الإسلامية من الفتح (92هـ) إلى سقوط غرناطة (897هـ),Abdallah Ali؛ إشراف: Odette Petit,Université Paris 3 — Littérature arabe,1993,أطروحة دكتوراه (مجلد واحد على الأقل؛ عدد الأجزاء لم أتحقق),لم أتحقق,,,أطروحة دكتوراه,فرنسية,فرنسية,شامل,المرأة; أدب وشعر,الأندلس,جمع ودراسة لأكثر من 35 شاعرة أندلسية ليس لأيّ منهن ديوان. يجيب عن: من هن الشاعرات الأندلسيات وما ملامح شعرهن؟,بحثي متخصص,B,مصدر لبطاقات النساء؛ منهج أدبي وقديم نسبيًا. غير متاح إلكترونيًا.,https://theses.fr/api/v1/theses/these/1994PA030040,,فهرس فقط,غير متحقق,اطلاع على الفهرس/المقدمة/وصف الناشر,فتحت سجل theses.fr: العنوان، المشرفة، المستخلص؛ الإتاحة: غير متاحة (تاريخ التحقق 2026-09-23),فهرس/مستخلص المؤلف في السجل,بطاقات شخصيات (الشاعرات); مقال موسوعي (المرأة),سنة المناقشة في السجل 1993 رغم أن الرقم الوطني يبدأ بـ1994,,v1.1,v1.1: سجل جديد,2026-09-23,TH-19
LIB-THS-020,رسالة جامعية,"Juifs et chrétiens au miroir du droit mālikite aux XIe-XII siècles. Épistémologie, herméneutique et norme juridiques envers les non-musulmans à l'époque almoravide dans l'œuvre d'Ibn Rušd al-ǧadd (m. 520/1126)",اليهود والمسيحيون في مرآة الفقه المالكي (ق11–12م): غير المسلمين في العصر المرابطي في فقه ابن رشد الجد (ت 520هـ),Farid Bouchiba؛ إشراف: John Victor Tolan وChristian Müller,Université de Nantes — Histoire et civilisation médiévale,2018 (نوقشت 19/10/2018),أطروحة دكتوراه (مجلد واحد على الأقل؛ عدد الأجزاء لم أتحقق),لم أتحقق,,,أطروحة دكتوراه,فرنسية,فرنسية,المرابطون,الأديان والجماعات; فلسفة وفقه; مؤسسات/قضاء/إدارة,قرطبة والأندلس,يدرس مكانة أهل الذمة في فتاوى وأعمال ابن رشد الجد. يجيب عن: ما الإطار الفقهي لمعاملة غير المسلمين في العصر المرابطي؟,بحثي متخصص,B,إشراف تولان ومولر (مشروع RELMIN)؛ منظور معياري فقهي. غير متاحة إلكترونيًا.,https://theses.fr/api/v1/theses/these/2018NANT2036,,فهرس فقط,غير متحقق,اطلاع على الفهرس/المقدمة/وصف الناشر,فتحت سجل theses.fr: العنوان، المشرفان، المستخلص؛ الإتاحة: غير متاحة (تاريخ التحقق 2026-09-23),فهرس/مستخلص المؤلف في السجل,مقال موسوعي (أهل الذمة); بطاقة شخصية (ابن رشد الجد),,,v1.1,v1.1: سجل جديد,2026-09-23,TH-20
LIB-THS-021,رسالة جامعية,L'esclavage a grenade au xvie siecle,الرق في غرناطة في القرن السادس عشر,Aurelia Martín Casares؛ إشراف: Bernard Vincent,EHESS، باريس — Histoire,1998,أطروحة دكتوراه (مجلد واحد على الأقل؛ عدد الأجزاء لم أتحقق),لم أتحقق,,,أطروحة دكتوراه,فرنسية,فرنسية,السقوط والموريسكيون,مجتمع; المرأة; الأديان والجماعات,غرناطة,يقيس واقع الرق في غرناطة بعد السقوط مع تركيز على علاقات النوع الاجتماعي (استرقاق الموريسكيات بعد ثورة البشرات). يجيب عن: ماذا حلّ بالموريسكيين المستعبدين ولا سيما النساء؟,بحثي متخصص,A,أطروحة مرجعية؛ معروف أنها نُشرت كتابًا بالإسبانية 2000 (لم أتحقق). غير متاحة إلكترونيًا.,https://theses.fr/api/v1/theses/these/1998EHES0104,,فهرس فقط,غير متحقق,اطلاع على الفهرس/المقدمة/وصف الناشر,فتحت سجل theses.fr: العنوان، المشرف، المستخلص؛ الإتاحة: غير متاحة (تاريخ التحقق 2026-09-23),فهرس/مستخلص المؤلف في السجل,مقال موسوعي (الموريسكيون والمرأة),,,v1.1,v1.1: سجل جديد,2026-09-23,TH-21
LIB-THS-022,رسالة جامعية,La vie quotidienne des morisques entre 1502 et 1570 selon les protocoles notariés des archives de Grenade,الحياة اليومية للموريسكيين بين 1502 و1570 من خلال السجلات التوثيقية في أرشيفات غرناطة,Florence Lecerf؛ إشراف: María Isabel Montoya Ramírez وEstrella Ruiz-Gálvez Priego,Université de Caen (بإشراف مشترك مع جامعة غرناطة),2011,أطروحة دكتوراه (مجلد واحد على الأقل؛ عدد الأجزاء لم أتحقق),لم أتحقق,,,أطروحة دكتوراه,فرنسية,فرنسية,السقوط والموريسكيون,مجتمع; المرأة; اقتصاد وتجارة,غرناطة,يعتمد على العقود التوثيقية (زواج، بيع، مهور) لرسم الحياة اليومية للموريسكيين. يجيب عن: كيف عاش الموريسكيون بين التنصير والترحيل 1570؟,بحثي متخصص,B,مصادر أرشيفية مباشرة؛ نطاق زمني ومكاني محدد. غير متاحة إلكترونيًا.,https://theses.fr/api/v1/theses/these/2011CAEN1630,,فهرس فقط,غير متحقق,اطلاع على الفهرس/المقدمة/وصف الناشر,فتحت سجل theses.fr: العنوان، المشرفتان، المستخلص؛ الإتاحة: غير متاحة (تاريخ التحقق 2026-09-23),فهرس/مستخلص المؤلف في السجل,درس الحياة اليومية; مقال موسوعي (الموريسكيون),,,v1.1,v1.1: سجل جديد,2026-09-23,TH-22
LIB-THS-023,رسالة جامعية,Le discours aljamiado et sa communauté,الخطاب الألخميادي وجماعته,Olivier Brisville-Fertin؛ إشراف: Carlos Heusch وAlberto Montaner Frutos,ENS de Lyon — Études hispaniques,2020 (نوقشت 04/09/2020),أطروحة دكتوراه (مجلد واحد على الأقل؛ عدد الأجزاء لم أتحقق),لم أتحقق,,,أطروحة دكتوراه,فرنسية,فرنسية,الممالك المتأخرة; السقوط والموريسكيون,لغة; الأديان والجماعات; مخطوطات,أراغون وقشتالة (المدجنون والموريسكيون),يعيد قراءة الأدب الألخميادي منذ العصر المدجني بوصفه إعادة تفاوض لأطر الجماعة (الألجامة)، لا مجرد مقاومة للتنصير. يجيب عن: لماذا كتب المسلمون الإسبان لغتهم الرومانسية بحروف عربية؟,بحثي متخصص,A,إشراف مونتانير (مرجع الألخميادو)؛ غير متاحة إلكترونيًا.,https://theses.fr/api/v1/theses/these/2020LYSEN034,,فهرس فقط,غير متحقق,اطلاع على الفهرس/المقدمة/وصف الناشر,فتحت سجل theses.fr: العنوان، المشرفان، المستخلص؛ الإتاحة: غير متاحة (تاريخ التحقق 2026-09-23),فهرس/مستخلص المؤلف في السجل,مقال موسوعي (الألخميادو); صورة مخطوط,,,v1.1,v1.1: سجل جديد,2026-09-23,TH-23
LIB-THS-024,رسالة جامعية,Rôle de l'agriculture dans l'économie d'al-Andalus,دور الزراعة في اقتصاد الأندلس,Abdelmalek Assal؛ إشراف: Floréal Sanagustin,Université Lumière Lyon 2,2023 (نوقشت 22/11/2023),أطروحة دكتوراه (مجلد واحد على الأقل؛ عدد الأجزاء لم أتحقق),لم أتحقق,,,أطروحة دكتوراه,فرنسية,فرنسية,شامل,زراعة وتقنيات; اقتصاد وتجارة,الأندلس,دراسة لموقع الزراعة في الاقتصاد الأندلسي. يجيب عن: ما وزن الزراعة في ثروة الأندلس؟,بحثي متخصص,B,تقييم مؤقت: لم أطلع على المستخلص أو الإتاحة (رُفض طلب صفحة السجل التفصيلية بسبب تحديد المعدل).,https://theses.fr/api/v1/theses/recherche/?q=al-Andalus&debut=0&nombre=50,,فهرس فقط,غير متحقق,سجل ببليوغرافي فقط,البيانات من قائمة نتائج بحث theses.fr فقط (العنوان مختصر في النتائج، المؤلف، المشرف، التاريخ، DOI 10.70675/34865cdaze750z4ef0z8096z8a21d1acebd0)؛ صفحة السجل التفصيلية لم تُفتح (تاريخ التحقق 2026-09-23),فهرس,مقال موسوعي (الاقتصاد الزراعي),العنوان الدقيق يحتاج تحققًا من https://theses.fr/2023LYO20106,,v1.1,v1.1: سجل جديد,2026-09-23,TH-24
LIB-THS-025,رسالة جامعية,"El pasado preislámico en al-Andalus: fuentes árabes, recepción de la antigüedad y legitimación en época omeya (ss. VIII-X)",الماضي السابق للإسلام في الأندلس: المصادر العربية وتلقي العصور القديمة والشرعية في العصر الأموي (ق8–10م),Jorge Elices Ocón؛ إشراف: María Gloria R. Mora Rodríguez وEduardo Manzano Moreno,"Universidad Autónoma de Madrid — Dpto. Historia Antigua, Medieval, Paleografía y Diplomática",2017 (20/06/2017),أطروحة دكتوراه (مجلد واحد على الأقل؛ عدد الأجزاء لم أتحقق),لم أتحقق,,,أطروحة دكتوراه,إسبانية,إسبانية,الإمارة; الخلافة,تأريخ ونقد مصادر; سياسة,الأندلس,كيف وظّف الأمويون صور العصور القديمة (الروم، القوط، الآثار) في المصادر العربية للشرعية. يجيب عن: كيف تصوّر الأندلسيون ماضي الجزيرة قبل الفتح؟,بحثي متخصص,A,إشراف مانثانو مورينو؛ نص كامل مفتوح؛ يخدم محور الذاكرة والتأريخ.,https://repositorio.uam.es/server/api/discover/search/objects?query=al-Andalus%20tesis%20doctoral&dsoType=ITEM&size=40,http://hdl.handle.net/10486/679950,نص كامل مجاني,غير متحقق,اطلاع على الفهرس/المقدمة/وصف الناشر,فتحت نتائج واجهة REST لمستودع UAM (Biblos-e): العنوان، المشرفان، القسم، المستخلص، حق الوصول = Open access (تاريخ التحقق 2026-09-23),فهرس/مستخلص المؤلف في السجل,مقال موسوعي (ما قبل الفتح والذاكرة),,,v1.1,v1.1: سجل جديد,2026-09-23,TH-25
LIB-THS-026,رسالة جامعية,De Zaragoza a Murcia y Damasco: perspectivas ampliadas sobre los Banu Hud (ss. XI-XIII),من سرقسطة إلى مرسية ودمشق: منظورات موسّعة عن بني هود (ق11–13م),Aurora González Artigao؛ إشراف: Maribel Fierro Bello,"Universidad Autónoma de Madrid — Dpto. Historia Antigua, Medieval, Paleografía y Diplomática",2022 (08/04/2022),أطروحة دكتوراه (مجلد واحد على الأقل؛ عدد الأجزاء لم أتحقق),لم أتحقق,,,أطروحة دكتوراه,إسبانية,إسبانية,الفتنة والطوائف; الموحدون; الممالك المتأخرة,سياسة; تأريخ ونقد مصادر,سرقسطة (الثغر الأعلى)، مرسية، دمشق,دراسة ديموغرافية-سلالية لبني هود عبر ثلاثة قرون: طائفة سرقسطة ثم ابن هود المتوكل في مرسية (1228–1238) إبان الانهيار الموحدي. يجيب عن: كيف استمرت سلالة أندلسية من الطوائف إلى مرحلة 1212–1250؟,بحثي متخصص,A,تغطي ثغرتي الثغر الأعلى ومرحلة الانتقال 1212–1250 بإشراف فييرو. كان تحت حظر حتى 2023-10-08 (مفترض الإتاحة الآن — لم أفتح الملف).,https://repositorio.uam.es/server/api/discover/search/objects?query=al-Andalus%20tesis%20doctoral&dsoType=ITEM&size=40,http://hdl.handle.net/10486/702939,نص كامل مجاني,غير متحقق,اطلاع على الفهرس/المقدمة/وصف الناشر,فتحت نتائج REST لـ UAM: العنوان، المشرفة، المستخلص، حق الوصول = embargo حتى 2023-10-08 (تاريخ التحقق 2026-09-23),فهرس/مستخلص المؤلف في السجل,بطاقات شخصيات (المقتدر، المؤتمن، ابن هود); خط زمني; خريطة,حالة الإتاحة بعد انتهاء الحظر لم أتحقق منها,,v1.1,v1.1: سجل جديد,2026-09-23,TH-26
LIB-THS-027,رسالة جامعية,"Los discursos de guerra santa y la memoria de las primeras batallas del islam. Al-Andalus, siglos X-XIII",خطابات الحرب المقدسة وذاكرة المعارك الأولى في الإسلام: الأندلس (ق10–13م),Javier Albarrán Iruela؛ إشراف: Carlos de Ayala Martínez وMercedes García-Arenal,"Universidad Autónoma de Madrid — Dpto. Historia Antigua, Medieval, Paleografía y Diplomática",2020 (20/01/2020),أطروحة دكتوراه (مجلد واحد على الأقل؛ عدد الأجزاء لم أتحقق),لم أتحقق,,,أطروحة دكتوراه,إسبانية,إسبانية,الخلافة; الفتنة والطوائف; المرابطون; الموحدون,تأريخ ونقد مصادر; عسكري; الأديان والجماعات,الأندلس,يدرس توظيف مغازي النبي وذاكرة الفتوح في خطاب الجهاد الأندلسي. يجيب عن: كيف صنعت الأندلس ذاكرة الجهاد وشرعنته؟,بحثي متخصص,A,إشراف غارثيا أرينال؛ النص محظور حتى 2027-07-27.,https://repositorio.uam.es/server/api/discover/search/objects?query=al-Andalus%20tesis%20doctoral&dsoType=ITEM&size=40,http://hdl.handle.net/10486/691940,فهرس فقط,غير متحقق,اطلاع على الفهرس/المقدمة/وصف الناشر,فتحت نتائج REST لـ UAM: العنوان، المشرفان، المستخلص، حق الوصول = embargo حتى 2027-07-27 (تاريخ التحقق 2026-09-23),فهرس/مستخلص المؤلف في السجل,مقال موسوعي (الجهاد والذاكرة),,,v1.1,v1.1: سجل جديد,2026-09-23,TH-27
LIB-THS-028,رسالة جامعية,La organización jurídica de los almorávides en Al-Andalus,التنظيم القضائي للمرابطين في الأندلس,Rachid El Hour؛ إشراف: María Jesús Viguera Molíns وManuela Marín Niño,Universidad Autónoma de Madrid — Dpto. Estudios Árabes e Islámicos,1996,أطروحة دكتوراه (مجلد واحد على الأقل؛ عدد الأجزاء لم أتحقق),لم أتحقق,,,أطروحة دكتوراه,إسبانية,إسبانية,المرابطون,مؤسسات/قضاء/إدارة; فلسفة وفقه,الأندلس,دراسة القضاة وخطة القضاء في الأندلس المرابطية اعتمادًا على كتب التراجم. يجيب عن: من تولى القضاء وكيف نظمه المرابطون؟,بحثي متخصص,B,إشراف فيغيرا ومارين؛ الوصول مقيد، لا مستخلص.,https://repositorio.uam.es/server/api/discover/search/objects?query=al-Andalus%20tesis%20doctoral&dsoType=ITEM&size=40,http://hdl.handle.net/10486/12133,فهرس فقط,غير متحقق,سجل ببليوغرافي فقط,فتحت نتائج REST لـ UAM: العنوان، المشرفتان، السنة، القسم؛ حق الوصول = Restricted؛ لا مستخلص (تاريخ التحقق 2026-09-23),فهرس,بطاقات شخصيات (القضاة); مقال موسوعي,,,v1.1,v1.1: سجل جديد,2026-09-23,TH-28
LIB-THS-029,رسالة جامعية,Ley islamica y sociedad en Al-Andalus: Estudio de los legados pios(AHBAS) a traves de la literatura juridica (Siglos IV-X-VI-XII,الشريعة والمجتمع في الأندلس: دراسة الأحباس من خلال الأدب الفقهي (ق4–6هـ/10–12م),Ana María Carballeira Debasa؛ إشراف: Ana Ramos Calvo,Universidad Autónoma de Madrid — Dpto. Estudios Árabes e Islámicos,2000,أطروحة دكتوراه (مجلد واحد على الأقل؛ عدد الأجزاء لم أتحقق),لم أتحقق,,,أطروحة دكتوراه,إسبانية,إسبانية,الخلافة; الفتنة والطوائف; المرابطون,مؤسسات/قضاء/إدارة; اقتصاد وتجارة; مجتمع,الأندلس,دراسة الأحباس (الأوقاف) ووظائفها الاجتماعية والاقتصادية عبر النوازل والفقه. يجيب عن: كيف موّلت الأحباس المساجد والفقراء والأسرى؟,بحثي متخصص,A,المرجع الأساسي عن الأوقاف الأندلسية؛ معروف أنه نُشر كتابًا لاحقًا (لم أتحقق). الوصول مقيد.,https://repositorio.uam.es/server/api/discover/search/objects?query=al-Andalus%20tesis%20doctoral&dsoType=ITEM&size=40,http://hdl.handle.net/10486/11749,فهرس فقط,غير متحقق,سجل ببليوغرافي فقط,فتحت نتائج REST لـ UAM: العنوان كما هو (ناقص القوس الختامي في المصدر)، المشرفة، السنة؛ حق الوصول = Restricted (تاريخ التحقق 2026-09-23),فهرس,مقال موسوعي (الأوقاف),,,v1.1,v1.1: سجل جديد,2026-09-23,TH-29
LIB-THS-030,رسالة جامعية,"La sociedad cristiana en al-Andalus a través de la gestión de su arquitectura religiosa (siglos VIII al X): continuidades, amortizaciones y renovaciones",المجتمع المسيحي في الأندلس من خلال إدارة عمارته الدينية (ق8–10م): استمرارية وتعطيل وتجديد,Fernando Arce Sainz؛ إشراف: José Santiago Palacios Ontalva وFrancisco José Moreno Martín,"Universidad Autónoma de Madrid — Dpto. Historia Antigua, Medieval, Paleografía y Diplomática",2021 (06/04/2021),أطروحة دكتوراه (مجلد واحد على الأقل؛ عدد الأجزاء لم أتحقق),لم أتحقق,,,أطروحة دكتوراه,إسبانية,إسبانية,الفتح والولاة; الإمارة; الخلافة,الأديان والجماعات; عمارة وفنون; آثار,الأندلس,يدرس مصير الكنائس بعد الفتح (استمرار، تحويل، تجديد). يجيب عن: ماذا حدث للعمارة المسيحية في القرون الأولى للأندلس؟,بحثي متخصص,B,موضوع خلافي تتناوله بالأدلة الأثرية؛ نص كامل مفتوح.,https://repositorio.uam.es/server/api/discover/search/objects?query=al-Andalus%20tesis%20doctoral&dsoType=ITEM&size=40,http://hdl.handle.net/10486/696320,نص كامل مجاني,غير متحقق,اطلاع على الفهرس/المقدمة/وصف الناشر,فتحت نتائج REST لـ UAM: العنوان، المشرفان، المستخلص؛ حق الوصول = Open access (تاريخ التحقق 2026-09-23),فهرس/مستخلص المؤلف في السجل,خريطة (الكنائس); مقال موسوعي,,,v1.1,v1.1: سجل جديد,2026-09-23,TH-30
LIB-THS-031,رسالة جامعية,Estudio bioantropológico de la Maqbara Andalusí de Toledo (Siglos VIII-XI). Apuntes sobre el proceso de islamización,دراسة أنثروبولوجية حيوية لمقبرة طليطلة الأندلسية (ق8–11م): ملاحظات حول مسار الأسلمة,Isabel Molero Rodrigo؛ إشراف: Jesús Herrerín López,Universidad Autónoma de Madrid — Dpto. Biología,2017,أطروحة دكتوراه (مجلد واحد على الأقل؛ عدد الأجزاء لم أتحقق),لم أتحقق,,,أطروحة دكتوراه,إسبانية,إسبانية,الفتح والولاة; الإمارة; الخلافة; الفتنة والطوائف,آثار; مجتمع; علوم وطب وفلك,طليطلة,تحليل الهياكل العظمية (الطول، الأمراض، التغذية، العمل) لسكان طليطلة. يجيب عن: كيف كانت صحة الأندلسيين وحياتهم الجسدية وما مؤشرات الأسلمة؟,بحثي متخصص,B,مصدر مادي نادر للحياة اليومية؛ منهج بيولوجي يحتاج قراءة تاريخية مكملة. نص كامل مفتوح.,https://repositorio.uam.es/server/api/discover/search/objects?query=andalus%C3%AD%20tesis%20doctoral&dsoType=ITEM&size=60,http://hdl.handle.net/10486/681125,نص كامل مجاني,غير متحقق,اطلاع على الفهرس/المقدمة/وصف الناشر,فتحت نتائج REST لـ UAM: العنوان، المشرف، القسم، المستخلص؛ حق الوصول = Open access (تاريخ التحقق 2026-09-23),فهرس/مستخلص المؤلف في السجل,درس الحياة اليومية; مقال موسوعي,,,v1.1,v1.1: سجل جديد,2026-09-23,TH-31
LIB-THS-032,رسالة جامعية,La antroponimia en Andalucía Oriental como fuente de información del árabe andalusí y sus romancismos,الأعلام الشخصية في شرق أندلوسيا مصدرًا لمعرفة العربية الأندلسية وعناصرها الرومانسية,Ana Areces Gutiérrez؛ إشراف: Álvaro Galmés de Fuentes,Universidad Autónoma de Madrid — Dpto. Estudios Árabes e Islámicos,1996,أطروحة دكتوراه (مجلد واحد على الأقل؛ عدد الأجزاء لم أتحقق),لم أتحقق,,,أطروحة دكتوراه,إسبانية,إسبانية,غرناطة النصرية; السقوط والموريسكيون,لغة,شرق أندلوسيا (غرناطة/ألمرية),يستخرج من أسماء الأشخاص في الوثائق ملامح العربية الأندلسية الدارجة واقتراضاتها الرومانسية. يجيب عن: كيف نطق الأندلسيون وسمّوا أنفسهم؟,بحثي متخصص,B,موضوع لغوي تخصصي نادر؛ وصول مقيد (أطروحة غير منشورة حسب السجل).,https://repositorio.uam.es/server/api/discover/search/objects?query=Maqbara%20OR%20antroponimia%20OR%20utbiyya%20OR%20%22%C3%A1rabe%20andalus%C3%AD%22&dsoType=ITEM&size=40,http://hdl.handle.net/10486/11696,فهرس فقط,غير متحقق,سجل ببليوغرافي فقط,فتحت نتائج REST لـ UAM: العنوان، المشرف، السنة، ملاحظة 'Tesis doctoral inédita'؛ حق الوصول = Restricted (تاريخ التحقق 2026-09-23),فهرس,مقال موسوعي (اللغة),,,v1.1,v1.1: سجل جديد,2026-09-23,TH-32
LIB-THS-033,رسالة جامعية,Els espais agraris i l'estructura social d'una gran horta fluvial andalusina. La construcció i evolució de l'Horta de València entre els segles VIII i XIII,المجالات الزراعية والبنية الاجتماعية لبستان نهري أندلسي كبير: نشأة وتطور بستان بلنسية (ق8–13م),Ferran Esquilache Martí؛ إشراف: Enric Guinot Rodríguez,Universitat de València — Departament d'Història Medieval,2015,أطروحة دكتوراه (مجلد واحد على الأقل؛ عدد الأجزاء لم أتحقق),لم أتحقق,,,أطروحة دكتوراه,كتالانية/بلنسية,متعددة,الإمارة; الخلافة; الفتنة والطوائف; المرابطون; الموحدون,زراعة وتقنيات; مجتمع; اقتصاد وتجارة,بلنسية (شرق الأندلس),آثار المشهد الزراعي والري لفهم البنية القبلية-الريفية للمجتمع الأندلسي. يجيب عن: من بنى بستان بلنسية وكيف نظّم الماء؟,بحثي متخصص,A,منهج آثار المشهد (مدرسة غيشار-بارسيلو)؛ نص كامل مفتوح؛ معروف أنه نُشر كتابًا (لم أتحقق).,https://roderic.uv.es/server/api/discover/search/objects?query=Esquilache%20horta%20andalusina&dsoType=ITEM&size=5,http://hdl.handle.net/10550/50815,نص كامل مجاني,غير متحقق,اطلاع على الفهرس/المقدمة/وصف الناشر,فتحت نتائج REST لمستودع RODERIC: العنوان الكامل، المشرف، القسم، اللغة، المستخلص، الحظر = 0 يوم (تاريخ التحقق 2026-09-23),فهرس/مستخلص المؤلف في السجل,خريطة (قنوات الري); درس الزراعة,,,v1.1,v1.1: سجل جديد,2026-09-23,TH-33
LIB-THS-034,رسالة جامعية,"Entre Tejo e Mondego, nos séculos VI-XIV: povoamento e cultura material num espaço disputado",بين التاجه ومونديغو (ق6–14م): الاستيطان والثقافة المادية في مجال متنازع عليه,Marco António Antunes Liberato؛ إشراف: João Pedro Pereira da Costa Bernardes وSusana Gómez Martínez,Universidade do Algarve — Doutoramento em Arqueologia,2024 (16/01/2024),أطروحة دكتوراه (مجلد واحد على الأقل؛ عدد الأجزاء لم أتحقق),لم أتحقق,,,أطروحة دكتوراه,برتغالية,متعددة,ما قبل الفتح; الفتح والولاة; الإمارة; الخلافة; الفتنة والطوائف; المرابطون; الموحدون,آثار; مجتمع; جغرافيا,غرب الأندلس (منطقة شنترين–قلمرية، البرتغال),دراسة الخزف مؤشرًا على تحولات التنظيم الاجتماعي بين التاجه ومونديغو قبل الإسلام وخلاله وبعده. يجيب عن: كيف اندمج شمال غرب الأندلس في العالم الإسلامي ثم خرج منه؟,بحثي متخصص,B,أطروحة أثرية حديثة بإشراف سوزانا غوميث (خبيرة خزف مارتلة)؛ مرخّصة CC BY 4.0.,https://sapientia.ualg.pt/server/api/discover/search/objects?query=Liberato%20Tejo%20Mondego&dsoType=ITEM&size=5,http://hdl.handle.net/10400.1/25694,نص كامل مجاني,CC BY 4.0,اطلاع على الفهرس/المقدمة/وصف الناشر,فتحت نتائج REST لمستودع Sapientia (جامعة الغرب): العنوان، المشرفان، اللغة، الترخيص، الإتاحة = Open Access، المستخلص (تاريخ التحقق 2026-09-23),فهرس/مستخلص المؤلف في السجل,خريطة (الاستيطان في الغرب); صورة (خزف),,,v1.1,v1.1: سجل جديد,2026-09-23,TH-34
LIB-THS-035,رسالة جامعية,Between Kings and Caliphs: Religion and Authority in Sharq al-Andalus (1145-1244 CE),بين الملوك والخلفاء: الدين والسلطة في شرق الأندلس (1145–1244م),Abigail Krasner Balbale؛ إشراف: Roy Parviz Mottahedeh,Harvard University — History and Middle Eastern Studies (Ph.D.),2012 (أُودعت 2013),أطروحة دكتوراه (مجلد واحد على الأقل؛ عدد الأجزاء لم أتحقق),لم أتحقق,,,أطروحة دكتوراه,إنجليزية,إنجليزية,المرابطون; الموحدون; الممالك المتأخرة,سياسة; الأديان والجماعات; مسكوكات,شرق الأندلس (مرسية، بلنسية),يدرس معارضة حكام شرق الأندلس (ابن مردنيش ثم ابن هود) لدعوى الخلافة الموحدية وأدوات شرعيتهم. يجيب عن: كيف قاوم الأندلسيون الموحدين وكيف انتهى ذلك بين 1212 و1244؟,بحثي متخصص,A,إشراف متحدة؛ يغطي مرحلة الانتقال 1212–1250؛ معروف أنه نُشر كتابًا (The Wolf King) — لم أتحقق. السجل: بيانات فقط (META_ONLY).,https://dash.harvard.edu/server/api/discover/search/objects?query=Balbale%20Between%20Kings%20and%20Caliphs&dsoType=ITEM&size=5,http://nrs.harvard.edu/urn-3:HUL.InstRepos:10381398,فهرس فقط,غير متحقق,اطلاع على الفهرس/المقدمة/وصف الناشر,فتحت نتائج REST لمستودع DASH: العنوان، المشرف، القسم، المستخلص؛ الحقوق META_ONLY (الملف موجود لكن غير متاح للعموم) (تاريخ التحقق 2026-09-23),فهرس/مستخلص المؤلف في السجل,بطاقة شخصية (ابن مردنيش); خط زمني; مقال موسوعي,,,v1.1,v1.1: سجل جديد,2026-09-23,TH-35
LIB-THS-036,رسالة جامعية,"The Ties that Bind, Child Custody in Andalusi Mālikism, 3rd/9th-6th-12th c.",روابط الأسرة: الحضانة في الفقه المالكي الأندلسي (ق3–6هـ/9–12م),Janan Delgado؛ إشراف: Baber Johansen وMalika Zeghal,Harvard University — Committee on the Study of Religion (Ph.D.),2022 (06/06/2022),أطروحة دكتوراه (مجلد واحد على الأقل؛ عدد الأجزاء لم أتحقق),لم أتحقق,,,أطروحة دكتوراه,إنجليزية,إنجليزية,الإمارة; الخلافة; الفتنة والطوائف; المرابطون,المرأة; فلسفة وفقه; مجتمع,الأندلس,تطور أحكام الحضانة في المدونات المالكية الأندلسية عبر أربعة قرون. يجيب عن: ما حقوق الأمهات والأطفال بعد الطلاق أو الوفاة في الأندلس؟,بحثي متخصص,A,إشراف يوهانسن؛ يسد ثغرة المرأة والأسرة. متاح بشروط LAA لمستودع هارفارد (ملف PDF مرفق).,https://dash.harvard.edu/server/api/discover/search/objects?query=Delgado%20child%20custody%20Andalusi&dsoType=ITEM&size=5,https://nrs.harvard.edu/URN-3:HUL.INSTREPOS:37372299,نص كامل مجاني,شروط استخدام DASH (LAA),اطلاع على الفهرس/المقدمة/وصف الناشر,فتحت نتائج REST لـ DASH: العنوان، المشرفان، القسم، المستخلص، الحقوق = LAA، وجود ملف PDF (تاريخ التحقق 2026-09-23),فهرس/مستخلص المؤلف في السجل,مقال موسوعي (المرأة والأسرة); درس,,,v1.1,v1.1: سجل جديد,2026-09-23,TH-36
LIB-THS-037,رسالة جامعية,البربر في الأندلس في عهد الطوائف خلال القرن 5هـ / 11 م,البربر في الأندلس في عهد الطوائف خلال القرن 5هـ / 11 م,"عمر بوخاري (Boukhari, Omar)؛ المشرف غير مذكور في السجل",جامعة تلمسان (أبو بكر بلقايد) — قسم التاريخ والفنون، دكتوراه في التاريخ,2016 (20/03/2016),أطروحة دكتوراه (مجلد واحد على الأقل؛ عدد الأجزاء لم أتحقق),لم أتحقق,,,أطروحة دكتوراه,عربية,عربية,الفتنة والطوائف,سياسة; مجتمع; الأديان والجماعات,غرناطة (بنو زيري)، قرطبة ومالقة (بنو حمود)، طليطلة (بنو ذي النون),دراسة إمارات الطوائف البربرية (الزيريون، الحموديون، ذو النون) وصراعها مع الأندلسيين حتى التدخل المرابطي. يجيب عن: ما دور البربر في الطوائف؟,متقدم,B,أطروحة دكتوراه بالعربية تغطي طوائف بعينها؛ المشرف غير مذكور؛ تُستكمل بالدراسات الغربية. نص كامل متاح.,https://dspace.univ-tlemcen.dz/handle/112/8643,https://dspace.univ-tlemcen.dz/bitstreams/9ee95e2c-2c63-43c6-8ad7-e0a8cf976450/download,نص كامل مجاني,غير متحقق,اطلاع على الفهرس/المقدمة/وصف الناشر,فتحت صفحة السجل: النوع Doctoral dissertation، مجموعة Doctorat en Histoire، المستخلص، ملف PDF (7.26 MB)؛ لم أفتح الملف (تاريخ التحقق 2026-09-23),فهرس/مستخلص المؤلف في السجل,مقال موسوعي (طوائف البربر); بطاقات شخصيات,,,v1.1,v1.1: سجل جديد,2026-09-23,TH-37
LIB-THS-038,رسالة جامعية,الأندلس في عهد بني الأحمر,الأندلس في عهد بني الأحمر,"عبد القادر بوحسون (Bouhassoun, Abdelkader)؛ المشرف غير مذكور في السجل",جامعة تلمسان — قسم التاريخ والفنون، دكتوراه في التاريخ,2013,أطروحة دكتوراه (مجلد واحد على الأقل؛ عدد الأجزاء لم أتحقق),لم أتحقق,,,أطروحة دكتوراه,عربية,عربية,غرناطة النصرية,سياسة; علوم وطب وفلك; عمارة وفنون,مملكة غرناطة,دراسة تاريخية حضارية للدولة النصرية: النشأة، العلاقات، السقوط، والحياة العلمية والعمرانية. يجيب عن: ما صورة غرناطة النصرية في البحث الجامعي العربي؟,متقدم,B,عرض شامل بالعربية؛ متاح نصًا كاملًا؛ عنوان عام وقد يغلب عليه التجميع — لم أفحص المحتوى.,https://dspace.univ-tlemcen.dz/handle/112/3659,https://dspace.univ-tlemcen.dz/bitstreams/330d19d5-b85a-4655-b1d2-af2777af2e70/download,نص كامل مجاني,غير متحقق,اطلاع على الفهرس/المقدمة/وصف الناشر,فتحت صفحة السجل: النوع Doctoral dissertation، مجموعة Doctorat en Histoire، المستخلص، ملف PDF (6.04 MB) (تاريخ التحقق 2026-09-23),فهرس/مستخلص المؤلف في السجل,مقال موسوعي (غرناطة); درس,,,v1.1,v1.1: سجل جديد,2026-09-23,TH-38
LIB-THS-039,رسالة جامعية,البدع والانحرافات في الأندلس في النصوص النوازلية من القرن 3 هـ - 12م حتى 9 هـ - 15م,البدع والانحرافات في الأندلس في النصوص النوازلية من القرن 3هـ حتى 9هـ,طارق يوسف قبايلي؛ المشرف غير مذكور في السجل,جامعة تلمسان — قسم التاريخ والفنون، دكتوراه في التاريخ,2024,أطروحة دكتوراه (مجلد واحد على الأقل؛ عدد الأجزاء لم أتحقق),لم أتحقق,,,أطروحة دكتوراه,عربية,عربية,شامل,مجتمع; فلسفة وفقه; الأديان والجماعات,الأندلس,يستخرج من كتب النوازل ظواهر اجتماعية (عادات، احتفالات، ممارسات دينية شعبية). يجيب عن: ماذا تكشف الفتاوى عن الحياة اليومية والممارسات الشعبية؟,متقدم,C,مفيد مادةً للحياة اليومية من النوازل، لكن إطاره تقويمي (البدع سببًا للضعف) يستلزم الحذر؛ خطأ في مقابلة التاريخ الميلادي في العنوان (3هـ ≠ 12م).,https://dspace.univ-tlemcen.dz/handle/112/24277,https://dspace.univ-tlemcen.dz/bitstreams/3c6c6a5b-762c-4d39-b8d3-f691d249db84/download,نص كامل مجاني,غير متحقق,اطلاع على الفهرس/المقدمة/وصف الناشر,فتحت صفحة السجل: Doctorat en Histoire، المستخلص، ملف PDF (2.72 MB) (تاريخ التحقق 2026-09-23),فهرس/مستخلص المؤلف في السجل,درس الحياة اليومية (بحذر),,,v1.1,v1.1: سجل جديد,2026-09-23,TH-39
LIB-THS-040,رسالة جامعية,مملكة البرتغال وعلاقتها باالإمارات الإسلامية في الأندلس من خلال القرنين 6-7 هجري/123-13 ميلادي,مملكة البرتغال وعلاقتها بالإمارات الإسلامية في الأندلس خلال القرنين 6–7هـ/12–13م,نرجس كرنيف؛ المشرف غير مذكور في السجل,جامعة باتنة 1 الحاج لخضر — دكتوراه علوم في التاريخ الوسيط (تخصص أوروبا العصور الوسطى),2024 (27/06/2024),أطروحة دكتوراه (مجلد واحد على الأقل؛ عدد الأجزاء لم أتحقق),لم أتحقق,,,أطروحة دكتوراه,عربية,عربية,المرابطون; الموحدون; الممالك المتأخرة,سياسة; عسكري,غرب الأندلس/البرتغال,علاقات مملكة البرتغال الناشئة (ألفونسو هنريكس) بالإمارات الإسلامية حتى سقوط الغرب الأندلسي. يجيب عن: كيف توسعت البرتغال على حساب غرب الأندلس؟,متقدم,B,من القليل بالعربية عن غرب الأندلس ومرحلة 1212–1250؛ العنوان في المستودع يحوي أخطاء طباعية (باالإمارات، 123-13).,http://dspace.univ-batna.dz/server/api/discover/search/objects?query=%D9%85%D9%85%D9%84%D9%83%D8%A9%20%D8%A7%D9%84%D8%A8%D8%B1%D8%AA%D8%BA%D8%A7%D9%84&dsoType=ITEM&size=10,https://dspace.univ-batna.dz/handle/123456789/7789,فهرس فقط,غير متحقق,اطلاع على الفهرس/المقدمة/وصف الناشر,فتحت بيانات REST لمستودع جامعة باتنة 1: العنوان، dc.description (أطروحة دكتوراه علوم)، المستخلص؛ صفحة المقبض لم تُعرض (واجهة JavaScript)؛ وجود ملف PDF لم أتحقق منه (تاريخ التحقق 2026-09-23),فهرس/مستخلص المؤلف في السجل,خريطة (غرب الأندلس); خط زمني,العنوان منقول حرفيًا بأخطائه,,v1.1,v1.1: سجل جديد,2026-09-23,TH-40
LIB-ENC-001,موسوعة/موقع متخصص,"al-Andalus (Encyclopaedia of Islam, Second Edition)",مادة «الأندلس» في دائرة المعارف الإسلامية، الطبعة الثانية,لم أتحقق من أسماء كاتبي المادة (الصفحة لم تُفتح),Brill,لم أتحقق,,لم أتحقق,,,مادة موسوعية,إنجليزية (وتوجد نسخة فرنسية Encyclopédie de l'Islam),إنجليزية,شامل,سياسة; مجتمع; جغرافيا; تأريخ ونقد مصادر,الأندلس (شبه الجزيرة الإيبيرية),المادة المرجعية الكلاسيكية الأوسع عن الأندلس في أهم موسوعة أكاديمية للدراسات الإسلامية؛ نقطة انطلاق لبيبليوغرافيا المصادر الأولية والدراسات حتى تاريخ كتابتها.,متقدم,A,موسوعة محكّمة مرجعية؛ لكن مواد الطبعة الثانية قديمة نسبيًا (القرن العشرين) وتحتاج استكمالًا بالطبعة الثالثة والدراسات الحديثة.,https://referenceworks.brillonline.com/entries/encyclopaedia-of-islam-2/al-andalus-COM_0054?lang=fr,,اشتراك,غير متحقق,سجل ببليوغرافي فقط,ظهر الرابط وعنوان المادة في نتائج البحث؛ فتح الصفحة فشل (خطأ robots/520 و403 من referenceworks.brill.com). لم يُطّلع على النص. (تاريخ التحقق 2026-09-23),نتائج بحث فقط,مقال موسوعي; خط زمني,مواد EI2 ذات الصلة الأخرى: Gharnāṭa، Ḳurṭuba — لم أتحقق من روابطها. اسم كاتب المادة غير متحقق فلا يُنسب لأحد.,,v1.0,,2026-09-23,E-01
LIB-ENC-002,موسوعة/موقع متخصص,"al-Andalus, etymology and name (Encyclopaedia of Islam, THREE)",مادة «الأندلس: أصل الاسم ودلالته» في دائرة المعارف الإسلامية، الطبعة الثالثة,لم أتحقق,Brill,لم أتحقق,,لم أتحقق,,,مادة موسوعية,إنجليزية,إنجليزية,شامل,لغة; تأريخ ونقد مصادر; جغرافيا,الأندلس,تعالج مسألة أصل تسمية «الأندلس» الخلافية (الوندال/أطلانطس/غيرها)، وهي مسألة تحتاجها الموسوعة لبطاقة تعريف المصطلح وتمييزه عن أندلوسيا المعاصرة.,بحثي متخصص,A,EI3 أحدث طبعات الموسوعة ومحكّمة؛ الحكم على المضمون معلّق لعدم الاطلاع.,https://referenceworks.brillonline.com/entries/encyclopaedia-of-islam-3/al-andalus-etymology-and-name-COM_24223,,اشتراك,غير متحقق,سجل ببليوغرافي فقط,العنوان والرابط من نتائج البحث؛ فتح الصفحة فشل (robots.txt). (تاريخ التحقق 2026-09-23),نتائج بحث فقط,مقال موسوعي,EI3 تنشر المواد تباعًا؛ لم أتحقق من وجود مواد Granada/Córdoba فيها.,,v1.0,,2026-09-23,E-02
LIB-ENC-003,موسوعة/موقع متخصص,Muslim Spain (Oxford Bibliographies in Islamic Studies),«إسبانيا المسلمة» — ببليوغرافيا أكسفورد المشروحة في الدراسات الإسلامية,Frank Peters,Oxford University Press (Oxford Bibliographies / Oxford Academic),2009 (تاريخ النشر المعروض: 14 ديسمبر 2009),,DOI: 10.1093/obo/9780195390155-0054,,,ببليوغرافيا مشروحة,إنجليزية,إنجليزية,شامل,سياسة; مجتمع; الأديان والجماعات; تأريخ ونقد مصادر,الأندلس,ببليوغرافيا مشروحة ينتقيها متخصص، تساعد على الإجابة: ما المراجع الأساسية المعتمدة في كل محور من تاريخ الأندلس؟ مفيدة لتدقيق اختيارات المكتبة الأساسية.,متقدم,A,عمل مرجعي محكّم من ناشر أكاديمي؛ تاريخ النشر 2009 فقد لا يشمل الإنتاج الحديث (لم أتحقق من تحديثات لاحقة).,https://academic.oup.com/reference/62361/reference-article-abstract/554575384,,اشتراك (الملخص مجاني),غير متحقق,اطلاع على الفهرس/المقدمة/وصف الناشر,فتحت صفحة الملخص على Oxford Academic بعد تحويل من oxfordbibliographies.com؛ ظهر العنوان والمؤلف والتاريخ وDOI وسطر افتتاحي. (تاريخ التحقق 2026-09-23),وصف ناشر,مقال موسوعي; درس,المقدمة تقول إن المسلمين عاشوا في شبه الجزيرة «حتى 1510» — تاريخ يحتاج مقارنة (مراسيم التنصير 1501–1526، والطرد 1609–1614).,,v1.0,,2026-09-23,E-03
LIB-ENC-004,موسوعة/موقع متخصص,Almohads (Oxford Bibliographies in Islamic Studies),«الموحدون» — ببليوغرافيا أكسفورد المشروحة,Maribel Fierro,Oxford University Press (Oxford Bibliographies / Oxford Academic),2009 (14 ديسمبر 2009),,DOI: 10.1093/obo/9780195390155-0217,,,ببليوغرافيا مشروحة,إنجليزية,إنجليزية,الموحدون,سياسة; فلسفة وفقه; الأديان والجماعات; تأريخ ونقد مصادر,الأندلس والمغرب,ببليوغرافيا انتقائية بقلم باحثة رائدة في الموحدين؛ تجيب عن: ما أهم المصادر والدراسات عن الحركة الموحدية ومهدويّة ابن تومرت وسياساتها الدينية؟,متقدم,A,مؤلفة متخصصة بارزة وناشر أكاديمي؛ تاريخها 2009.,https://academic.oup.com/reference/62361/reference-article-abstract/554575890,,اشتراك (الملخص مجاني),غير متحقق,اطلاع على الفهرس/المقدمة/وصف الناشر,فتحت صفحة الملخص على Oxford Academic؛ العنوان والمؤلفة والتاريخ وDOI وسطر افتتاحي. (تاريخ التحقق 2026-09-23),وصف ناشر,مقال موسوعي; خط زمني,توجد مادة أخرى عن الحمراء في Oxford Bibliographies (ظهرت في البحث عبر academia.edu) لم أتحقق منها.,,v1.0,,2026-09-23,E-04
LIB-ENC-005,موسوعة/موقع متخصص,Christian-Muslim Relations. A Bibliographical History. Volume 3 (1050-1200),العلاقات المسيحية الإسلامية: تاريخ ببليوغرافي، المجلد 3 (1050–1200),David Thomas (محرر) مع محرر مشارك: Amazon يذكر Alex Mallett، وGoogle Books يذكر Barbara Roggema — تعارض لم يُحسم,Brill (سلسلة History of Christian-Muslim Relations),2011,مجلد واحد، 806 ص,ISBN 9789004195158,,,كتاب مرجعي/موسوعة ببليوغرافية,إنجليزية,إنجليزية,الفتنة والطوائف; المرابطون; الموحدون,الأديان والجماعات; فلسفة وفقه; تأريخ ونقد مصادر,المتوسط بما فيه الأندلس,يقدّم مداخل عن كل نص كتبه مسلمون أو مسيحيون عن الآخر (سيرة المؤلف، وصف العمل، مخطوطاته، طبعاته، ترجماته، دراساته) — يخدم سؤال العلاقات الدينية في الأندلس (مثل ابن حزم) بأدلة نصية.,بحثي متخصص,A,عمل مرجعي أكاديمي بأقلام متخصصين؛ يتناول النصوص الجدلية لا التاريخ الاجتماعي كله.,https://books.google.com/books/about/Christian_Muslim_Relations_A_Bibliograph.html?id=6AXXFamR5oAC,,شراء/مكتبات (السلسلة متاحة أيضًا قاعدةً باشتراك لدى Brill — لم أتحقق),غير متحقق,اطلاع على الفهرس/المقدمة/وصف الناشر,فتحت صفحة Google Books: 806 صفحة، وصف المحتوى، الفهرس يذكر Ibn Hazm. صفحة السلسلة لدى Brill (brill.com/display/serial/HCMR1BP) أعطت 403. (تاريخ التحقق 2026-09-23),وصف ناشر,مقال موسوعي; بطاقة شخصية,المجلدات 1–2 و4–5 تغطي فترات أندلسية أخرى — لم أتحقق منها.,,v1.0,,2026-09-23,E-05
LIB-ENC-006,موسوعة/موقع متخصص,Diccionario Biográfico electrónico (DB~e) / Historia Hispánica,القاموس البيوغرافي الإسباني الإلكتروني للأكاديمية الملكية للتاريخ وبوابته «Historia Hispánica»,Real Academia de la Historia (مؤسسة ناشرة؛ المداخل موقّعة من كتّاب متعددين — لم أتحقق من عددهم),"Real Academia de la Historia, Madrid",DB~e قُدِّم 3 مايو 2018؛ أُدمجت نتائجه في Historia Hispánica في 29 يناير 2025,,لم أتحقق,,,قاموس تراجم/بوابة,إسبانية,إسبانية,شامل,سياسة; مجتمع; علوم وطب وفلك; أدب وشعر,إسبانيا (يشمل شخصيات الأندلس),"تراجم علمية لشخصيات الأندلس (حكام، علماء، أدباء) بالإسبانية، وبوابة تذكر نحو 50,000 شخص و20,000 حدث مع خريطة تفاعلية — مصدر لبطاقات الشخصيات والخط الزمني.",متوسط,B,مؤسسة علمية رسمية ومداخل موقعة؛ لكن جودة المداخل تتفاوت، وقد أثيرت انتقادات عامة لبعض تراجم الدبي المطبوع (لم أتحقق منها هنا)، فتُقارن بمصادر أخرى.,https://historia-hispanica.rah.es/,https://historia-hispanica.rah.es/,نص كامل مجاني,غير متحقق,اطلاع على الفهرس/المقدمة/وصف الناشر,dbe.rah.es يحوّل إلى historia-hispanica.rah.es؛ الصفحة الرئيسية لم تُعطِ تفاصيل. قرأت إعلانات rah.es: الإتاحة المجانية للبيئة المتقدمة (7 أبريل 2021)، تقديم DB~e (3 مايو 2018)، الدمج في Historia Hispánica (29 يناير 2025، «بالنص نفسه»). (تاريخ التحقق 2026-09-23),وصف ناشر,بطاقة شخصية; خط زمني; خريطة,لم أفتح مدخلًا بعينه لشخصية أندلسية؛ يلزم فحص عينة (مثلًا عبد الرحمن الثالث) قبل الاعتماد.,,v1.0,,2026-09-23,E-06
LIB-ENC-007,موسوعة/موقع متخصص,"Escuela de Estudios Árabes (EEA-CSIC), Granada — Biblioteca-Archivo",مدرسة الدراسات العربية بغرناطة (المجلس الأعلى للبحث العلمي) — المكتبة والأرشيف,Consejo Superior de Investigaciones Científicas (CSIC),CSIC,تأسست المكتبة 1932 (حسب صفحتها),,لم أتحقق,,,مركز بحثي/مكتبة متخصصة,إسبانية,إسبانية,شامل,مخطوطات; تأريخ ونقد مصادر; عمارة وفنون; آثار,الأندلس، غرناطة,من أهم مراكز الاستعراب الإسباني عن الأندلس؛ مكتبتها تضم مطبوعات ومخطوطات عربية وأرشيفًا تاريخيًا ومجموعات صور، وتحيل إلى فهرس CSIC وDigital.CSIC وManuscripta CSIC وSIMURG للمواد الرقمية.,بحثي متخصص,A,مؤسسة بحثية حكومية متخصصة؛ الصفحة بوابة لا محتوى مستقل.,https://www.eea.csic.es/biblioteca/,,فهرس فقط (مع روابط لمستودعات رقمية),غير متحقق,اطلاع على الفهرس/المقدمة/وصف الناشر,فتحت صفحة المكتبة. مقالة Enredadera عن أنشطة 2025 (رقمنة وترميم، Font Ugalde وde la Torre de Benito) فُتحت دون تفاصيل المحتوى. مجتمع EEA في Digital.CSIC (digital.csic.es/handle/10261/73) محجوب بنظام Anubis. (تاريخ التحقق 2026-09-23),وصف ناشر,مقال موسوعي; صورة,المجموعات الرقمية المحددة للمدرسة لم أتحقق من محتواها.,,v1.0,,2026-09-23,E-08
LIB-ENC-008,موسوعة/موقع متخصص,"Instituto de Lenguas y Culturas del Mediterráneo y Oriente Próximo (ILC-CSIC), CCHS Madrid",معهد لغات وثقافات المتوسط والشرق الأدنى (المجلس الأعلى للبحث العلمي)، مدريد,CSIC — Centro de Ciencias Humanas y Sociales,CSIC,لم أتحقق,,لم أتحقق,,,مركز بحثي,إسبانية,إسبانية,شامل,تأريخ ونقد مصادر; مخطوطات; لغة,الأندلس والمتوسط,الجهة الحاضنة لمشاريع أندلسية كبرى (بعضها في قاعدة المعرفة سلفًا) ومكتبة Tomás Navarro Tomás؛ مفيد لتتبع المشروعات والمجلات (مثل al-Qanṭara — لم أتحقق من الصفحة).,بحثي متخصص,B,مؤسسة موثوقة، لكن الموقع بوابة مؤسسية عامة.,https://www.ilc.csic.es/,,فهرس فقط,غير متحقق,اطلاع على الفهرس/المقدمة/وصف الناشر,فتحت ilc.csic.es فظهرت صفحة CCHS العامة: ستة معاهد، مكتبة Tomás Navarro Tomás، Digital.CSIC، SIMURG. (تاريخ التحقق 2026-09-23),وصف ناشر,مقال موسوعي,لا يُكرّر ما في قاعدة المعرفة (PUA، HATA، Biblioteca de al-Andalus، Manuscript@CSIC، Corpus Epigráfico).,,v1.0,,2026-09-23,E-09
LIB-ENC-009,موسوعة/موقع متخصص,Casa Árabe (Madrid – Córdoba),البيت العربي (مدريد وقرطبة),Casa Árabe — consorcio público (بدعم وزارة الخارجية الإسبانية وAECID حسب الموقع),Casa Árabe,لم أتحقق,,لم أتحقق,,,مؤسسة ثقافية/موقع,إسبانية,إسبانية,شامل; الإرث,فلسفة وفقه; أدب وشعر; الإرث,إسبانيا والعالم العربي,محاضرات وندوات مسجلة (Casa Árabe TV، بودكاست)، ومجلة Awraq، ومقر قرطبة في «Casa Mudéjar»؛ برنامج «Universo Averroes» لذكرى 900 عام على ميلاد ابن رشد (2026) — مصدر لمحاضرات متخصصة.,متوسط,B,هيئة رسمية تستضيف متخصصين؛ القيمة تتوقف على كل محاضرة/منشور.,https://www.casaarabe.es/,https://www.casaarabe.es/,نص كامل مجاني (فيديوهات ومنشورات على Issuu),غير متحقق,اطلاع على الفهرس/المقدمة/وصف الناشر,فتحت الصفحة الرئيسية وقرأت وصف المؤسسة والأنشطة. (تاريخ التحقق 2026-09-23),وصف ناشر,مادة صوتية; درس,التداخل المحتمل مع مسار المواد المرئية؛ تُنتقى المحاضرات فرديًا.,,v1.0,,2026-09-23,E-11
LIB-ENC-010,موسوعة/موقع متخصص,Instituto Egipcio de Estudios Islámicos (Madrid),المعهد المصري للدراسات الإسلامية بمدريد,مؤسسة أسسها طه حسين سنة 1950 (حسب الموقع),Instituto Egipcio de Estudios Islámicos,1950 (التأسيس),,لم أتحقق,,,مؤسسة بحثية/ثقافية,إسبانية/عربية,إسبانية,شامل,تأريخ ونقد مصادر; أدب وشعر,الأندلس وإسبانيا,جسر تاريخي للدراسات الأندلسية بالعربية؛ له مكتبة ومجلة (صحيفة معهد الدراسات الإسلامية في مدريد) وبرنامج ترجمة للمصادر العربية إلى الإسبانية.,متقدم,B,مؤسسة ذات تاريخ علمي؛ الموقع نفسه محدود المحتوى ولا يتيح أرشيف المجلة (لم أتحقق).,https://www.institutoegipcio.es/,,فهرس فقط,غير متحقق,اطلاع على الفهرس/المقدمة/وصف الناشر,فتحت الصفحة الرئيسية؛ ذُكرت المجلة دون تفاصيل. (تاريخ التحقق 2026-09-23),وصف ناشر,مقال موسوعي,أرشيف المجلة الرقمي يحتاج بحثًا إضافيًا.,,v1.0,,2026-09-23,E-12
LIB-ENC-011,موسوعة/موقع متخصص,الموسوعة العربية,الموسوعة العربية (هيئة الموسوعة العربية، دمشق),هيئة الموسوعة العربية (المداخل موقعة بأسماء كتّاب — لم أتحقق من مدخل أندلسي بعينه),هيئة الموسوعة العربية — وزارة الثقافة السورية,22 مجلدًا مطبوعًا (1998–2008)؛ الهيئة أُسست 1981,,لم أتحقق,,,موسوعة عامة,عربية,عربية,شامل,سياسة; أدب وشعر; مدن وعمران,العالم العربي (يشمل الأندلس),من الموسوعات العربية القليلة ذات هيئة تحرير رسمية ومنصة مجانية بفهرس ألفبائي وأطلس؛ نافعة لمداخل عربية تمهيدية.,تمهيدي,C,موسوعة عامة رسمية؛ لم أعثر على مدخل «الأندلس» في قائمة حرف الألف المعروضة، ولم أتحقق من جودة المداخل الأندلسية.,https://arab-ency.com.sy/,https://arab-ency.com.sy/,نص كامل مجاني,غير متحقق,اطلاع على الفهرس/المقدمة/وصف الناشر,"فتحت الصفحة الرئيسية وصفحة حرف «أ» (az/أ، أكثر من 7,500 مدخل) ولم تظهر عناوين تحوي الأندلس/غرناطة/قرطبة في المعروض. (تاريخ التحقق 2026-09-23)",وصف ناشر,مقال موسوعي,المداخل قد تكون تحت أسماء الأعلام أو المدن بحروف أخرى؛ يلزم بحث داخلي بالموقع.,,v1.0,,2026-09-23,E-13
LIB-ENC-012,موسوعة/موقع متخصص,Al-Andalus (Encyclopaedia Britannica),مادة «الأندلس» في الموسوعة البريطانية,لم يظهر اسم كاتب في المقتطف المقروء,Encyclopaedia Britannica,لم أتحقق من تاريخ آخر تحديث,,لم أتحقق,,,مادة موسوعية,إنجليزية,إنجليزية,الفتح والولاة; الإمارة; الخلافة,سياسة; عمارة وفنون,الأندلس,مدخل تعريفي عام سريع للقارئ المبتدئ.,تمهيدي,C,موسوعة محررة عامة؛ تعرّف الأندلس بأنها مملكة حتى انهيار الأمويين أوائل القرن 11 — تعريف ضيق لا يغطي الطوائف حتى غرناطة، فلا يُعتمد وحده.,https://www.britannica.com/place/Al-Andalus,https://www.britannica.com/place/Al-Andalus,نص كامل مجاني (مع إعلانات/اشتراك لبعض المزايا),غير متحقق,فحص أجزاء من المحتوى,قرأت الملخص والأقسام الرئيسة للمادة. (تاريخ التحقق 2026-09-23),محتوى,درس,يُستخدم مدخلًا فقط؛ تعريفه الزمني يختلف عن التعريف الأكاديمي الشائع (711–1492).,,v1.0,,2026-09-23,E-14
LIB-ENC-013,موسوعة/موقع متخصص,Centro de Estudios del Madrid Islámico (CEMI) — madridislamico.org,مركز دراسات مدريد الإسلامية (موقع madridislamico.org),CEMI، تابع لـ FUNCI (Fundación de Cultura Islámica),FUNCI,مقال مثال: Aurora Cano Ledesma، «Los manuscritos árabes de El Escorial» (نُشر 2011، أعيد نشره 11 نوفمبر 2020),,لم أتحقق,,,موقع متخصص/مقالات,إسبانية,إسبانية,الإمارة; الخلافة; السقوط والموريسكيون,مخطوطات; مدن وعمران; آثار,مدريد (مجريط) والأندلس,مقالات لباحثين مختصين عن مجريط الإسلامية والمخطوطات؛ مقال كانو ليديسما يشرح تاريخ مجموعة الإسكوريال (حريق 1671، مكتبة مولاي زيدان 1612، فهارس كاسيري ودرنبورغ).,متوسط,B,مقالات موقعة لمتخصصين (كانو ليديسما أمينة مخطوطات الإسكوريال العربية)، لكن الأرقام تحتاج مقارنة بالفهارس.,https://madridislamico.org/los-manuscritos-arabes-de-el-escorial/,https://madridislamico.org/los-manuscritos-arabes-de-el-escorial/,نص كامل مجاني,غير متحقق,فحص أجزاء من المحتوى,قرأت المقال المذكور. (تاريخ التحقق 2026-09-23),محتوى,مقال موسوعي; درس,"الأرقام المذكورة (نحو 2,000+ مخطوط حاليًا، نحو 2,500 احترق في 1671، نحو 3,975 في مكتبة زيدان) كما وردت في المقال — تتفاوت بين المصادر.",,v1.0,,2026-09-23,E-16
LIB-DLB-001,مكتبة/أرشيف رقمي,Real Biblioteca Digital — Real Biblioteca del Monasterio de San Lorenzo de El Escorial: Manuscritos árabes,المكتبة الرقمية لمكتبة دير الإسكوريال الملكية — المخطوطات العربية,Patrimonio Nacional,Patrimonio Nacional,لم أتحقق,,لم أتحقق,,Real Biblioteca del Monasterio de El Escorial؛ المرقمن: Árabe 1–115، 898، 1340,مكتبة رقمية/مخطوطات,عربية (المخطوطات)، إسبانية (الواجهة),عربية,شامل,مخطوطات; علوم وطب وفلك; فلسفة وفقه; تأريخ ونقد مصادر,الأندلس والمغرب,أهم مجموعة مخطوطات عربية في إسبانيا (كثير منها لمؤلفين أندلسيين)؛ المرقمن حاليًا: عربي 1–115، وعربي 898، وعربي 1340 (مصحف مولاي زيدان)، مع فهارس درنبورغ ورينو وغيرها قابلة للتنزيل في قسم «Bibliografía».,بحثي متخصص,A,جهة الحفظ الأصلية؛ الرقمنة جزئية والفهرسة الجديدة جارية.,https://rbme.patrimonionacional.es/s/rbme/page/inicio1,https://rbme.patrimonionacional.es/s/rbme/page/Catalogos,نص كامل مجاني (للمرقمن فقط),طلبات الاستنساخ وأذونات الاستخدام تُقدَّم حصريًا إلى Patrimonio Nacional (real.biblioteca@patrimonionacional.es),اطلاع على الفهرس/المقدمة/وصف الناشر,فتحت الصفحة الرئيسية للمكتبة الرقمية (نص المخطوطات العربية وشروط الاستخدام). صفحة «manuscritos-rabes» أعطت 404 عند الفتح رغم ظهورها في البحث. (تاريخ التحقق 2026-09-23),وصف ناشر,صورة; مقال موسوعي,لا إذن بإعادة نشر الصور دون تصريح. انظر أيضًا L-11 (فهرس كاسيري) وE-16.,,v1.0,,2026-09-23,L-01
LIB-DLB-002,مكتبة/أرشيف رقمي,Real Biblioteca (Palacio Real de Madrid) — Manuscritos árabes,المكتبة الملكية (القصر الملكي بمدريد) — المخطوطات العربية,Patrimonio Nacional,Patrimonio Nacional,لم أتحقق,,لم أتحقق,,,مكتبة/فهرس مخطوطات,إسبانية/عربية,إسبانية,لم أتحقق,مخطوطات,لم أتحقق,صفحة موضوعية لمخطوطات عربية في المكتبة الملكية بالقصر، مع بوابة «RB Digital» ومدونة Marginalia.,بحثي متخصص,B,جهة حفظ رسمية؛ لم أتحقق من عدد المخطوطات أو صلتها بالأندلس.,https://www.realbiblioteca.es/es/taxonomy/term/252,,فهرس فقط (مع رقمنة جزئية محتملة — لم أتحقق),غير متحقق,سجل ببليوغرافي فقط,فتحت الصفحة؛ ظهرت عناصر التنقل فقط دون قائمة مخطوطات مقروءة. (تاريخ التحقق 2026-09-23),وصف ناشر,مخطوطات,يحتاج فحصًا يدويًا في المتصفح.,,v1.0,,2026-09-23,L-02
LIB-DLB-003,مكتبة/أرشيف رقمي,Colección de manuscritos árabes — Red Municipal de Bibliotecas de Córdoba («Códices de Tetuán»),مجموعة المخطوطات العربية في شبكة مكتبات بلدية قرطبة («مخطوطات تطوان»),Red Municipal de Bibliotecas de Córdoba؛ فهارس: Alfredo Bustani (1959)، Garijo Galán y Pinilla Melguizo (1996)، Antonio Arjona Castro (2006),Ayuntamiento de Córdoba,اقتُنيت في الخمسينيات,,لم أتحقق,,Red Municipal de Bibliotecas de Córdoba؛ 61 مخطوطًا؛ نسخ رقمية كاملة,مخطوطات رقمية,عربية,عربية,لم أتحقق,مخطوطات; فلسفة وفقه; أدب وشعر,مصدرها تطوان (المغرب),61 مخطوطًا عربيًا مرقمنة كلها ومتاحة للجمهور، مع فهرس علمي (غاريخو وبينيا) يُنصح بمراجعته أولًا.,بحثي متخصص,B,مجموعة صغيرة موثقة ومفهرسة؛ صلتها بالأندلس غير مباشرة (مخطوطات مغربية المصدر) وتحتاج فحص كل مخطوط.,https://biblioteca.cordoba.es/index.php/biblio-digital/201-manuscritos-arabes/1493-manuscritos-arabes.html,https://biblioteca.cordoba.es/index.php/biblio-digital/201-manuscritos-arabes/1493-manuscritos-arabes.html,نص كامل مجاني,غير متحقق (متاحة للبحث؛ لا ترخيص معلن فيما قرأت),اطلاع على الفهرس/المقدمة/وصف الناشر,قرأت صفحة التعريف بالمجموعة. (تاريخ التحقق 2026-09-23),وصف ناشر,مخطوطات; صورة,,,v1.0,,2026-09-23,L-03
LIB-DLB-004,مكتبة/أرشيف رقمي,DIGIBUG — Repositorio Institucional de la Universidad de Granada,DIGIBUG: المستودع المؤسسي لجامعة غرناطة,Universidad de Granada,Universidad de Granada,لم أتحقق,,لم أتحقق,"مثال: MEAH, Sección Árabe-Islam, vol. 36 (1987), pp. 7–20; ISSN 0544-408X",,مستودع رقمي,إسبانية (وعربية),إسبانية,شامل,تأريخ ونقد مصادر; مخطوطات; فلسفة وفقه,الأندلس، غرناطة,يستضيف أعدادًا من مجلة MEAH (Miscelánea de estudios árabes y hebraicos) وقسم «Fondo Bibliográfico Antiguo»؛ مثال متحقق: مقال José Aguilera Pleguezuelo عن مخطوط الإسكوريال 1077 لقاضٍ غرناطي (MEAH 36، 1987، ص7–20).,بحثي متخصص,A,مستودع جامعي لمقالات محكمة؛ المحتوى يُقيَّم مادةً مادة.,https://digibug.ugr.es/,https://digibug.ugr.es/handle/10481/33829,نص كامل مجاني,يشير المستودع إلى تراخيص Creative Commons؛ ترخيص المادة المذكورة غير ظاهر (غير متحقق),اطلاع على الفهرس/المقدمة/وصف الناشر,فتحت الصفحة الرئيسية وسجل المقال 10481/33829. (تاريخ التحقق 2026-09-23),وصف ناشر,مقال موسوعي; مخطوطات,لم أتحقق من رقمنة مخطوطات عربية في مكتبة المستشفى الملكي (Hospital Real)؛ يلزم بحث.,,v1.0,,2026-09-23,L-04
LIB-DLB-005,مكتبة/أرشيف رقمي,PARES — Portal de Archivos Españoles,بوابة الأرشيفات الإسبانية (PARES),Ministerio de Cultura (الصفحة القديمة تنسبه لوزارة التعليم والثقافة والرياضة),Gobierno de España,لم أتحقق,,لم أتحقق,,,أرشيف رقمي,إسبانية,إسبانية,الممالك المتأخرة; غرناطة النصرية; السقوط والموريسكيون,مؤسسات/قضاء/إدارة; الأديان والجماعات; مجتمع,إسبانيا,بوابة الأرشيفات الحكومية (الأرشيف التاريخي الوطني، أرشيف تاج أرغون، مستشارية بلد الوليد، أرشيف سيمانكاس...) بصور وثائق مرقمنة — أساسية لوثائق الموريسكيين والمدجنين وتسليم غرناطة.,بحثي متخصص,A,أرشيف رسمي للوثائق الأصلية؛ يحتاج خبرة باليوغرافية وبحثًا مطولًا.,http://pares.mcu.es/,,نص كامل مجاني (صور وثائق),غير متحقق (إعادة استخدام الصور تخضع لشروط الأرشيفات — لم أقرأها),اطلاع على الفهرس/المقدمة/وصف الناشر,فتحت pares.mcu.es (صفحة تعريف: الأرشيفات المشمولة، الوصول الحر). محاولة فتح pares.cultura.gob.es فشلت بخطأ شهادة SSL فلم يُتحقق من الرابط الحديث. (تاريخ التحقق 2026-09-23),وصف ناشر,مخطوطات; صورة; خط زمني,لم أتحقق من مجموعات بعينها عن الموريسكيين في سيمانكاس؛ يلزم بحث داخلي.,,v1.0,,2026-09-23,L-05
LIB-DLB-006,مكتبة/أرشيف رقمي,المكتبة الشاملة,المكتبة الشاملة (shamela.ws),مشروع تطوعي غير ربحي (لم يظهر اسم جهة مسؤولة في الصفحة المقروءة),المكتبة الشاملة,لم أتحقق,,لم أتحقق,,,مكتبة نصوص رقمية,عربية,عربية,شامل,تأريخ ونقد مصادر; فلسفة وفقه; أدب وشعر,العالم الإسلامي (يشمل مصادر أندلسية),"نحو 8,000 كتاب و7 ملايين صفحة، قابلة للبحث والنسخ، والموقع يذكر أن ترقيم الصفحات موافق للمطبوع — أداة بحث سريعة عن نصوص المصادر الأندلسية (نفح الطيب، الصلة، إلخ).",متوسط,C,أداة بحث مفيدة لا مرجع للاستشهاد: النصوص مدخلة يدويًا بلا بيان دائم للطبعة المعتمدة أو مراجعة علمية، وحالة الحقوق للكتب الحديثة غير واضحة.,https://shamela.ws/,https://shamela.ws/,نص كامل مجاني,غير متحقق (لم يُعلن ترخيص؛ يذكر أنه مشروع مجاني لا يتقاضى عوضًا من المؤلفين),اطلاع على الفهرس/المقدمة/وصف الناشر,فتحت الصفحة الرئيسية. (تاريخ التحقق 2026-09-23),وصف ناشر,مقال موسوعي,يُتحقق من كل اقتباس على الطبعة المحققة المطبوعة أو صورتها (PDF).,,v1.0,,2026-09-23,L-07
LIB-DLB-007,مكتبة/أرشيف رقمي,المكتبة الوقفية (Waqfeya),المكتبة الوقفية للكتب المصورة,مشروع غير ربحي (لم أتحقق من الجهة),waqfeya.net,لم أتحقق,,لم أتحقق,,,مكتبة كتب مصورة (PDF),عربية,عربية,شامل,تأريخ ونقد مصادر; مخطوطات,العالم الإسلامي,تتيح صور PDF لطبعات مطبوعة ومخطوطات بترتيب ديوي والمؤلف والقرن الهجري — مفيدة للوصول إلى صورة الطبعة المحققة لمقارنة النصوص الرقمية.,متوسط,C,مفيدة للاطلاع، لكن كثيرًا من الكتب الحديثة المصورة محمية بحقوق النشر ولا ترخيص معلن؛ تُستخدم للمراجعة لا لإعادة النشر أو الإحالة بروابط في منتج عام.,https://waqfeya.net/,,نص كامل مجاني (صور),غير متحقق — «© 2026 Waqfeya. All rights reserved» ولا بيان لحقوق الكتب نفسها,اطلاع على الفهرس/المقدمة/وصف الناشر,فتحت الصفحة الرئيسية. (تاريخ التحقق 2026-09-23),وصف ناشر,مقال موسوعي,خطر قانوني عند ربط كتب محمية الحقوق من منتج عام.,,v1.0,,2026-09-23,L-08
LIB-DLB-008,مكتبة/أرشيف رقمي,HathiTrust Digital Library,مكتبة هاثي تراست الرقمية,HathiTrust (شراكة مكتبات جامعية),HathiTrust,لم أتحقق,,لم أتحقق,,,مكتبة رقمية,متعددة,متعددة,شامل,تأريخ ونقد مصادر; مخطوطات,عام,أكثر من 19 مليون مادة؛ عرض كامل لما هو ملك عام وبحث نصي فقط للمحمي — مصدر لطبعات المستشرقين القديمة (دوزي، كوديرا، ليفي-بروفنسال المبكر...) — لم أتحقق من عناوين بعينها.,متقدم,B,مستودع أكاديمي موثوق للنسخ؛ الوصول الكامل خارج الولايات المتحدة قد يختلف لبعض المواد (لم أتحقق).,https://www.hathitrust.org/about/,https://www.hathitrust.org/,نص كامل مجاني (للملك العام)/بحث فقط,"«full view for public domain, search-only for in-copyright»",اطلاع على الفهرس/المقدمة/وصف الناشر,فتحت صفحتي About وTerms & Conditions. البحث في الفهرس catalog.hathitrust.org محجوب بـ robots. (تاريخ التحقق 2026-09-23),وصف ناشر,مقال موسوعي,,,v1.0,,2026-09-23,L-09
LIB-DLB-009,مكتبة/أرشيف رقمي,"Bibliotheca Arabico-Hispana (ed. Francisco Codera y Zaidín & Julián Ribera y Tarragó), Internet Archive scans",«المكتبة الأندلسية» (بيبليوتيكا أرابيكو-إسبانا) — نشرة كوديرا وريبيرا لكتب التراجم الأندلسية، نسخ مصورة في أرشيف الإنترنت,تحقيق/نشر: Francisco Codera y Zaidín (المجلدات 1–2، 4–8)؛ Codera وJulián Ribera y Tarragó (3، 9–10),Madrid: Rojas (حسب سجل IA)؛ الرقمنة: University of Toronto (Robarts) وGoogle/University of California,1882/1883–1895,10 مجلدات في 9 كتب,لم أتحقق,,,مصادر أصلية محققة (نسخ رقمية),عربية (مقدمات لاتينية),عربية,الإمارة; الخلافة; الفتنة والطوائف; المرابطون; الموحدون,تأريخ ونقد مصادر; التعليم; فلسفة وفقه,الأندلس,الطبعات الأولى المحققة لكتب التراجم الأندلسية الأساسية: الصلة لابن بشكوال، بغية الملتمس للضبي، المعجم والتكملة لابن الأبار، تاريخ علماء الأندلس لابن الفرضي، فهرسة ابن خير — لبطاقات العلماء والخط الزمني.,بحثي متخصص,A,طبعات علمية تأسيسية؛ لكن توجد تحقيقات أحدث لمعظمها (مثل تحقيقات بشار عواد وغيرها — لم أتحقق هنا) فتُفضَّل للاستشهاد.,https://archive.org/details/bibliothecaarab00ribegoog,https://archive.org/details/bibliothecaarabi01code,نص كامل مجاني,NOT_IN_COPYRIGHT (حسب سجل IA لنسخة Google),اطلاع على الفهرس/المقدمة/وصف الناشر,فتحت سجلي IA: bibliothecaarab00ribegoog (قائمة المجلدات ومحتواها، الحالة NOT_IN_COPYRIGHT) وbibliothecaarabi01code (نسخة تورنتو، 1883). البحث المتقدم أعاد 14 معرّفًا للعنوان. (تاريخ التحقق 2026-09-23),وصف ناشر,بطاقة شخصية; خط زمني,تداخل محتمل مع مسار المصادر الأصلية — يُدمج السجل هناك إن وُجد؛ هنا يُسجَّل بوصفه مجموعة رقمية.,,v1.0,,2026-09-23,L-10
LIB-DLB-010,مكتبة/أرشيف رقمي,"Bibliotheca Arabico-Hispana Escurialensis (Miguel Casiri), Internet Archive scan",«المكتبة العربية الإسبانية الإسكوريالية» — فهرس الغزيري لمخطوطات الإسكوريال العربية,Miguel Casiri (ميخائيل الغزيري),Madrid: Antonius Perez de Soto؛ الرقمنة: Getty Research Institute,1760 (المجلد 1)؛ المجلد 2 سنة 1770 (حسب E-16),مجلدان,لم أتحقق,,,فهرس مخطوطات (نسخة رقمية),لاتينية (مع نصوص عربية),لاتينية,شامل,مخطوطات; تأريخ ونقد مصادر,الأندلس,أول فهرس علمي لمخطوطات الإسكوريال العربية مع التركيز على مؤلفين أندلسيين؛ مفيد تاريخيًا لتتبع مخطوطات فُقدت أو أعيد ترقيمها.,بحثي متخصص,B,فهرس تاريخي مهم لكنه متجاوز علميًا بفهرس درنبورغ والفهرسة الجديدة (L-01).,https://archive.org/details/bibliothecaarabi01esco,https://archive.org/details/bibliothecaarabi01esco,نص كامل مجاني,غير متحقق (عمل من القرن 18 — ملك عام مرجّح؛ لم يظهر بيان حقوق),اطلاع على الفهرس/المقدمة/وصف الناشر,فتحت سجل IA (العنوان الكامل، 544 ص للمجلد 1، Getty). يوجد المجلد 2 (bibliothecaarabi02esco) في نتائج البحث ولم أفتحه. (تاريخ التحقق 2026-09-23),وصف ناشر,مخطوطات,,,v1.0,,2026-09-23,L-11
LIB-DLB-011,مكتبة/أرشيف رقمي,Gallica (Bibliothèque nationale de France),غاليكا: المكتبة الرقمية للمكتبة الوطنية الفرنسية,Bibliothèque nationale de France وشركاؤها,BnF,لم أتحقق,,لم أتحقق,,,مكتبة رقمية,متعددة,متعددة,شامل,مخطوطات; تأريخ ونقد مصادر,عام,تستضيف مخطوطات عربية مرقمنة (من الرصيد العربي في BnF) وطبعات المستشرقين الفرنسيين — لم أتمكن من التحقق من مواد أندلسية بعينها.,متقدم,B,مكتبة وطنية موثوقة؛ الحكم على المواد الأندلسية معلّق.,https://gallica.bnf.fr/,,نص كامل مجاني,غير متحقق (صفحة شروط الاستخدام أعطت 403),اطلاع على الفهرس/المقدمة/وصف الناشر,فتحت الصفحة الرئيسية فقط؛ صفحة المخطوطات الشرقية وواجهة SRU تعذّر فتحهما (timeout)، وصفحة شروط الاستخدام 403. (تاريخ التحقق 2026-09-23),وصف ناشر,مخطوطات; صورة,يحتاج بحثًا يدويًا (مثل «Ibn al-Khaṭīb» أو «arabe» + Espagne).,,v1.0,,2026-09-23,L-12
LIB-DLB-012,مكتبة/أرشيف رقمي,Europeana,يوروبيانا: البوابة الأوروبية للتراث الرقمي,Europeana Foundation (تمويل الاتحاد الأوروبي),Europeana,لم أتحقق,,لم أتحقق,,,مجمّع تراث رقمي,متعددة,متعددة,شامل,عمارة وفنون; مخطوطات; آثار,أوروبا (يشمل إسبانيا والبرتغال),يجمع موادّ آلاف المؤسسات مع بيانات حقوق موحدة لكل مادة — مفيد لإيجاد صور وخرائط ومخطوطات ذات ترخيص واضح لإعادة الاستخدام في الأطلس.,متوسط,B,مجمّع موثوق لكن الجودة والحقوق تتبع المؤسسة المزوّدة لكل مادة.,https://www.europeana.eu/en,,نص كامل مجاني/بحسب المادة,بحسب المادة (Europeana تعرض بيان حقوق لكل مادة — لم أتحقق من مادة أندلسية بعينها),سجل ببليوغرافي فقط,فتحت الصفحة الرئيسية؛ صفحة البحث عن «al-andalus» محجوبة بـ robots. (تاريخ التحقق 2026-09-23),وصف ناشر,صورة; خريطة,,,v1.0,,2026-09-23,L-13
LIB-MAP-001,مصدر مكاني/بصري,An Historical Atlas of Islam = Atlas historique de l'Islam,أطلس تاريخي للإسلام,"Hugh Kennedy (محرر)؛ خرائط: Marc Bel, Peter van der Donck","Brill, Leiden; Boston",2002 (سجل ستانفورد)؛ Open Library يذكر ديسمبر 2001,ط. 2 منقحة؛ xx+86 ص، 38 سم + قرص CD-ROM,9004122354; 9789004122352,,,أطلس مطبوع + CD-ROM,إنجليزية وفرنسية,إنجليزية,شامل,سياسة; جغرافيا; مدن وعمران,العالم الإسلامي ومنه الأندلس وشمال أفريقيا,خرائط علمية محررة من مؤرخ متخصص في الأندلس، تغطي الأندلس ضمن تسلسل العالم الإسلامي حتى نحو 1900؛ مرجع لضبط الحدود السياسية والمدن الرئيسة عبر العصور.,متوسط,A,أطلس أكاديمي من ناشر علمي ومحرر متخصص؛ مقياسه عام (العالم الإسلامي) فلا يغني عن خرائط تفصيلية للأندلس.,https://searchworks.stanford.edu/view/4763518,,شراء/استعارة,جميع الحقوق محفوظة (كتاب تجاري من Brill) — يُستشهد به ولا تُعاد خرائطه,سجل ببليوغرافي فقط,فُتح سجل مكتبة ستانفورد SearchWorks (2026-09-23)، ويذكر ملخص المحتويات «Al-Andalus» ضمن المناطق المغطاة. || v1.1: فتحت سجل Open Library لـ 9004122354: Brill، ديسمبر 2001، 86 ص، مجلد مع CD-ROM — يؤكد ISBN — تاريخ التحقق 2026-09-23,وصف فهرس المكتبة,خريطة (مرجع لرسم خرائط أصلية),صفحة Brill أعادت 403.,,v1.0,v1.1: year,2026-09-23,S-05
LIB-MAP-002,مصدر مكاني/بصري,أطلس تاريخ الإسلام,أطلس تاريخ الإسلام,حسين مؤنس (1911–1996),الزهراء للإعلام العربي، القاهرة,1987,ط. 1؛ 527 ص، مصور، 36 سم,ISBN 9789771470496 (بحسب سجل أرشيف الإنترنت؛ OCLC 1230076515),,,أطلس مطبوع,عربية,عربية,شامل,سياسة; عسكري; جغرافيا,العالم الإسلامي ومنه الأندلس,أشمل أطلس تاريخي عربي لمؤلف متخصص في تاريخ الأندلس؛ مفيد لتسميات المواضع بالعربية وخرائط الفتوح والممالك مع نص شارح وكشافات.,متوسط,A,مؤلفه من كبار مؤرخي الأندلس، ويتضمن مراجع وكشافات؛ لكنه قديم (1987) وبعض الحدود تحتاج مراجعة بدراسات حديثة.,http://library.dsqc.ae/cgi-bin/koha/opac-detail.pl?biblionumber=19692,,شراء/استعارة (توجد نسخة مرفوعة على Internet Archive من مستخدم؛ انظر الملاحظات),جميع الحقوق محفوظة (المؤلف توفي 1996؛ العمل محمي),سجل ببليوغرافي فقط,فُتح سجل Koha في مكتبة مركز الدراسات بالشارقة وسجل archive.org/details/MON1987ARAR (2026-09-23). || v1.1: فتحت https://archive.org/metadata/MON1987ARAR/metadata: العنوان أطلس تاريخ الإسلام، حسين مؤنس، الزهراء للإعلام العربي، 1987، ISBN 9789771470496، OCLC 1230076515 (بيانات رفع غير رسمي على أرشيف الإنترنت — دليل ببليوغرافي فقط). تاريخ التحقق 2026-09-23,فهرس,خريطة (مرجع أسماء ومراحل)؛ مقال موسوعي,نسخة Internet Archive رفعها مستخدم (Arabic_Books_2023) ولا يظهر ترخيص من الناشر؛ لا يُعتمد عليها كإتاحة مشروعة ولا يُعاد نشر خرائطها. ISBN في IA مذكور 9789771470496.,,v1.0,v1.1: isbn_doi,2026-09-23,S-06
LIB-MAP-003,مصدر مكاني/بصري,Atlas Nacional de España — Middle Ages (history section),الأطلس الوطني الإسباني — قسم العصور الوسطى,Instituto Geográfico Nacional (IGN),IGN / Centro Nacional de Información Geográfica,2022 (DOI المذكور),,DOI: 10.7419/162.01.2022؛ NIPO 798-23-028-4 (كما ظهر في الصفحة),,,أطلس رقمي (خرائط موضوعية),إنجليزية/إسبانية,إنجليزية,الفتح والولاة; الإمارة; الخلافة; الفتنة والطوائف; المرابطون; الموحدون; الممالك المتأخرة,سياسة; عسكري; جغرافيا,شبه الجزيرة الإيبيرية,خرائط رسمية لمراحل: الفتح 711–756، الإمارة 756–929، الخلافة 929–1031، الطوائف 1031–1086، الممالك المسيحية في عهد المرابطين والموحدين، إعادة الإعمار 711–1250؛ أساس جاهز لطبقات الأطلس الزمنية.,متوسط,A,جهة رسمية للخرائط مع DOI؛ منظورها منظور تاريخ إسبانيا الوطني (مصطلح repoblación) فيُقرأ نقديًا.,https://nationalatlas.ign.es/wane/Middle_Ages,https://nationalatlas.ign.es/wane/Middle_Ages,نص كامل مجاني,غير متحقق: التذييل «©National Geographic Institute» ولم أصل إلى صفحة الترخيص (Legal notice أعاد 404). منتجات IGN التعليمية الأخرى (Atlas Didáctico) موسومة CC BY 4.0، لكن لا يجوز تعميم ذلك دون تحقق,اطلاع على الفهرس/المقدمة/وصف الناشر,فُتحت صفحة Middle_Ages وMain_Page وAtlas Didáctico (2026-09-23).,محتوى (عناوين الخرائط),خريطة; خط زمني,يُراسل IGN للتأكد من ترخيص CC BY 4.0 قبل إعادة الاستخدام.,,v1.0,,2026-09-23,S-07
LIB-MAP-004,مصدر مكاني/بصري,Cartoteca del Instituto Geográfico Nacional — Catálogo,خزانة الخرائط في المعهد الجغرافي الوطني الإسباني,IGN,Instituto Geográfico Nacional,,,لم أتحقق,,,أرشيف خرائط تاريخية,إسبانية,إسبانية,الإرث,جغرافيا; مدن وعمران,إسبانيا (والعالم),خرائط القرن 16–19 متاحة للعرض والتنزيل، وأداة مقارنة الخرائط؛ مفيدة لتحديد مواضع مدن وقلاع أندلسية قبل التوسع الحديث وأسماء المواضع التاريخية.,متقدم,B,أرشيف رسمي موثوق، لكن مواده لاحقة للعصر الأندلسي فهي شاهد غير مباشر.,http://www.ign.es/web/catalogo-cartoteca/,http://www.ign.es/web/catalogo-cartoteca/,نص كامل مجاني (عرض وتنزيل لمواد القرن 16–19 بحسب الصفحة),غير متحقق (الصفحة تحيل إلى «Normas de uso de la Biblioteca» ولم يظهر ترخيص)؛ المواد القديمة نفسها في الملك العام غالبًا لكن شروط النسخ الرقمية لم تُتحقق,اطلاع على الفهرس/المقدمة/وصف الناشر,فُتحت صفحتا ctc-area-cartoteca وcatalogo-cartoteca (2026-09-23).,وصف ناشر,خريطة (خلفيات تاريخية); صورة,,,v1.0,,2026-09-23,S-08
LIB-MAP-005,مصدر مكاني/بصري,David Rumsey Map Collection,مجموعة ديفيد رمزي للخرائط,"David Rumsey Map Center, Stanford Libraries",Stanford Libraries,,,لم أتحقق,,,أرشيف خرائط رقمي,متعددة,متعددة,الإرث,جغرافيا,عالمي، ومنه خرائط تاريخية لإسبانيا,خرائط وأطالس تاريخية عالية الدقة (منها أطالس تاريخية للقرن 19) يمكن استخدامها خلفياتٍ أو مقارنةً لتسميات المواضع.,متوسط,B,مجموعة موثقة البيانات، لكنها ليست متخصصة في الأندلس؛ لم أتمكن من فتح نتائج بحث «Granada» (robots).,https://www.davidrumsey.com/about,https://www.davidrumsey.com/,نص كامل مجاني,"بنص الصفحة: ""This work is licensed under a Creative Commons License""، ""Images ... may be reproduced or transmitted, but not for commercial use""؛ الترخيص CC BY-NC-SA 3.0؛ النسبة: 'David Rumsey Map Collection, David Rumsey Map Center, Stanford Libraries'",اطلاع على الفهرس/المقدمة/وصف الناشر,فُتحت صفحة about (2026-09-23)؛ صفحات البحث والتفاصيل محجوبة.,وصف ناشر,خريطة; صورة,صالح لإعادة النشر غير التجاري بنفس الترخيص؛ إن كان الأطلس تجاريًا يلزم إذن.,,v1.0,,2026-09-23,S-09
LIB-MAP-006,مصدر مكاني/بصري,"Historical Maps of Medieval Spain (from William R. Shepherd, Historical Atlas, 1926, pp. 82–83)",خرائط تاريخية لإسبانيا في العصور الوسطى (من أطلس شبرد التاريخي),"William R. Shepherd (رسام الخرائط)؛ عرض: Muslim Journeys Bookshelf / Ali Vural Ak Center, George Mason University",مصدرها Perry-Castañeda Library Map Collection (UT Austin),1926 (طبعة الأطلس),,لم أتحقق,,,خريطة تاريخية,إنجليزية,إنجليزية,الخلافة; الفتنة والطوائف; المرابطون; الموحدون; غرناطة النصرية,سياسة; جغرافيا,شبه الجزيرة الإيبيرية سنة 910، 1037، 1150، 1212–1492,أربع لقطات للخريطة السياسية لإيبيريا؛ مفيدة كخرائط تاريخية جاهزة قديمة للمقارنة والتعليم.,تمهيدي,C,أطلس قديم (1926) بحدود تقريبية وتسميات قديمة؛ للتوضيح لا للاعتماد في التفاصيل.,https://bridgingcultures-muslimjourneys.org/items/show/160,,نص كامل مجاني,"صفحة العرض: ""Copyright 2012 by the Ali Vural Ak Center for Global Islamic Studies at George Mason University""؛ الخرائط الأصلية (نُشرت 1926) يُرجَّح دخولها الملك العام في الولايات المتحدة لكني لم أتحقق من بيان PCL",اطلاع على الفهرس/المقدمة/وصف الناشر,فُتحت صفحة Muslim Journeys (2026-09-23)؛ صفحات PCL أعادت 404 للفهرس المطلوب.,وصف ناشر,خريطة (مقارنة تاريخية); درس,يُفضَّل الحصول على الصورة من PCL مباشرة والتحقق من بيانها.,,v1.0,,2026-09-23,S-10
LIB-MAP-007,مصدر مكاني/بصري,A cartography of al-Andalus' landscape: Mapping settlements of Muslim agricultural colonization in Europe applying GIS techniques,خرائطية المشهد الأندلسي: رسم مستوطنات الاستعمار الزراعي الإسلامي بتقنيات نظم المعلومات الجغرافية,Santiago Quesada-García,Elsevier,2022,,10.1016/j.jhg.2022.02.003,"Journal of Historical Geography, vol. 77, pp. 65–84",,بحث,إنجليزية,إنجليزية,الإمارة; الخلافة; الفتنة والطوائف; المرابطون,زراعة وتقنيات; آثار; جغرافيا; مدن وعمران,وادي شقورة (Segura)، جنوب شرق الأندلس,تحليل GIS متعدد المعايير لـ41 موقعًا ريفيًا بالطابية (ق8–12م)، يخلص إلى أن الأرض الزراعية والري حددا مواقع الاستيطان أكثر من الدفاع؛ نموذج منهجي لطبقة «القرى والري» في الأطلس.,بحثي متخصص,A,مقال محكّم حديث بمنهج مكاني صريح؛ نطاقه الجغرافي محلي.,https://www.sciencedirect.com/science/article/pii/S0305748822000044,https://www.sciencedirect.com/science/article/pii/S0305748822000044,نص كامل مجاني,"CC BY-NC-ND 4.0 (وصول مفتوح)؛ البيانات: ""Data will be made available on request""",فحص أجزاء من المحتوى,فُتحت صفحة المقال على ScienceDirect (الملخص وبيان الترخيص والبيانات) (2026-09-23).,محتوى (ملخص),خريطة; مقال موسوعي,ND يمنع تعديل الأشكال؛ لإعادة رسمها يلزم إذن أو طلب البيانات من المؤلف.,,v1.0,,2026-09-23,S-11
LIB-MAP-008,مصدر مكاني/بصري,Guía Digital del Patrimonio Cultural de Andalucía,الدليل الرقمي للتراث الثقافي في أندلوسيا,"Instituto Andaluz del Patrimonio Histórico (IAPH), Junta de Andalucía",IAPH,,,لم أتحقق,,,قاعدة بيانات مواقع وتراث,إسبانية,إسبانية,شامل,آثار; عمارة وفنون; مدن وعمران,أندلوسيا المعاصرة فقط,جرد رسمي للتراث العقاري والمنقول وغير المادي والمشاهد الثقافية، قابل للبحث بالمقاطعة والبلدية؛ مصدر لإحصاء المواقع الأندلسية الباقية في الإقليم. | الفائدة من زاوية «مشروع رقمي مشابه»: درس منهجي: تصنيف رباعي للتراث (عقاري، منقول، غير مادي، مشهد ثقافي) مع مكنز (tesauro) رسمي للمصطلحات وبحث بالبلدية والمقاطعة وبوابة بيانات مفتوحة؛ مصدر محتمل لإحداثيات وأوصاف المواقع الأثرية الأندلسية داخل أندلوسيا، ونموذج لاستعمال مكنز مصطلحات موحد.,متوسط,B,جرد رسمي، لكنه مقصور على أندلوسيا الحديثة، وسجل مسجد قرطبة المفتوح ظهر فارغًا («Sin datos relacionados»)؛ جودة السجلات متفاوتة.,https://guiadigital.iaph.es/inicio,https://guiadigital.iaph.es/,نص كامل مجاني,غير متحقق (الصفحة تحيل إلى «Aviso legal» و«Datos abiertos» دون ذكر ترخيص في النص المستخرج),فحص أجزاء من المحتوى,فُتحت الصفحة الرئيسية وسجل bien/inmueble/5409 (ظهر بلا بيانات) (2026-09-23).,محتوى,خريطة (مواقع); بطاقة مدينة; خريطة; بطاقة موقع أثري,لا يغطي البرتغال ومناطق الأندلس خارج الإقليم الحالي. [دُمج معه السجل D-28],,v1.0,,2026-09-23,S-12
LIB-MAP-009,مصدر مكاني/بصري,Fototeca del Instituto del Patrimonio Cultural de España (IPCE) — Catálogo (incl. Archivo Moreno),الأرشيف الفوتوغرافي لمعهد التراث الثقافي الإسباني (ومنه أرشيف مورينو),IPCE، وزارة الثقافة الإسبانية,Ministerio de Cultura,,,لم أتحقق,,,أرشيف صور تاريخية,إسبانية,إسبانية,الإرث,عمارة وفنون; آثار; مدن وعمران,إسبانيا,نحو 700 ألف صورة تاريخية للتراث، منها نحو 150 ألفًا مفهرسة ورقمية ومتاحة؛ توثق حالة المعالم الأندلسية (الحمراء، مسجد قرطبة…) قبل الترميمات الحديثة.,متوسط,A,أرشيف رسمي أصيل للصور التاريخية؛ الوصول الشبكي مقيد وشروط إعادة الاستخدام برسوم.,https://datos.gob.es/es/catalogo/e05234201-instituto-del-patrimonio-cultural-de-espana-ipce-catalogo-de-la-fototeca,https://catalogos.cultura.gob.es/ipcefototeca/,معاينة مجانية؛ نسخ عالية الدقة بطلب ورسوم,لا ترخيص مفتوح معلن في datos.gob.es؛ شروط الاستعمال على catalogos.mecd.es (…HELPID=legal)؛ ذُكر أن الاستخدام خاضع لـ«tasas y precios públicos» مع قيود على التوزيع والتحويل,سجل ببليوغرافي فقط,فُتح سجل datos.gob.es (2026-09-23)؛ موقع ipce.cultura.gob.es محجوب عبر الوكيل (403) فلم أتحقق من صفحة أرشيف مورينو نفسها.,وصف فهرس البيانات المفتوحة,صورة (تاريخية),الاسم «Archivo Moreno» مذكور في طلب البحث ولم أره على صفحة مفتوحة؛ يُستكمل.,,v1.0,,2026-09-23,S-13
LIB-MAP-010,مصدر مكاني/بصري,"Archivo del Patronato de la Alhambra y Generalife — Colecciones (Fototeca, Planoteca, Dibujos, Grabados)",أرشيف مجلس الحمراء وجنة العريف: مجموعات الصور والمخططات والرسوم,Patronato de la Alhambra y Generalife,Patronato de la Alhambra y Generalife,,,لم أتحقق,,,أرشيف صور ومخططات,إسبانية,إسبانية,غرناطة النصرية; الإرث,عمارة وفنون; آثار,غرناطة — الحمراء وجنة العريف,"53,000 صورة رقمية، 12,500 مخطط، 321 رسمًا تاريخيًا، 609 نقوش مطبوعة، 2,563 بطاقة بريدية؛ توثيق تاريخ الترميم والحالة القديمة للقصور.",بحثي متخصص,A,أرشيف الجهة المالكة للموقع؛ معظم المواد للاطلاع في قاعة البحث فقط.,https://www.alhambra-patronato.es/descubrir/investigacion/archivo/colecciones-archivo,https://www.alhambra-patronato.es/ria/handle/10514/18,فهرس فقط / اطلاع في قاعة البحث؛ جزء في المستودع الرقمي,"مجموعة الصور في RIA: ""su utilización será exclusivamente con fines de estudio e investigación científica; ... no podrán ser objetos de utilización colectiva ni lucrativa""؛ الأسئلة الشائعة للمستودع تذكر ترخيص Creative Commons بشروط النسبة وعدم التجارية وعدم الاشتقاق (BY-NC-ND)",اطلاع على الفهرس/المقدمة/وصف الناشر,فُتحت صفحة colecciones-archivo وصفحة RIA handle/10514/18 وصفحة alhambra-faq (2026-09-23).,وصف ناشر,صورة (للاستشهاد والبحث)؛ مخططات,تداخل محتمل مع سجل «Alhambra Research Resources» الموجود في القاعدة؛ هذا السجل مخصص لمجموعات الأرشيف البصرية. غير صالح لإعادة النشر في الأطلس دون إذن.,,v1.0,,2026-09-23,S-14
LIB-MAP-011,مصدر مكاني/بصري,Archnet — Mezquita de Córdoba (site record),آرك‌نت — سجل مسجد قرطبة,"Aga Khan Documentation Center, MIT / Aga Khan Trust for Culture",Archnet,,,لم أتحقق,,,قاعدة بيانات معمارية (سجل موقع),إنجليزية,إنجليزية,الإمارة; الخلافة; الإرث,عمارة وفنون; مدن وعمران,قرطبة,"سجل موحد للمسجد: مراحل البناء والتوسعات، التحويل إلى كاتدرائية 1236، صور ووسائط ومراجع (Creswell, Dodds, Ettinghausen, Khoury). | الفائدة من زاوية «مشروع رقمي مشابه»: درس في نموذج السجل المعماري: فصل 'المواقع' عن 'الأعلام/الاستنادات' (authorities) و'المجموعات'، مع أسماء بديلة وتاريخ ميلادي/هجري مزدوج وببليوغرافيا لكل موقع (كما في سجل فيلا البكري الذي فتحته). مفيد لتصميم بطاقة المعلم الأندلسي بالتاريخين والأسماء المتعددة.",متوسط,B,منصة أكاديمية موثوقة، لكن النص تعريفي؛ ولوحظ في الصفحة تواريخ مكتوبة بعلامة AH خطأً (785–787 AH) فيلزم التدقيق.,https://www.archnet.org/sites/2715,https://www.archnet.org/sites/2715,نص كامل مجاني,غير متحقق (لا بيان ترخيص في الصفحة؛ صفحة الشروط أعادت 403). كل صورة تحمل مصدرها وحقوقها الخاصة,فحص أجزاء من المحتوى,فُتح سجل sites/2715 (2026-09-23).,محتوى,بطاقة معلم; صورة (بإذن); صورة,لـArchnet سجلات أخرى أندلسية (الحمراء، مدينة الزهراء) لم تُفتح. [دُمج معه السجل D-27؛ روابط إضافية: https://www.archnet.org/ ; https://www.archnet.org/],,v1.0,,2026-09-23,S-15
LIB-MAP-012,مصدر مكاني/بصري,Floor plan of Great Mosque of Córdoba (CAD drawings),مخططات أفقية لمسجد قرطبة الجامع بمراحله الأربع (ملفات CAD),"الرسام: Saeed Arida؛ الحقوق/المصدر: Nasser Rabbat / Aga Khan Program for Islamic Architecture, MIT",Archnet,2003,,لم أتحقق,,,مخطط معماري (DWG),إنجليزية,إنجليزية,الإمارة; الخلافة,عمارة وفنون,قرطبة,مخططات رقمية لأربع مراحل توسعة المسجد (عبد الرحمن الأول، الثاني، الحكم الثاني، المنصور)؛ مادة مباشرة لرسوم تفاعلية لتطور المبنى.,متقدم,A,رسوم أكاديمية من برنامج الآغا خان في MIT؛ صيغة DWG تحتاج تحويلًا.,https://www.archnet.org/publications/1237,https://www.archnet.org/publications/1237,نص كامل مجاني (تنزيل DWG),"Copyright: ""Nasser Rabbat / Aga Khan Program for Islamic Architecture, MIT"" — لا ترخيص مفتوح مذكور؛ جميع الحقوق محفوظة ما لم يُمنح إذن",فحص أجزاء من المحتوى,فُتح سجل publications/1237 (2026-09-23).,محتوى,خريطة/مخطط تفاعلي لمراحل البناء (بإذن),يُطلب إذن من AKPIA@MIT لإعادة الاستخدام.,,v1.0,,2026-09-23,S-16
LIB-MAP-013,مصدر مكاني/بصري,Discover Islamic Art — Madinat al-Zahra (monument entry),اكتشف الفن الإسلامي — مدخل مدينة الزهراء,Ángela Franco (Museo Arqueológico Nacional)؛ ترجمة Laurence Nunny,Museum With No Frontiers (MWNF),2026 (سنة الاستشهاد في الصفحة),,لم أتحقق,,,متحف افتراضي / مدخل معلم,إنجليزية (ولغات أخرى),إنجليزية,الخلافة,عمارة وفنون; آثار,قرطبة,متحف افتراضي فيه 1850 قطعة و385 معلمًا متوسطيًا، مع مداخل يكتبها أمناء متاحف؛ مدخل مدينة الزهراء نموذج لبطاقات معالم مختصرة موثوقة. | الفائدة من زاوية «مشروع رقمي مشابه»: درس منهجي: متحف عابر للمؤسسات (1850 قطعة و385 معلماً) مع معارض افتراضية وخط زمني وصفحات للسلالات وميزة 'مجموعتي'؛ نموذج لربط القطع والمعالم بالسلالة والتاريخ والمكان بأربع لغات منها العربية، وهو ما يحتاجه الأطلس لصفحات الحكام والمدن.,تمهيدي,B,نصوص من متخصصين ومؤسسات شريكة، لكنها موجزة وبلا حواشٍ.,https://islamicart.museumwnf.org/database_item.php?id=monument%3Bisl%3Bes%3Bmon01%3B2%3Ben,https://islamicart.museumwnf.org/,نص كامل مجاني,«© Museum With No Frontiers (MWNF) 2004–2026» — جميع الحقوق محفوظة؛ الصور على images.museumwnf.org,فحص أجزاء من المحتوى,فُتحت الصفحة الرئيسية ومدخل مدينة الزهراء (2026-09-23).,محتوى,بطاقة معلم; مقال موسوعي (استشهاد); صورة; خط زمني,الصور غير قابلة لإعادة النشر دون إذن. [دُمج معه السجل D-25],,v1.0,,2026-09-23,S-17
LIB-MAP-014,مصدر مكاني/بصري,Qantara — Cité palatine de Madinat al-Zahra,قنطرة — المدينة القصرية مدينة الزهراء,غير مذكور في الصفحة المستخرجة (مشروع Qantara المتوسطي؛ لم أتحقق من الجهة),qantara-med.org,,,لم أتحقق,,,قاعدة بيانات تراث متوسطي,فرنسية/إنجليزية/إسبانية/عربية,فرنسية,الخلافة,عمارة وفنون; آثار,قرطبة,مدخل عن مدينة الزهراء (112 هكتارًا، بدء البناء 936، التنقيب منذ 1911) بأربع لغات منها العربية؛ مفيد للمحتوى العربي الثنائي. | الفائدة من زاوية «موسوعة/موقع متخصص»: فهرس تحف ومعالم متوسطية مع خرائط زمنية/مكانية ومعرض افتراضي — مرجع منهجي ومكاني مفيد للأطلس. | الفائدة من زاوية «مشروع رقمي مشابه»: درس منهجي: تنظيم التراث حسب الموضوعات والمواد والتقنيات و'التاريخ والأقاليم' مع جولات معارض افتراضية وتركيز على العبور الثقافي بين الضفتين؛ نموذج لعرض التأثيرات المتبادلة (الأندلس–المغرب–الممالك المسيحية).,تمهيدي,C,الصفحة تعرض أخطاء PHP ولا تظهر فيها بيانات الكاتب أو الحقوق؛ يُستعمل مدخلًا فقط.,https://www.qantara-med.org/public/show_document.php?do_id=159,https://www.qantara-med.org/public/show_document.php?do_id=159,نص كامل مجاني,جميع الحقوق محفوظة (© Qantara 2008),فحص أجزاء من المحتوى,فُتح سجل do_id=159 (2026-09-23)؛ صفحة الاعتمادات أعادت 404.,محتوى,بطاقة معلم (نص عربي); خريطة; صورة; مشروع مشابه; مقال موسوعي,الموقع يبدو غير مُصان تقنيًا. [دُمج معه السجل E-15؛ روابط إضافية: https://www.qantara-med.org/ ; https://www.qantara-med.org/] [دُمج معه السجل D-26؛ روابط إضافية: https://www.qantara-med.org/ ; https://www.qantara-med.org/],,v1.0,,2026-09-23,S-18
LIB-MAP-015,مصدر مكاني/بصري,The Metropolitan Museum of Art — Open Access (Islamic Art: Spain/al-Andalus objects),متحف المتروبوليتان — الوصول المفتوح: مقتنيات أندلسية,The Metropolitan Museum of Art,The Met,,,لم أتحقق,,,مجموعة متحفية + API,إنجليزية,إنجليزية,الخلافة; غرناطة النصرية,عمارة وفنون; آثار,قرطبة، مالقة، غرناطة,بحث API عن «Nasrid» أعاد 48 قطعة مصورة، و«Cordoba» في قسم الفن الإسلامي 11 قطعة؛ منها لوح عاجي من صندوق (Accession 13.141، ق10–11، قرطبة أو مدينة الزهراء) وبلاطة نجمية (مالقة، ق15).,متوسط,A,بيانات متحفية موثقة وصور عالية الدقة في الملك العام؛ النسبة التاريخية لكل قطعة «probably» أحيانًا.,https://www.metmuseum.org/policies/image-resources,https://www.metmuseum.org/art/collection/search/446285,نص كامل مجاني,"CC0 للأعمال الموسومة ملكًا عامًا: ""available for unrestricted use, and at no cost, in accordance with the Creative Commons Zero (CC0) designation""؛ الحقل isPublicDomain=true للقطعتين 446285 و450456",فحص أجزاء من المحتوى,فُتحت صفحة سياسة الصور، وAPI البحث، وسجلات 446285 و450456 و447119 (2026-09-23).,محتوى,صورة (قابلة لإعادة النشر); بطاقة قطعة,أفضل مصدر صور حر لمقتنيات أندلسية؛ يُتحقق من isPublicDomain لكل قطعة.,,v1.0,,2026-09-23,S-19
LIB-MAP-016,مصدر مكاني/بصري,Cleveland Museum of Art — Open Access (Nasrid and Andalusian objects),متحف كليفلاند للفنون — الوصول المفتوح: مقتنيات نصرية وأندلسية,Cleveland Museum of Art,Cleveland Museum of Art,,,لم أتحقق,,,مجموعة متحفية + API,إنجليزية,إنجليزية,غرناطة النصرية; الإرث,عمارة وفنون,غرناطة؛ قرطبة (مطبوعات القرن 19),نسيج نصري منها «Silk curtain from the Alhambra palace» (1982.16، ق14) وأقمشة lampas نصرية، إلى جانب مطبوعات القرن 19 لمسجد قرطبة وسهل غرناطة؛ مادة بصرية حرة لغرناطة النصرية.,متوسط,A,مجموعة متحفية موثقة مع ترخيص مفتوح لكل سجل.,https://openaccess-api.clevelandart.org/api/artworks/?q=Spain%20Nasrid&limit=10,https://clevelandart.org/art/1982.16,نص كامل مجاني,الحقل share_license_status = CC0 للقطع النصرية العشر المسترجعة؛ بعض المطبوعات الحديثة (1931، 1932) «Copyrighted»,فحص أجزاء من المحتوى,استعلام Open Access API بـ«Spain Nasrid» و«Andalusia» (2026-09-23).,محتوى,صورة (قابلة لإعادة النشر); بطاقة قطعة,يُراجع حقل الترخيص لكل صورة.,,v1.0,,2026-09-23,S-20
LIB-MAP-017,مصدر مكاني/بصري,Art Institute of Chicago — Nasrid textile fragments (public API),معهد شيكاغو للفنون — قطع نسيج نصرية,Art Institute of Chicago,Art Institute of Chicago,,,لم أتحقق,,,مجموعة متحفية + API,إنجليزية,إنجليزية,غرناطة النصرية,عمارة وفنون,غرناطة / إسبانيا,قطع نسيج نصرية (IDs 189600، 71762 «Fragment with Nasrid Coat of Arms»، 181405، 181406)؛ مصدر إضافي لصور شعار بني نصر.,متوسط,B,عدد محدود من القطع؛ بيانات متحفية موثوقة.,https://api.artic.edu/api/v1/artworks/search?q=Nasrid,https://www.artic.edu/artworks/71762,نص كامل مجاني,"بيانات API: ""Creative Commons Zero (CC0) 1.0 designation and the Terms and Conditions of artic.edu""؛ الصور: حر لما يُوسم ملكًا عامًا (لم أتحقق من الحقل is_public_domain لكل قطعة)",سجل ببليوغرافي فقط,استعلام API بـ«Nasrid» (2026-09-23)؛ لم تُفتح صفحات القطع.,محتوى (بيانات API),صورة (بعد التحقق من كل قطعة),رابط url_access مبني على المعرّف 71762 وفق نمط الموقع ولم يُفتح.,,v1.0,,2026-09-23,S-21
LIB-MAP-018,مصدر مكاني/بصري,Musée du Louvre — Collections (collections.louvre.fr),متحف اللوفر — قاعدة المجموعات,Musée du Louvre,Musée du Louvre,,,لم أتحقق,,,مجموعة متحفية,فرنسية/إنجليزية,فرنسية,شامل,عمارة وفنون,—,قاعدة مقتنيات قسم الفنون الإسلامية، ومنها قطع أندلسية معروفة (لم أتحقق من سجل بعينه بسبب خطأ 429)؛ النصوص قابلة لإعادة الاستخدام.,متوسط,B,مصدر متحفي موثوق؛ لم أفحص سجلات أندلسية فعليًا.,https://collections.louvre.fr/en/page/cgu,https://collections.louvre.fr/,نص كامل مجاني,"النصوص: Licence Ouverte Etalab (متوافقة مع CC BY). الصور: تنزيل الصور المتوسطة مسموح ""for any non-collective use within a strictly private context""؛ الاستخدام التجاري عبر RMN-GP برسوم",اطلاع على الفهرس/المقدمة/وصف الناشر,فُتحت صفحة شروط الاستخدام (2026-09-23).,وصف ناشر,نص وصفي (Etalab)؛ صورة (للاستشهاد فقط),الصور غير صالحة لإعادة النشر في أطلس عام دون ترخيص RMN.,,v1.0,,2026-09-23,S-22
LIB-MAP-019,مصدر مكاني/بصري,The David Collection — Islamic Art: Spain,مجموعة ديفيد (كوبنهاغن) — الفن الإسلامي: إسبانيا,The David Collection,"The David Collection, Copenhagen",,,لم أتحقق,,,مجموعة متحفية (قسم سلالي),إنجليزية/دنماركية,إنجليزية,الإمارة; الخلافة; الفتنة والطوائف; المرابطون; الموحدون; غرناطة النصرية,عمارة وفنون; مسكوكات,الأندلس,قسم مستقل «Spain» يغطي 756–1492 مع نص تعريفي وقطع (خشب مطعّم، بلاط، خزف ذي بريق معدني، عملات)؛ مفيد لبطاقات الفنون حسب السلالة.,تمهيدي,B,متحف رصين، لكن النصوص موجزة؛ لم أحصِ القطع.,https://legacy.davidmus.dk/en/collections/islamic/dynasties/spain,https://legacy.davidmus.dk/en/collections/islamic/dynasties/spain,نص كامل مجاني,«© The David Collection» — جميع الحقوق محفوظة,فحص أجزاء من المحتوى,فُتحت صفحات islamic وdynasties وdynasties/spain في الموقع القديم (2026-09-23).,محتوى,مقال موسوعي; صورة (بإذن),الموقع الجديد davidmus.dk أعاد 404 لبعض الروابط؛ الروابط القديمة legacy تعمل.,,v1.0,,2026-09-23,S-23
LIB-MAP-020,مصدر مكاني/بصري,CER.ES — Red Digital de Colecciones de Museos de España,الشبكة الرقمية لمجموعات المتاحف الإسبانية,Ministerio de Cultura (Domus),"Ministerio de Cultura, España",,,لم أتحقق,,,فهرس متاحف جماعي,إسبانية,إسبانية,شامل,آثار; عمارة وفنون; مسكوكات; نقوش,إسبانيا (127 متحفًا، منها متاحف أندلوسيا),"403,928 قطعة و726,591 صورة من 127 متحفًا؛ البوابة الموحدة لمقتنيات أندلسية في متاحف إسبانية (أثرية وفنون جميلة).",متوسط,A,فهرس رسمي بمعايير توثيق موحدة؛ شروط إعادة الاستخدام مقيدة.,https://ceres.mcu.es/pages/SimpleSearch?index=true,https://ceres.mcu.es/,نص كامل مجاني (للاطلاع),"بنص الشروط: الاستنساخ مسموح ""exclusivamente a uso personal o docente, no comercial ni lucrativo"" مع ذكر المفهرس والمتحف والرابط؛ ""No está permitida la reproducción parcial o total de los contenidos de los catálogos en ningún servidor conectado ... a Internet""",اطلاع على الفهرس/المقدمة/وصف الناشر,فُتحت صفحة البحث وصفحة Condiciones de uso (issued.jsp) (2026-09-23).,وصف ناشر,بطاقة قطعة (استشهاد وربط فقط),لا يصلح لإعادة نشر الصور على الإنترنت؛ يُربط إليه فقط. متاحف الحمراء وقرطبة ومالقة لم تُفتح مواقعها مباشرة.,,v1.0,,2026-09-23,S-24
LIB-MAP-021,مصدر مكاني/بصري,Coins of al-Andalus — Tonegawa Collection,مسكوكات الأندلس — مجموعة توناغاوا,جامع ياباني (Tonegawa)؛ الاستضافة: Asociación Numismática Española (numisane.org) وFELUSES (feluses.ucm.es),Asociación Numismática Española / FELUSES,,,لم أتحقق,,,قاعدة صور مسكوكات,إنجليزية,إنجليزية,الفتح والولاة; الإمارة; الخلافة; الفتنة والطوائف; المرابطون; الموحدون; غرناطة النصرية,مسكوكات; اقتصاد وتجارة,الأندلس (مع بعض قطع شمال أفريقيا),تصنيف مصور حسب العصور (الولاة، الإمارة، الخلافة، الطوائف، المرابطون، الموحدون، غرناطة، الأختام المبكرة، الصنج)؛ مكمل لقاعدة MAN الموجودة، وغني بدنانير المرابطين النادرة.,متقدم,B,مجموعة خاصة مصنفة بعناية وتستضيفها جمعية نقود علمية، لكنها ليست فهرسًا محكّمًا.,https://numisane.org/tonegawa-collection-coins-of-al-andalus/,https://feluses.ucm.es/tone_the-collection,نص كامل مجاني,"بنص الموقع: ""an ANTI-COPYRIGHT publication"" — ""oratio publicata res libera est""؛ لا ترخيص CC رسمي",فحص أجزاء من المحتوى,فُتحت صفحتا numisane.org وfeluses.ucm.es (2026-09-23).,محتوى,صورة (عملات)؛ خط زمني للحكام,بيان «ضد حقوق النسخ» يسمح عمليًا بإعادة الاستخدام، ويُستحسن النسبة ومراسلة الجهة لتأكيد مكتوب.,,v1.0,,2026-09-23,S-25
LIB-MAP-022,مصدر مكاني/بصري,Thesaurus d'Épigraphie Islamique,مكنز النقوش الإسلامية,Ludvik Kalus (مؤسس ومدير)؛ Frédéric Bauden (مدير مشارك)؛ Frédérique Soudan,Fondation Max van Berchem / Université de Liège,على الإنترنت منذ 2011,,لم أتحقق,,,قاعدة بيانات نقوش,فرنسية (نصوص عربية),فرنسية,شامل,نقوش,العالم الإسلامي (حتى 1591–1592م),قاعدة شاملة للنقوش العربية والفارسية والتركية حتى 1000هـ تقريبًا، تغطي «l'ensemble du monde musulman» منذ الإصدار 16 (2020)؛ مكمل للمدونة الإسبانية للنقوش الموجودة في القاعدة.,بحثي متخصص,A,مشروع علمي طويل الأمد بإشراف متخصصين؛ لم أتحقق من عدد نقوش الأندلس لتعذر فتح القاعدة.,https://maxvanberchem.org/fr/thesaurus-d-epigraphie-islamique,http://www.epigraphie-islamique.uliege.be,نص كامل مجاني (بحسب المؤسسة),"غير متحقق (يوصف بأنه متاح ""gratuitement, sur Internet"" دون ترخيص معلن)",اطلاع على الفهرس/المقدمة/وصف الناشر,فُتحت صفحة مؤسسة Max van Berchem (2026-09-23)؛ موقع القاعدة نفسه لم يستجب (timeout).,وصف ناشر,نقوش (نصوص وقراءات)؛ مقال موسوعي,,,v1.0,,2026-09-23,S-26
LIB-MAP-023,مصدر مكاني/بصري,"Inscripciones árabes de Granada, precedidas de una reseña histórica y de la genealogía detallada de los reyes Alahmares",النقوش العربية في غرناطة مع نبذة تاريخية ونسب ملوك بني الأحمر,Emilio Lafuente y Alcántara (بحسب نتائج بحث المؤلف في IA؛ حقل المنشئ في السجل: «Granada Kingdom of»),Madrid (لم أتحقق من الناشر),1859,259 ص,لم أتحقق,,,كتاب (مدونة نقوش),إسبانية وعربية,إسبانية,غرناطة النصرية,نقوش; عمارة وفنون; أدب وشعر,غرناطة — الحمراء,أول مدونة منهجية لنقوش الحمراء وغرناطة (منها الأشعار المنقوشة) مع ترجمة؛ نص مصدر لقراءة جدران الحمراء في الأطلس.,متقدم,B,عمل رائد لكن قراءاته قديمة ويصححها عمل Puerta Vílchez الحديث.,https://archive.org/details/inscripcionesra00ofgoog,https://archive.org/details/inscripcionesra00ofgoog,نص كامل مجاني,"Internet Archive: ""NOT_IN_COPYRIGHT"" (ملك عام)؛ نسخة Google من مكتبة أكسفورد",سجل ببليوغرافي فقط,فُتح سجل IA (2026-09-23).,سجل IA,نقوش; صورة (صفحات الكتاب ملك عام),نسخ Google قد تحمل توصية «للاستخدام غير التجاري» في الصفحة الأولى لكن النص ملك عام.,,v1.0,,2026-09-23,S-27
LIB-MAP-024,مصدر مكاني/بصري,"Inscripciones árabes de Córdoba, precedidas de un estudio histórico-crítico de la mezquita-aljama",النقوش العربية في قرطبة مع دراسة تاريخية نقدية للمسجد الجامع,Rodrigo Amador de los Ríos,"Imprenta de Fortanet, Madrid",1880 (بحسب IA),479 ص,لم أتحقق,,,كتاب (مدونة نقوش),إسبانية,إسبانية,الإمارة; الخلافة,نقوش; عمارة وفنون,قرطبة,مدونة نقوش قرطبة ودراسة المسجد الجامع؛ نص مصدر لبطاقات المسجد ونقوش التأسيس.,متقدم,B,عمل من القرن 19؛ القراءات تُقارن بـCorpus Epigráfico الحديث (في القاعدة).,https://archive.org/details/inscripcionesra01rogoog,https://archive.org/details/inscripcionesra01rogoog,نص كامل مجاني,Internet Archive: Not in copyright (ملك عام),سجل ببليوغرافي فقط,فُتح سجل IA (2026-09-23).,سجل IA,نقوش; مقال موسوعي,يُذكر العمل أحيانًا بتاريخ 1879؛ اعتمدنا ما في سجل IA.,,v1.0,,2026-09-23,S-28
LIB-MAP-025,مصدر مكاني/بصري,Inscripciones árabes de Sevilla,النقوش العربية في إشبيلية,Rodrigo Amador de los Ríos,"T. Fortanet, Madrid",1875,293 ص,لم أتحقق,,,كتاب (مدونة نقوش),إسبانية,إسبانية,الموحدون; الفتنة والطوائف,نقوش,إشبيلية,مدونة نقوش إشبيلية؛ مادة لطبقة النقوش في مدينة موحدية رئيسة.,متقدم,B,عمل قديم يُقارن بالدراسات الحديثة.,https://archive.org/details/inscripcionesra00rogoog,https://archive.org/details/inscripcionesra00rogoog,نص كامل مجاني,"Internet Archive: ""NOT_IN_COPYRIGHT"" (ملك عام)",سجل ببليوغرافي فقط,فُتح سجل IA (2026-09-23).,سجل IA,نقوش,,,v1.0,,2026-09-23,S-29
LIB-MAP-026,مصدر مكاني/بصري,"Estudio sobre las inscripciones árabes de Granada, con un apéndice sobre su Madraza o Universidad árabe",دراسة في النقوش العربية بغرناطة مع ملحق عن مدرستها,Antonio Almagro Cárdenas,"Imp. de Ventura Sabatel, Granada؛ إعادة نشر رقمي: Fundación Ignacio Larramendi، مدريد 2020",1877 (نسخة تورنتو في IA) / 1879 (نسخة Larramendi),248 ص / 237 ص,لم أتحقق,,,كتاب (مدونة نقوش),إسبانية وعربية,إسبانية,غرناطة النصرية,نقوش; التعليم,غرناطة,نقوش غرناطة مع ملحق عن المدرسة اليوسفية (المدرسة النصرية)؛ يخدم محور التعليم والنقوش.,متقدم,B,عمل من القرن 19؛ اختلاف سنة النشر بين النسختين يحتاج حسمًا.,https://archive.org/details/estudiosobrelasi00almauoft,https://archive.org/details/estudio-sobre-las-inscripciones-arabes-de-granada-con-un-apendice-sobre-su-madra,نص كامل مجاني,"نسخة تورنتو: ""NOT_IN_COPYRIGHT""؛ نسخة Larramendi 2020: ""Attribution-NonCommercial-NoDerivs 4.0 International"" (على النسخة الرقمية)",سجل ببليوغرافي فقط,فُتح سجلا IA (2026-09-23).,سجل IA,نقوش; درس (التعليم في غرناطة),لإعادة النشر تُستخدم نسخة تورنتو (ملك عام) لا نسخة Larramendi (BY-NC-ND).,,v1.0,,2026-09-23,S-30
LIB-MAP-027,مصدر مكاني/بصري,Repertorio de inscripciones árabes de Almería,فهرس النقوش العربية في المرية,Manuel Ocaña Jiménez,لم أتحقق,1964,,لم أتحقق,,,كتاب (مدونة نقوش),إسبانية وعربية,إسبانية,الخلافة; الفتنة والطوائف,نقوش,المرية,مدونة شواهد القبور ونقوش المرية، أحد أهم مراكز النقوش الجنائزية الأندلسية.,بحثي متخصص,A,مؤلفه من أبرز المتخصصين في النقوش الأندلسية؛ لم أطلع إلا على السجل.,https://archive.org/details/repertoriodeinsc0000unse,,"استعارة (Internet Archive: access-restricted, printdisabled)",محمي (جميع الحقوق محفوظة),سجل ببليوغرافي فقط,فُتح سجل IA (2026-09-23).,سجل IA,نقوش (استشهاد),,,v1.0,,2026-09-23,S-31
LIB-AV-001,مادة تعليمية/مرئية/مسموعة,History of Philosophy without any gaps — Islamic World: Andalusia (episodes 146–170),تاريخ الفلسفة بلا ثغرات — قسم الأندلس (الحلقات 146–170),"Peter Adamson (مقدّم)؛ مقابلات مع Charles Burnett, Dag N. Hasse, Richard C. Taylor, Sarah Stroumsa, Sarah Pessin, Gad Freudenthal",History of Philosophy without any gaps (بدعم King's College London وLMU München),لم أتحقق من تاريخ النشر لكل حلقة,25 حلقة,غير منطبق,,,بودكاست,إنجليزية,إنجليزية,الخلافة; الفتنة والطوائف; المرابطون; الموحدون; الممالك المتأخرة,فلسفة وفقه; الأديان والجماعات; علوم وطب وفلك,الأندلس؛ مع امتداد إلى الفكر اليهودي الإيبيري والبروفنسالي,أوسع سلسلة صوتية منهجية عن الفلسفة الأندلسية الإسلامية واليهودية: ابن طفيل، ابن رشد، ابن عربي، ابن خلدون، ابن جبيرول، يهوذا اللاوي، ابن ميمون، والترجمة من العربية إلى اللاتينية. تجيب عن: ما الإسهام الفلسفي للأندلس وكيف انتقل إلى أوروبا؟,متوسط,A,يقدّمه أستاذ متخصص في الفلسفة العربية مع مقابلات مع كبار المتخصصين؛ حلقات قصيرة وتعليمية. حدوده: يركّز على تاريخ الأفكار لا على التاريخ السياسي والاجتماعي، وقسم منه (غرسونيدس، كريسكاس) يتجاوز الأندلس.,https://historyofphilosophy.net/islamic-world/andalusia,https://historyofphilosophy.net/andalusia-introduction,نص كامل مجاني,غير متحقق,اطلاع على الفهرس/المقدمة/وصف الناشر,فتحت صفحة قسم Andalusia وقائمة الحلقات 146–170 وأسماء الضيوف، وصفحات الحلقات 146 و149. لم تظهر تواريخ النشر ولا ترخيص صريح في المستخلص. (تاريخ التحقق: 2026-09-23),محتوى (قائمة الحلقات ووصف القسم),درس; مادة صوتية; بطاقة شخصية; مقال موسوعي,"الحلقات منشورة أيضًا في كتاب Adamson, Philosophy in the Islamic World (OUP).",,v1.0,,2026-09-23,M-01
LIB-AV-002,مادة تعليمية/مرئية/مسموعة,150 - Charles Burnett and Dag N. Hasse on Arabic-Latin Translations,تشارلز بورنيت وداغ هاسه عن الترجمات من العربية إلى اللاتينية,Peter Adamson (محاور)؛ Charles Burnett؛ Dag N. Hasse,History of Philosophy without any gaps,لم أتحقق,,غير منطبق,,,بودكاست (مقابلة),إنجليزية,إنجليزية,الموحدون; الممالك المتأخرة; الإرث,علوم وطب وفلك; فلسفة وفقه; لغة; مخطوطات,طليطلة والأندلس وأوروبا اللاتينية,مقابلة مع اثنين من أبرز الباحثين في حركة الترجمة العربية–اللاتينية؛ تساعد في الإجابة عن كيف انتقلت علوم الأندلس إلى أوروبا ودور طليطلة.,متوسط,A,الضيفان مرجعان في الموضوع (Burnett من Warburg Institute وHasse من جامعة Würzburg — الانتماء من معرفتي العامة، لم يظهر في الصفحة). حدوده: حوار شفهي بلا إحالات.,https://historyofphilosophy.net/translations-burnett-hasse,https://historyofphilosophy.net/translations-burnett-hasse,نص كامل مجاني,غير متحقق,اطلاع على الفهرس/المقدمة/وصف الناشر,فتحت صفحة الحلقة وتحققت من العنوان ورقم الحلقة والضيفين؛ لم يظهر التاريخ ولا الانتماءات في المستخلص. (تاريخ التحقق: 2026-09-23),عنوان الحلقة وموقعها في القسم,مادة صوتية; درس; خط زمني (الترجمة),,,v1.0,,2026-09-23,M-02
LIB-AV-003,مادة تعليمية/مرئية/مسموعة,152 - Richard Taylor on Averroes,ريتشارد تايلور عن ابن رشد,Peter Adamson (محاور)؛ Richard C. Taylor,History of Philosophy without any gaps,لم أتحقق,,غير منطبق,,,بودكاست (مقابلة),إنجليزية,إنجليزية,الموحدون,فلسفة وفقه,قرطبة/الأندلس,مقابلة مع مترجم شرح ابن رشد الكبير على كتاب النفس؛ مدخل لفهم نظرية العقل عند ابن رشد وتلقيها.,متقدم,B,ضيف متخصص (Taylor، جامعة Marquette — من معرفتي، لم يظهر في الصفحة)؛ ضيق الموضوع.,https://historyofphilosophy.net/averroes-taylor,https://historyofphilosophy.net/averroes-taylor,نص كامل مجاني,غير متحقق,اطلاع على الفهرس/المقدمة/وصف الناشر,فتحت صفحة الحلقة: العنوان ورقمها وضيفها فقط. (تاريخ التحقق: 2026-09-23),عنوان الحلقة,بطاقة شخصية (ابن رشد); مادة صوتية,,,v1.0,,2026-09-23,M-03
LIB-AV-004,مادة تعليمية/مرئية/مسموعة,162 - Sarah Stroumsa on Maimonides,سارة سترومسا عن ابن ميمون,Peter Adamson (محاور)؛ Sarah Stroumsa,History of Philosophy without any gaps,لم أتحقق,,غير منطبق,,,بودكاست (مقابلة),إنجليزية,إنجليزية,الموحدون,فلسفة وفقه; الأديان والجماعات,قرطبة، فاس، الفسطاط,مقابلة مع صاحبة أطروحة قراءة ابن ميمون في سياقه المتوسطي الإسلامي؛ تفيد في علاقة الفكر اليهودي بالبيئة الأندلسية الموحدية.,متقدم,B,ضيفة متخصصة (الجامعة العبرية)؛ حوار شفهي ضيق النطاق.,https://historyofphilosophy.net/maimonides-stroumsa,https://historyofphilosophy.net/maimonides-stroumsa,نص كامل مجاني,غير متحقق,اطلاع على الفهرس/المقدمة/وصف الناشر,فتحت صفحة الحلقة: العنوان والضيفة والموقع في القسم؛ لا تاريخ. (تاريخ التحقق: 2026-09-23),عنوان الحلقة,بطاقة شخصية (ابن ميمون); مادة صوتية,,,v1.0,,2026-09-23,M-04
LIB-AV-005,مادة تعليمية/مرئية/مسموعة,In Our Time: Averroes,في زمننا: ابن رشد (بي بي سي راديو 4),Melvyn Bragg (مقدّم)؛ الضيوف: Amira Bennison (Cambridge)، Peter Adamson (King's College London)، Anthony Kenny (Oxford),BBC Radio 4,2006 (بث 5 أكتوبر 2006),نحو 42 دقيقة,غير منطبق,,,بودكاست/برنامج إذاعي,إنجليزية,إنجليزية,الموحدون,فلسفة وفقه; الأديان والجماعات,قرطبة وإشبيلية ومراكش؛ أوروبا اللاتينية,نقاش بين مؤرخة للمغرب والأندلس وفيلسوفين عن محاولة ابن رشد التوفيق بين الفلسفة والشريعة وأثره في الفكر المسيحي الوسيط.,تمهيدي,B,ضيوف أكاديميون متخصصون؛ برنامج تعريفي عام قصير لا يغني عن الدراسات. البيانات من صفحة Spotify لا من موقع BBC (الموقع تعذر فتحه).,https://open.spotify.com/episode/3ukIHTkf2Anz4zf9UY32pe,https://open.spotify.com/episode/3ukIHTkf2Anz4zf9UY32pe,نص كامل مجاني,حقوق BBC محفوظة (استماع فقط),اطلاع على الفهرس/المقدمة/وصف الناشر,فتحت صفحة الحلقة على Spotify: العنوان والتاريخ والمدة والضيوف وانتماءاتهم؛ وتطابقت مع قائمة Wikipedia لحلقات البرنامج. صفحة bbc.co.uk محجوبة عن أداة الجلب. (تاريخ التحقق: 2026-09-23),وصف الناشر (نبذة الحلقة),مادة صوتية; بطاقة شخصية (ابن رشد); درس,,,v1.0,,2026-09-23,M-05
LIB-AV-006,مادة تعليمية/مرئية/مسموعة,In Our Time: Maimonides,في زمننا: ابن ميمون,Melvyn Bragg؛ الضيوف: John Haldane (St Andrews)، Sarah Stroumsa (Hebrew University of Jerusalem)، Peter Adamson (King's College London),BBC Radio 4 (In Our Time: Philosophy),2011 (15 فبراير 2011 حسب Apple Podcasts),42 دقيقة,غير منطبق,,,بودكاست/برنامج إذاعي,إنجليزية,إنجليزية,الموحدون,فلسفة وفقه; الأديان والجماعات; علوم وطب وفلك,قرطبة، فاس، مصر,تعريف بابن ميمون طبيبًا وفقيهًا وفيلسوفًا (مشناه توراه، دلالة الحائرين) وأثره في المفكرين المسلمين والأوروبيين.,تمهيدي,B,ضيوف متخصصون؛ طابع تعريفي. حدوده: التركيز على الفكر لا على السياق الأندلسي التفصيلي.,https://podcasts.apple.com/us/podcast/maimonides/id463701671?i=1000343871049,http://www.bbc.co.uk/programmes/b00yjqz3,نص كامل مجاني,حقوق BBC محفوظة,اطلاع على الفهرس/المقدمة/وصف الناشر,فتحت صفحة Apple Podcasts (العنوان، التاريخ، المدة، الضيوف) وصفحة historyofphilosophy.net التي أوردت رابط BBC b00yjqz3؛ لم أتمكن من فتح صفحة BBC نفسها. (تاريخ التحقق: 2026-09-23),وصف الناشر,مادة صوتية; بطاقة شخصية,,,v1.0,,2026-09-23,M-06
LIB-AV-007,مادة تعليمية/مرئية/مسموعة,The Almoravid Empire,الإمبراطورية المرابطية — في زمننا,Melvyn Bragg؛ الضيوف: Amira K. Bennison (Cambridge)، Nicola Clarke (Newcastle)، Hugh Kennedy (SOAS)؛ المنتج Simon Tillotson,BBC Radio 4 (In Our Time),2018 (3 مايو 2018),49 دقيقة,غير منطبق,,,بودكاست/برنامج إذاعي,إنجليزية,إنجليزية,الفتنة والطوائف; المرابطون,سياسة; عسكري; الأديان والجماعات; مدن وعمران,المغرب الأقصى (مراكش)، الأندلس، الصحراء,من أندر المواد المسموعة الجادة عن المرابطين: نشأتهم الصنهاجية، تأسيس مراكش، ضم الأندلس، والمواجهة مع السيد الكمبيطور. تجيب عن: لماذا تدخّل المرابطون في الأندلس وكيف حكموها؟,تمهيدي,B,ثلاثة من أبرز المتخصصين في الغرب الإسلامي؛ برنامج تعريفي قصير.,https://podcasts.apple.com/dk/podcast/the-almoravid-empire/id73330895?i=1000410607611,https://podcasts.apple.com/dk/podcast/the-almoravid-empire/id73330895?i=1000410607611,نص كامل مجاني,حقوق BBC محفوظة,اطلاع على الفهرس/المقدمة/وصف الناشر,فتحت صفحة Apple Podcasts: العنوان والتاريخ والمدة والوصف والضيوف وانتماءاتهم. (تاريخ التحقق: 2026-09-23),وصف الناشر,مادة صوتية; خط زمني; درس,,,v1.0,,2026-09-23,M-07
LIB-AV-008,مادة تعليمية/مرئية/مسموعة,Ibn Khaldun,ابن خلدون — في زمننا,Melvyn Bragg؛ الضيوف: Robert Hoyland (Oxford)، Robert Irwin (SOAS)، Hugh Kennedy (SOAS),BBC Radio 4 (In Our Time: Philosophy),2010 (4 فبراير 2010),42 دقيقة,غير منطبق,,,بودكاست/برنامج إذاعي,إنجليزية,إنجليزية,غرناطة النصرية; الإرث,تأريخ ونقد مصادر; سياسة; مجتمع,المغرب الكبير والأندلس (أصل أسرته إشبيلي، وأقام في غرناطة) ومصر,مدخل إلى نظرية العصبية ودورات الدول في المقدمة، وهي إطار يُستعمل كثيرًا في تفسير صعود دول الأندلس والمغرب وسقوطها.,تمهيدي,B,ضيوف متخصصون؛ لكن الصلة بالأندلس غير مباشرة (الوصف لا يذكر الأندلس صراحة).,https://podcasts.apple.com/gb/podcast/ibn-khaldun/id463701671?i=1000097068574,https://podcasts.apple.com/gb/podcast/ibn-khaldun/id463701671?i=1000097068574,نص كامل مجاني,حقوق BBC محفوظة,اطلاع على الفهرس/المقدمة/وصف الناشر,فتحت صفحة Apple Podcasts: العنوان والتاريخ والمدة والضيوف والوصف. (تاريخ التحقق: 2026-09-23),وصف الناشر,مادة صوتية; بطاقة شخصية,الصلة الأندلسية (أصل الأسرة الإشبيلي، وإقامته في البلاط النصري) من معرفتي العامة، لا من وصف الحلقة.,,v1.0,,2026-09-23,M-08
LIB-AV-009,مادة تعليمية/مرئية/مسموعة,In Our Time: Muslim Spain,في زمننا: إسبانيا المسلمة,Melvyn Bragg؛ الضيوف: Tim Winter (Cambridge)، Martin Palmer، Mehri Niknam (Maimonides Foundation),BBC Radio 4,2002 (21 نوفمبر 2002),,غير منطبق,,,بودكاست/برنامج إذاعي,إنجليزية,إنجليزية,شامل,الأديان والجماعات; سياسة,الأندلس,حلقة عامة قديمة عن الأندلس بمنظور حوار الأديان؛ مفيدة لرصد كيف يقدَّم «التعايش» في الخطاب العام البريطاني.,تمهيدي,C,لا يوجد بين الضيوف مؤرخ متخصص في الأندلس (متخصص في الدراسات الإسلامية، ولاهوتي، وناشطة في حوار الأديان)؛ منظور حوار الأديان غالب؛ عمرها أكثر من عشرين عامًا.,https://en.wikipedia.org/wiki/List_of_In_Our_Time_programmes,,غير متحقق (يُرجّح توفرها في أرشيف BBC),حقوق BBC محفوظة,سجل ببليوغرافي فقط,تحققت من العنوان والتاريخ والضيوف من قائمة Wikipedia لحلقات البرنامج فقط؛ صفحة BBC محجوبة عن أداة الجلب ولم أرَ رابطها. (تاريخ التحقق: 2026-09-23),قائمة ثانوية (Wikipedia),مادة صوتية (استعمال محدود),,,v1.0,,2026-09-23,M-09
LIB-AV-010,مادة تعليمية/مرئية/مسموعة,Cities of Light: The Rise and Fall of Islamic Spain,مدن النور: صعود إسبانيا الإسلامية وسقوطها,"إخراج Robert H. Gardner (حسب islamicspain.tv وLetterboxd؛ صفحة UPF ذكرت Andrea Kalin — بيانات متضاربة)؛ منتجان منفذان Alexander Kronemer وMichael Wolfe؛ باحثون: Brian Catlos, Olivia Remie Constable, David Nirenberg, D. Fairchild Ruggles, Raymond Scheindlin, Ahmad Dallal, Lourdes María Alvarez وغيرهم",Unity Productions Foundation؛ بُث على PBS,2007,نحو 115–116 دقيقة,غير منطبق,,,وثائقي,إنجليزية,إنجليزية,شامل,الأديان والجماعات; سياسة; علوم وطب وفلك; عمارة وفنون,الأندلس,وثائقي بإعادة تمثيل درامية، ومعه موقع مرافق فيه خطط دروس ومسرد؛ يشارك فيه مؤرخون بارزون. مفيد لتقديم الأندلس لجمهور عام ولطلاب المدارس.,تمهيدي,C,مادة شعبية ذات رسالة: جهة الإنتاج تعمل على التقارب بين الأديان، والإطار السردي يدور حول «التعايش» ثم «الجشع والخوف والتعصب». يُستعمل مدخلًا فقط، ولا يُعتمد في القضايا الخلافية كطبيعة التعايش وأسباب السقوط.,https://www.upf.tv/films/cities-of-light/,https://www.islamicspain.tv/,"شراء/اشتراك (Google Play, Apple TV, YouTube Movies, Kanopy)؛ الموقع المرافق مجاني",حقوق محفوظة,اطلاع على الفهرس/المقدمة/وصف الناشر,فتحت صفحة UPF وصفحة About في islamicspain.tv (المخرج وقائمة الباحثين) وصفحة Letterboxd (السنة والمدة) وصفحة Penn Middle East Center (116 دقيقة). (تاريخ التحقق: 2026-09-23),وصف ناشر,درس; مادة مرئية تمهيدية,تضارب في اسم المخرج بين موقعَي UPF وislamicspain.tv.,,v1.0,,2026-09-23,M-10
LIB-AV-011,مادة تعليمية/مرئية/مسموعة,When the Moors Ruled in Europe,حين حكم المورو أوروبا,تقديم Bettany Hughes؛ إخراج Timothy Copestake؛ إنتاج Rowan Deacon,Channel 4 (المملكة المتحدة) — وليس BBC Four كما ورد في الترشيح,2005 (5 نوفمبر 2005),جزآن، نحو 103 دقائق,غير منطبق,,,وثائقي,إنجليزية,إنجليزية,شامل,عمارة وفنون; علوم وطب وفلك; الأديان والجماعات,غرناطة، قرطبة، فاس,وثائقي تلفزيوني يعرض إسهام الأندلس في أوروبا، مع تصوير في المواقع؛ مفيد بصريًا للمدن والعمارة.,تمهيدي,C,وثائقي شعبي تقدّمه مؤرخة مذيعة غير متخصصة في الأندلس، ويميل إلى سردية «إسهام المورو» الاحتفائية. لم أتحقق من الباحثين الذين قوبلوا فيه. لا يُعتمد في التفاصيل.,https://en.wikipedia.org/wiki/When_the_Moors_Ruled_in_Europe,,شراء/اشتراك (منصات تجارية)؛ نسخ منشورة على YouTube من قنوات غير رسمية لا يوصى بها,حقوق محفوظة,سجل ببليوغرافي فقط,فتحت مقالة Wikipedia: القناة والتاريخ والمدة والمقدمة والمخرج. لم أفتح صفحة القناة الرسمية. (تاريخ التحقق: 2026-09-23),قائمة ثانوية (Wikipedia),مادة مرئية تمهيدية,,,v1.0,,2026-09-23,M-11
LIB-AV-012,مادة تعليمية/مرئية/مسموعة,Lessons from the Golden Era of Andalusia,دروس من العصر الذهبي للأندلس (الجزيرة الإنجليزية),إخراج Abdelkrim Sekkar؛ المرشد العلمي Saadane Benbabaali (أستاذ متقاعد للأدب العربي، جامعة باريس 3),Al Jazeera English — برنامج Al Jazeera World,2018 (2 أغسطس 2018),43:39 دقيقة,غير منطبق,,,وثائقي,إنجليزية (مع مقاطع عربية على الأرجح — لم أتحقق),إنجليزية,شامل,الأديان والجماعات; أدب وشعر; فلسفة وفقه,أندلوسيا المعاصرة ومواقعها التاريخية,رحلة أكاديمي مع طلاب إلى المواقع الأندلسية؛ مادة مرئية عن حضور الأندلس في الوعي المعاصر.,تمهيدي,C,أطروحة صريحة عن الأندلس نموذجًا للتسامح («ربما المرة الوحيدة في تاريخ أوروبا...»)، وهي مسألة خلافية في البحث. يُستعمل لعرض السردية لا لإثباتها.,https://www.aljazeera.com/program/al-jazeera-world/2018/8/2/lessons-from-the-golden-era-of-andalusia,https://www.aljazeera.com/program/al-jazeera-world/2018/8/2/lessons-from-the-golden-era-of-andalusia,نص كامل مجاني,حقوق Al Jazeera محفوظة,اطلاع على الفهرس/المقدمة/وصف الناشر,فتحت صفحة البرنامج على aljazeera.com: العنوان والتاريخ والمدة والمخرج والضيف؛ وتطابق مع TheTVDB (الحلقة 24 من موسم 2018). (تاريخ التحقق: 2026-09-23),وصف ناشر,مادة مرئية تمهيدية; الإرث والذاكرة,,,v1.0,,2026-09-23,M-12
LIB-AV-013,مادة تعليمية/مرئية/مسموعة,"Presentación de 'Hispania, al-Ándalus y España: identidad y nacionalismo en la historia peninsular'",تقديم كتاب «هسبانيا والأندلس وإسبانيا: الهوية والقومية في تاريخ شبه الجزيرة»,Maribel Fierro (CSIC)، Alejandro García Sanjuán (جامعة ويلبا)، Luis García Montero (معهد ثربانتس)، Carlos Pascual (Marcial Pons)، تقديم Irene Lozano,Casa Árabe (مدريد),2022 (24 يناير 2022),,غير منطبق,,,محاضرة/ندوة مسجلة,إسبانية,إسبانية,الإرث; شامل,تأريخ ونقد مصادر; سياسة,إسبانيا,نقاش بين محررَي الكتاب، وهما من أبرز مؤرخي الأندلس، عن توظيف الأندلس في الهويات القومية الإسبانية ونقد سرديتي «الاسترداد» و«التعايش». مهم لقسم «الإرث والجدل» في الموسوعة.,متقدم,B,متحدثون متخصصون وجهة موثوقة؛ استثناء لقاعدة الإسبانية بسبب مكانة المتحدثين والموضوع. حدوده: ندوة تقديم كتاب لا محاضرة منهجية.,https://www.casaarabe.es/eventos-arabes/show/hispania-al-andalus-y-espana-identidad-y-nacionalismo-en-la-historia-peninsular,https://youtu.be/8FimBBg8u78,نص كامل مجاني,غير متحقق,اطلاع على الفهرس/المقدمة/وصف الناشر,فتحت صفحة الفعالية في Casa Árabe: العنوان والتاريخ والمتحدثون وبيانات الكتاب ورابط YouTube. لم أشاهد الفيديو. (تاريخ التحقق: 2026-09-23),وصف ناشر,درس; مقال موسوعي (الإرث والهوية),,,v1.0,,2026-09-23,M-13
LIB-AV-014,مادة تعليمية/مرئية/مسموعة,Día de la Ciencia 2022: 'Desde las figuras de polvo a las Matemáticas en al-Ándalus',يوم العلوم 2022: من «أشكال الغبار» إلى الرياضيات في الأندلس,Rafael Pérez Gómez (رياضي، مدرسة العمارة بجامعة غرناطة),Casa Árabe (قرطبة),2022 (9 نوفمبر 2022),,غير منطبق,,,محاضرة مسجلة,إسبانية,إسبانية,الخلافة; الفتنة والطوائف; شامل,علوم وطب وفلك; عمارة وفنون,الأندلس,محاضرة عن الإسهامات الأندلسية في الفلك والهندسة والجبر وعلاقة الهندسة بالزخرفة؛ مفيدة لبطاقات العلماء والتعليم.,تمهيدي,C,المحاضر رياضي مهتم بالتراث الأندلسي، لا مؤرخ علوم متخصص (حسب الصفحة)؛ طابع تبسيطي لجمهور عام.,https://www.casaarabe.es/eventos-arabes/show/desde-las-figuras-de-polvo-a-las-matematicas-en-al-andalus,https://youtu.be/qtzxf1buPMc,نص كامل مجاني,غير متحقق,اطلاع على الفهرس/المقدمة/وصف الناشر,فتحت صفحة الفعالية: العنوان والتاريخ والمحاضر ورابط البث على YouTube. لم أشاهد الفيديو. (تاريخ التحقق: 2026-09-23),وصف ناشر,درس; بطاقة شخصية (علماء),,,v1.0,,2026-09-23,M-14
LIB-AV-015,مادة تعليمية/مرئية/مسموعة,Sesión 3: Las escuelas legales en el mundo islámico: alcance y límites del pluralismo jurídico sunní,الجلسة 3: المذاهب الفقهية في العالم الإسلامي: مدى التعددية الفقهية السنية وحدودها,Maribel Fierro (أستاذة بحث، CSIC),Casa Árabe — بودكاست ضمن سلسلة عن الشريعة,2021 (17 مارس 2021),,غير منطبق,,,محاضرة مسجلة (بودكاست),إسبانية,إسبانية,الإمارة; الخلافة; شامل,فلسفة وفقه; مؤسسات/قضاء/إدارة,المغرب والأندلس ضمن العالم الإسلامي,تشرح نشأة المذاهب وهيمنة المذهب المالكي في المغرب والأندلس؛ مفيدة لمحور القضاء والفقه.,متوسط,B,من أبرز المتخصصين في التاريخ الديني والفقهي للأندلس؛ الموضوع أعم من الأندلس.,https://casaarabe.es/podcasts/show/626/pag/12,https://casaarabe.es/podcasts/show/626/pag/12,نص كامل مجاني,غير متحقق,اطلاع على الفهرس/المقدمة/وصف الناشر,فتحت صفحة البودكاست في Casa Árabe: العنوان والمتحدثة والتاريخ والوصف؛ المدة غير ظاهرة. (تاريخ التحقق: 2026-09-23),وصف ناشر,مادة صوتية; درس (القضاء والفقه),,,v1.0,,2026-09-23,M-15
LIB-AV-016,مادة تعليمية/مرئية/مسموعة,"Al-Andalus, con Maribel Fierro 4x10 (Ciencia para leer)",الأندلس مع ماريبيل فييرو — بودكاست «علم للقراءة»,Maribel Fierro (ILC-CSIC),CSIC — Centro de Ciencias Humanas y Sociales (CCHS),2024 (13 نوفمبر 2024),21:10 دقيقة,غير منطبق,,,بودكاست,إسبانية,إسبانية,شامل,تأريخ ونقد مصادر; الأديان والجماعات,الأندلس,حوار قصير مع مؤلفة كتاب al-Andalus (CSIC–Catarata) عن الأندلس واقعًا تاريخيًا ومعلمًا سياحيًا وأسطورة في الذاكرة، وعن تعدد مقاربات البحث.,تمهيدي,B,متحدثة من أبرز المتخصصين وجهة بحثية رسمية؛ قصير وتعريفي.,https://www.cchs.csic.es/es/videos-podcast/andalus-maribel-fierro-ilc,https://open.spotify.com/episode/6jdBoEC2nrzIiI8Rp7NptB,نص كامل مجاني,غير متحقق,اطلاع على الفهرس/المقدمة/وصف الناشر,فتحت صفحة CCHS-CSIC وصفحة الحلقة على Spotify: العنوان والتاريخ والمدة والوصف. (تاريخ التحقق: 2026-09-23),وصف ناشر,مادة صوتية; درس تمهيدي,,,v1.0,,2026-09-23,M-16
LIB-AV-017,مادة تعليمية/مرئية/مسموعة,CABEI (Ciudades Andaluzas Bajo el Islam) — Conferencias,محاضرات مجموعة البحث «المدن الأندلسية في ظل الإسلام» — جامعة غرناطة,"مجموعة البحث CABEI (HUM-150)، قسم الدراسات السامية بجامعة غرناطة؛ محاضرون منهم Emilio Molina López, Celia del Moral, Desirée López Bernal, Fátima Tahtah",Universidad de Granada,2017–2024 (حسب المحاضرات المدرجة),,غير منطبق,,,سلسلة محاضرات مسجلة,إسبانية,إسبانية,شامل; غرناطة النصرية,أدب وشعر; مدن وعمران; مجتمع; المرأة; فلسفة وفقه,الأندلس، غرناطة,أرشيف محاضرات لمجموعة بحث جامعية متخصصة في المدن الأندلسية، يشمل الشعر الأندلسي والعلاقات العاطفية وأملاك الحكام الخاصة.,متقدم,B,جهة جامعية متخصصة ومحاضرون أكاديميون؛ بالإسبانية ومتفاوتة الموضوعات.,https://wpd.ugr.es/~cabei/conferencias/,https://www.youtube.com/watch?v=P5o6zvZywv8,نص كامل مجاني,غير متحقق,اطلاع على الفهرس/المقدمة/وصف الناشر,فتحت صفحة المحاضرات: قائمة المحاضرين والعناوين والتواريخ وروابط YouTube. لم أفتح الفيديوهات. (تاريخ التحقق: 2026-09-23),محتوى (قائمة المحاضرات),درس; مقال موسوعي (المدن، الأدب),,,v1.0,,2026-09-23,M-17
LIB-AV-018,مادة تعليمية/مرئية/مسموعة,El patrimonio privado de los monarcas andalusíes,الأملاك الخاصة لحكام الأندلس,Emilio Molina López (جامعة غرناطة),CABEI — Universidad de Granada,2017 (5 أكتوبر 2017),,غير منطبق,,,محاضرة مسجلة,إسبانية,إسبانية,شامل,مؤسسات/قضاء/إدارة; اقتصاد وتجارة,الأندلس,محاضرة لأحد كبار المستعربين الإسبان عن المستخلص والأملاك السلطانية؛ مفيدة لمحور الإدارة والاقتصاد.,بحثي متخصص,B,محاضر متخصص؛ موضوع ضيق.,https://wpd.ugr.es/~cabei/conferencias/,https://www.youtube.com/watch?v=iBA4KYEjVf8,نص كامل مجاني,غير متحقق,سجل ببليوغرافي فقط,البيانات من صفحة محاضرات CABEI فقط؛ لم أفتح صفحة الفيديو على YouTube. (تاريخ التحقق: 2026-09-23),قائمة الجهة,مقال موسوعي (الاقتصاد والإدارة),,,v1.0,,2026-09-23,M-18
LIB-AV-019,مادة تعليمية/مرئية/مسموعة,The Great Mosque of Córdoba,المسجد الجامع في قرطبة (Smarthistory),Dr. Shadieh Mirmobiny,Smarthistory (شريك Khan Academy),2015 (8 أغسطس 2015),,غير منطبق,,,مقالة تعليمية مصورة,إنجليزية,إنجليزية,الإمارة; الخلافة,عمارة وفنون; مدن وعمران,قرطبة,مدخل تعليمي مصوّر إلى مراحل بناء الجامع وخصائصه المعمارية، ومناسب للدروس وبطاقات المواقع.,تمهيدي,C,منصة تعليمية أكاديمية التحرير لكنها مقالة موجزة بلا عمق بحثي.,https://smarthistory.org/the-great-mosque-of-cordoba/,https://smarthistory.org/the-great-mosque-of-cordoba/,نص كامل مجاني,الصور بتراخيص CC متنوعة (BY-SA 2.0/3.0، BY-NC-ND 2.0) كما في شروحها؛ ترخيص النص لم أتحقق منه في الصفحة,اطلاع على الفهرس/المقدمة/وصف الناشر,فتحت الصفحة: العنوان والكاتبة والتاريخ وتراخيص الصور. لم يظهر فيديو مضمَّن. (تاريخ التحقق: 2026-09-23),محتوى,درس; بطاقة موقع; صورة (مراجعة الترخيص لكل صورة),,,v1.0,,2026-09-23,M-19
LIB-AV-020,مادة تعليمية/مرئية/مسموعة,The Alhambra,قصر الحمراء (Smarthistory),Dr. Shadieh Mirmobiny,Smarthistory,2015 (8 أغسطس 2015),,غير منطبق,,,مقالة تعليمية مصورة,إنجليزية,إنجليزية,غرناطة النصرية,عمارة وفنون; مدن وعمران,غرناطة,مدخل تعليمي إلى تخطيط الحمراء وبرامجها الزخرفية وحدائقها؛ يحيل إلى فيديو لليونسكو.,تمهيدي,C,تعريفي موجز.,https://smarthistory.org/the-alhambra/,https://smarthistory.org/the-alhambra/,نص كامل مجاني,صور بتراخيص CC متنوعة (BY-SA 3.0/4.0، BY-NC 2.0، BY 2.0...),اطلاع على الفهرس/المقدمة/وصف الناشر,فتحت الصفحة: العنوان والكاتبة والتاريخ والتراخيص. (تاريخ التحقق: 2026-09-23),محتوى,درس; بطاقة موقع; صورة,,,v1.0,,2026-09-23,M-20
LIB-AV-021,مادة تعليمية/مرئية/مسموعة,"The vibrant visual cultures of the Islamic West, an introduction",الثقافات البصرية الحيّة في الغرب الإسلامي: مدخل,Dr. Sabahat Adil,Smarthistory,2021 (7 يناير 2021),,غير منطبق,,,مقالة تعليمية مصورة,إنجليزية,إنجليزية,شامل,عمارة وفنون; مسكوكات; الأديان والجماعات,الأندلس والمغرب,يربط بين معالم ومقتنيات الأندلس والمغرب (جامع قرطبة، مدينة الزهراء، الجعفرية، الحمراء، تينمل، الكتبية، الخيرالدا، علبة المغيرة، نقود موحدية، كنيسا طليطلة)؛ جيد لبناء قائمة مقتنيات الأطلس.,تمهيدي,C,مدخل تعليمي؛ جيد لاكتشاف الأمثلة لا للاستشهاد.,https://smarthistory.org/islamic-west-introduction/,https://smarthistory.org/islamic-west-introduction/,نص كامل مجاني,غير متحقق,اطلاع على الفهرس/المقدمة/وصف الناشر,فتحت الصفحة: العنوان والكاتبة والتاريخ وقائمة المواقع والمقتنيات المذكورة. (تاريخ التحقق: 2026-09-23),محتوى,درس; قائمة مقتنيات; خريطة,,,v1.0,,2026-09-23,M-21
LIB-AV-022,مادة تعليمية/مرئية/مسموعة,"Art of the Islamic World — Unit Five, Chapter One: Court Arts of Islamic Spain",فنون العالم الإسلامي — الوحدة 5، الفصل 1: فنون البلاط في إسبانيا الإسلامية,The Metropolitan Museum of Art (قسم التعليم)؛ لم أتحقق من المؤلفين,The Metropolitan Museum of Art,لم أتحقق,,غير منطبق,,,مقرر تعليمي/مورد للمعلمين,إنجليزية,إنجليزية,الخلافة; غرناطة النصرية,عمارة وفنون,قرطبة، غرناطة,وحدة تعليمية لمتحف كبير عن فنون البلاط الأموي والنصري ورعاية السلطة للفن، مع قائمة مصادر علمية (Dodds وEcker وRosser-Owen).,تمهيدي,B,جهة متحفية كبرى ومصادر علمية؛ لكنها مادة للمعلمين ومحدودة النطاق.,https://www.metmuseum.org/learn/educators/curriculum-resources/art-of-the-islamic-world/unit-five/chapter-one,https://www.metmuseum.org/learn/educators/curriculum-resources/art-of-the-islamic-world/unit-five/chapter-one/sources,نص كامل مجاني,غير متحقق,اطلاع على الفهرس/المقدمة/وصف الناشر,فتحت صفحة الفصل (العنوان والملخص) وصفحة المصادر (سبعة مراجع). لم يظهر المؤلفون ولا السنة ولا الترخيص. (تاريخ التحقق: 2026-09-23),محتوى,درس; بطاقة مقتنيات,,,v1.0,,2026-09-23,M-22
LIB-AV-023,مادة تعليمية/مرئية/مسموعة,Teaching Resources: Cultural Heritage of Al-Andalus,موارد تعليمية: التراث الثقافي للأندلس,ACMCU (Ali Vural Ak Center for Muslim-Christian Understanding)، كلية والش للخدمة الخارجية، جامعة جورجتاون,Georgetown University,آخر تعديل 3 أبريل 2020,,غير منطبق,,,بوابة موارد تعليمية,إنجليزية,إنجليزية,شامل,عمارة وفنون; لغة; موسيقى; الأديان والجماعات,الأندلس,بوابة تجمع موارد للمعلمين: Cities of Light، ومعارض Museum With No Frontiers، ومشروع El Legado Andalusí، وملفات صوتية لأغاني القديسة مريم (Cantigas)، ونشرات عن الألفاظ العربية في الإسبانية.,تمهيدي,C,بوابة روابط لا محتوى أصلي؛ منظور التفاهم بين الأديان غالب. تُستعمل لاكتشاف الموارد.,https://acmcu.georgetown.edu/teaching-resources-cultural-heritage-of-alandalus/,https://acmcu.georgetown.edu/teaching-resources-cultural-heritage-of-alandalus/,نص كامل مجاني,غير متحقق,اطلاع على الفهرس/المقدمة/وصف الناشر,فتحت الصفحة: الجهة وتاريخ التعديل وقائمة الموارد. (تاريخ التحقق: 2026-09-23),محتوى,درس; اكتشاف مصادر,الاسم كما ظهر في الصفحة.,,v1.0,,2026-09-23,M-23
LIB-AV-024,مادة تعليمية/مرئية/مسموعة,Arqueología y ciudad: Córdoba — ciclo «Desvelando la Córdoba arqueológica: Qurtuba» (lista Casa Árabe TV),الآثار والمدينة: قرطبة — سلسلة محاضرات «كشف قرطبة الأثرية: قرطبة الإسلامية»,Casa Árabe بالتعاون مع مجموعة البحث Sísifo (جامعة قرطبة) ضمن برنامج «Arqueología somos todos»؛ محاضرون منهم Alberto Montejo، Alberto León، Carmen González، Rafael Blanco، Belén Vázquez، Rafael Clapés,Casa Árabe (قناة YouTube: Prensacasaarabe),2012–2014,14 فيديو,غير منطبق,,,محاضرات مسجلة (قائمة تشغيل),إسبانية,إسبانية,الخلافة,مدن وعمران; آثار; عمارة وفنون; مجتمع,قرطبة,محاضرات لأثريين عملوا في حفريات قرطبة (رموز السلطة الخلافية، المساجد الصغيرة، التحصينات، الحمامات، الأفنية) — تجيب عن: كيف تبدو قرطبة الأموية في الشواهد الأثرية لا في النصوص؟,متوسط,B,محاضرون متخصصون من فريق التنقيب؛ لكنها محاضرات عامة غير محكّمة وبالإسبانية فقط، وتاريخ بعضها 2012,https://casaarabe.es/casa-arabe-tv/show/plqnukvkmabt7x6yfyeklc-5poohnx9vwg,https://casaarabe.es/casa-arabe-tv/show/plqnukvkmabt7x6yfyeklc-5poohnx9vwg,نص كامل مجاني,غير متحقق (فيديوهات YouTube لقناة Casa Árabe؛ للربط لا لإعادة النشر),اطلاع على الفهرس/المقدمة/وصف الناشر,فتحت صفحة القائمة في Casa Árabe TV (2026-09-23): اسم الدورة والجهتان المنظمتان وعناوين 5 فيديوهات بمحاضريها وتواريخها (مثل «Qurtuba: Los símbolos del poder califal» لـ Alberto Montejo 19/4/2012؛ «Fortificaciones de la Córdoba medieval» لـ Alberto León 25/10/2012)؛ لم أشاهد الفيديوهات,فهرس,درس; مادة مرئية; خريطة (طبقة قرطبة),,,v1.1,v1.1: سجل جديد,2026-09-23,AV2-01
LIB-AV-025,مادة تعليمية/مرئية/مسموعة,Seminario «Arte y Culturas de al-Ándalus. El poder de la Alhambra» (lista Casa Árabe TV),ندوة «فنون وثقافات الأندلس: سلطة الحمراء» — تسجيلات,Casa Árabe مع Patronato de la Alhambra y Generalife وFundación El Legado andalusí؛ محاضرون: Mª Jesús Viguera Molins، José Miguel Puerta Vílchez، Mª del Mar Villafranca، Jesús Bermúdez، Mariam Rosser-Owen وآخرون,Casa Árabe (YouTube),2014 (28 يناير – 19 مارس 2014، مدريد وغرناطة),10 فيديوهات,غير منطبق,,,محاضرات مسجلة (قائمة تشغيل),إسبانية,إسبانية,غرناطة النصرية,عمارة وفنون; أدب وشعر; مجتمع; مخطوطات,غرناطة؛ مدريد,محاضرات مرافقة لمعرض الحمراء: «Sociedades y culturas de al-Andalus» (Viguera)، «La cultura escrita en la Granada andalusí» (Puerta Vílchez)، «Coleccionar la Alhambra» (Rosser-Owen، V&A) — تجيب عن: ما الثقافة المكتوبة والفنية في غرناطة النصرية وكيف جُمعت آثارها؟,متوسط,A,محاضرون مرجعيون في الحقل وبرعاية مؤسسة الحمراء؛ مادة شفهية تمهيدية-متوسطة لا تغني عن المنشور المحكّم,https://casaarabe.es/casa-arabe-tv/show/plqnukvkmabt4ug-p3gkptdlbjajla3nee,https://casaarabe.es/casa-arabe-tv/show/plqnukvkmabt4ug-p3gkptdlbjajla3nee,نص كامل مجاني,غير متحقق (فيديوهات YouTube لقناة Casa Árabe؛ للربط لا لإعادة النشر),اطلاع على الفهرس/المقدمة/وصف الناشر,فتحت صفحة القائمة في Casa Árabe TV (2026-09-23): وصف الندوة والجهات والتواريخ و5 عناوين بمحاضريها وأماكنها (قصر كارلوس الخامس، غرناطة 14/2/2014؛ Casa Árabe مدريد 19/3/2014)؛ لم أشاهد الفيديوهات,فهرس,درس; مادة مرئية; بطاقة الحمراء,,,v1.1,v1.1: سجل جديد,2026-09-23,AV2-02
LIB-AV-026,مادة تعليمية/مرئية/مسموعة,"Grandes capitales del mundo islámico medieval: pasado y presente — grabaciones (Casa Árabe, 2016)",كبرى عواصم العالم الإسلامي الوسيط: الماضي والحاضر — تسجيلات المحاضرات,Casa Árabe وFundación Tres Culturas del Mediterráneo، بالتعاون مع مجموعة Sísifo (جامعة قرطبة)؛ محاضرون: Miguel Ángel Tabales (إشبيلية)، Julio Navarro Palazón (مرسية)، Antonio Orihuela (غرناطة)، Alberto León وRafael Blanco (قرطبة)، Stéphane Pradines، Sophie Gilotte، Alastair Northedge، Patrice Cressier، Hugh Kennedy، Abdallah Fili,Casa Árabe (YouTube، قائمة «Conferencias y debates»),2016 (4 مايو – 18 نوفمبر 2016),تسجيلات متفرقة ضمن قائمة المؤتمرات (عُثر على 9 على الأقل),غير منطبق,,,محاضرات مسجلة,إسبانية,إسبانية,شامل,مدن وعمران; آثار; عمارة وفنون,إشبيلية؛ مرسية؛ غرناطة؛ قرطبة؛ مقارنة بالقاهرة ومراكش وبغداد وصبرة المنصورية,محاضرات أثرية-عمرانية لرؤساء حفريات المدن الأندلسية الكبرى، مع مقارنة بعواصم المشرق والمغرب — تجيب عن: كيف تشكلت المدن الأندلسية الكبرى وتحولت، وكيف تقارن بعواصم إسلامية أخرى؟,متوسط,A,محاضرون قادوا الحفريات الأساسية في كل مدينة؛ تسجيلات منفصلة يلزم تتبعها داخل قائمة كبيرة، وبعض الجلسات (دمشق، فاس) لم أتحقق من تسجيلها,https://casaarabe.es/eventos-arabes/show/grandes-capitales-mundo-islamico-medieval,https://casaarabe.es/canal_youtube/show/plqnukvkmabt4klgrvzj6w2y-8abyczm9x/pag/90,نص كامل مجاني,غير متحقق (فيديوهات YouTube لقناة Casa Árabe؛ للربط لا لإعادة النشر),اطلاع على الفهرس/المقدمة/وصف الناشر,فتحت صفحة الفعالية (البرنامج الكامل بالمحاضرين والتواريخ، بلا روابط فيديو) ثم صفحات قائمة «Conferencias y debates» 87–91 في Casa Árabe TV (2026-09-23)، وفيها: «Sevilla: configuración y transformación de su urbanismo islámico» (14/6/2016)، «Murcia: una gran capital andalusí de fundación omeya» (27/6/2016)، «Granada: capital de los reinos zirí y nazarí» (8/7/2016)، «Córdoba: hadira de al-Ándalus…» (27/9/2016)، «Qurtuba. La memoria presente…» (3/10/2016)، «El Cairo islámico y Fustat» (12/10/2016)، «Sabra al-Manṣūriya» (24/10/2016)، «Bagdad y Samarra» (3/11/2016)، «Marrakech. Crisol de culturas» (7/11/2016)؛ لم أشاهد الفيديوهات,فهرس,درس; مادة مرئية; خريطة المدن,السجل المستبعد سابقاً (lane6_excluded) يُستعاد لثبوت التسجيلات. روابط الفيديو الفردية لم تظهر نصياً؛ يُنصح بالربط بصفحة القائمة المرقمة.,,v1.1,v1.1: سجل جديد,2026-09-23,AV2-03
LIB-AV-027,مادة تعليمية/مرئية/مسموعة,Al-Ándalus (lista temática de Casa Árabe TV),قائمة «الأندلس» في تلفزيون البيت العربي,Casa Árabe؛ من المشاركين: Eduardo Manzano Moreno وAntonio Vallejo Triano («La corte del califa. Cuatro años en la Córdoba de los califas omeyas»، 16/5/2019)، Mª Jesús Viguera، Rafael Pérez Gómez، Maribel Fierro، Alejandro García Sanjuán,Casa Árabe (YouTube),2012–2023,15 فيديو (3 صفحات),غير منطبق,,,محاضرات وتقديم كتب مسجلة (قائمة تشغيل),إسبانية,إسبانية,شامل,سياسة; مدن وعمران; علوم وطب وفلك; تأريخ ونقد مصادر,الأندلس,تجمع في مكان واحد محاضرات وتقديمات كتب عن الأندلس، أهمها تقديم كتاب Manzano عن بلاط الخلافة بحضور مدير حفريات مدينة الزهراء Vallejo — تجيب عن: كيف كان بلاط الحكم الثاني؟ وما جدل الهوية والتأريخ حول الأندلس؟,متوسط,B,قائمة مختلطة المستوى (فيها تقديم أفلام وروايات إلى جانب محاضرات أكاديمية)؛ تُنتقى منها العناصر,https://casaarabe.es/casa-arabe-tv/show/plqnukvkmabt4ggc8z4z02dza7yiucdqjd,https://casaarabe.es/casa-arabe-tv/show/plqnukvkmabt4ggc8z4z02dza7yiucdqjd,نص كامل مجاني,غير متحقق (فيديوهات YouTube لقناة Casa Árabe؛ للربط لا لإعادة النشر),اطلاع على الفهرس/المقدمة/وصف الناشر,فتحت الصفحتين 1 و2 من القائمة في Casa Árabe TV (2026-09-23): عناوين ومحاضرون وتواريخ (منها «La corte del califa» 16/5/2019 Manzano وVallejo)؛ صفحة الفعالية المرتبطة أعادت 404؛ لم أشاهد الفيديوهات. يتداخل مع M-13 وM-14 الموجودين,فهرس,درس; مادة مرئية,M-13 وM-14 من القاعدة موجودان ضمن هذه القائمة — تُربط بها ولا تُكرر.,,v1.1,v1.1: سجل جديد,2026-09-23,AV2-04
LIB-DIG-001,مشروع رقمي مشابه,"KITAB — Knowledge, Information Technology, & the Arabic Book",مشروع كتاب: المعرفة وتقنية المعلومات والكتاب العربي,فريق KITAB (سارة سافانت ضمن القيادة),Aga Khan University – ISMC؛ تمويل مجلس البحوث الأوروبي ERC (منحة KITAB-Transform رقم 101199672),مرحلة جديدة منذ يناير 2026,,لم أتحقق,,,مشروع بحثي رقمي/منصة بيانات,إنجليزية (نصوص عربية),إنجليزية,شامل,تأريخ ونقد مصادر; مخطوطات; لغة,العالم الإسلامي (يشمل مؤلفين أندلسيين ضمن المدونة),درس منهجي: كشف إعادة الاستعمال النصي (text reuse) بين الكتب العربية القديمة بأداة passim، وربط المقاطع المشتركة بين المؤلفات. يفيد الموسوعة في سؤال: من نقل عن من؟ (مثلاً تتبع نقول المقري أو ابن عذاري عن مصادر مفقودة)، ويقدم نموذجاً لإدارة البيانات الوصفية للمؤلفين والكتب بملفات YAML وإصدارات مستقرة قابلة للاستشهاد.,بحثي متخصص,A,مشروع جامعي ممول أوروبياً بفريق متخصص ومنشورات محكمة؛ يصلح نموذجاً منهجياً لا مصدراً لمحتوى أندلسي مباشر.,https://kitab-project.org/,https://kitab-project.org/data,نص كامل مجاني (البيانات الوصفية)؛ بيانات passim غير منشورة بعد,لم تُذكر رخصة في صفحة البيانات؛ غير متحقق,فحص أجزاء من المحتوى,فتحت الصفحة الرئيسية وصفحة data (تذكر أن بيانات passim والإسناد 'مقيدة للفريق' مع خطة للنشر، والبيانات الوصفية متاحة CSV/Excel/YAML). صفحة explore تطبيق JavaScript لم يُعرض. 2026-09-23,محتوى,مقال موسوعي; خط زمني (تواريخ وفاة المؤلفين); بطاقة شخصية للمؤلفين,الحالة: نشط (مرحلة KITAB-Transform من 2026). المستودعات: github.com/kitab-project-org و github.com/OpenITI. البيانات الوصفية تصلح لربط بطاقات مؤلفي الأندلس بمعرفات OpenITI.,,v1.0,,2026-09-23,D-01
LIB-DIG-002,مشروع رقمي مشابه,OpenITI — Open Islamicate Texts Initiative,مبادرة النصوص الإسلامية المفتوحة,OpenITI (فريق متعدد المؤسسات),بدعم مؤسسة Mellon وNEH وNSF,إصدارات منذ 2019 (نسخة 2019.1.1 مذكورة),,10.5281/zenodo.3082463 (مذكور في مستودع RELEASE),,,مدونة نصوص/مستودع بيانات,عربية وفارسية,عربية,شامل,مخطوطات; لغة; تأريخ ونقد مصادر,العالم الإسلامي,درس منهجي: مدونة نصوص عربية مفتوحة قابلة للمعالجة الآلية، مع نظام معرّفات ثابتة للمؤلف والكتاب والنسخة، وإصدارات مؤرشفة على Zenodo بـDOI. يعلّم المشروع كيف نربط مدخل الموسوعة (مثلاً 'نفح الطيب') بنص رقمي ثابت الإصدار بدل روابط متغيرة، ويشمل مصادر أندلسية أصلية منقولة من الشاملة وغيرها بعد إثرائها بالبيانات الوصفية. | الفائدة من زاوية «مكتبة/أرشيف رقمي»: نصوص كاملة قابلة للمعالجة الآلية للمصادر العربية الكلاسيكية (ومنها أندلسية) مع بيانات وصفية وأدوات «إعادة الاستخدام النصي» في KITAB — يخدم تتبع نقل المؤرخين عن بعضهم (مثلًا المقري عن سابقيه).,بحثي متخصص,A,بنية تحتية أكاديمية راسخة؛ تحفّظ: كثير من النصوص مصدرها مكتبات رقمية شعبية (الشاملة) فيلزم مقابلتها بالطبعات المحققة.,https://openiti.org/,https://github.com/OpenITI/RELEASE,نص كامل مجاني,لم تظهر رخصة صريحة في الصفحات المفتوحة؛ غير متحقق,فحص أجزاء من المحتوى,فتحت openiti.org وصفحة OpenITI Corpus (تذكر مصادر النصوص: الشاملة، الجامع الكبير، مكتبة الشيعة، گنجور) ومستودع RELEASE (DOI زينودو) ومستودع 0600AH (لم يظهر ملف رخصة). 2026-09-23,محتوى,مقال موسوعي; ربط النصوص الأصلية; خط زمني,الحالة: نشط. تحقق من رخصة كل إصدار على Zenodo قبل إعادة نشر النصوص. تتبع أيضاً أداة eScriptorium للتعرف على المخطوطات. [دُمج معه السجل L-06؛ روابط إضافية: https://zenodo.org/records/17767721 ; https://kitab-project.org/corpus/],,v1.0,,2026-09-23,D-02
LIB-DIG-003,مشروع رقمي مشابه,al-Ṯurayyā Project / al-Ṯurayyā Gazetteer,مشروع الثريا: معجم جغرافي ونموذج مكاني للعالم الإسلامي المبكر,Masoumeh Seydi؛ Maxim Romanov,AKU-ISMC لندن؛ جامعة هامبورغ,قيد التطوير حتى 2022 بحسب الموقع,,لم أتحقق,,,أطلس تفاعلي/معجم أماكن,إنجليزية مع أسماء بالعربية,إنجليزية,الإمارة; الخلافة,جغرافيا; مدن وعمران; اقتصاد وتجارة,العالم الإسلامي بما فيه الأندلس,أقرب نموذج مباشر لأطلس الأندلس: أكثر من 2000 موضع وشبكة طرق مأخوذة من أطلس Cornu (1983) مع أداة إيجاد المسار (خوارزمية Dijkstra) وحساب المواضع المتاحة خلال عدد أيام سفر، وعرض الأقاليم دون رسم حدود مصطنعة. يعلّم: كيف نمثّل الأقاليم التاريخية بتجمّع المواضع لا بخطوط حدود، وكيف نربط الموضع بمصادره (ياقوت، السمعاني، الحميري) وبمعرفات Pleiades وموسوعة الإسلام. | الفائدة من زاوية «مصدر مكاني/بصري»: أكثر من 2000 موضع ومقاطع طرق مُسقطة جغرافيًا من أطلس Georgette Cornu (Brill 1983)، مع إحالات إلى السمعاني وياقوت؛ يساعد على بناء شبكة الطرق والمسافات بين المدن في العصر الكلاسيكي.,متقدم,A,من إنتاج باحثين متخصصين ومبني على أطلس علمي منشور؛ تحفّظ: يعكس القرنين 3–4هـ ولا يغطي تحولات الأندلس المتأخرة.,https://althurayya.github.io/,https://github.com/althurayya/althurayya.github.io,نص كامل مجاني,README المستودع يقول صراحة 'Need to add information on License' — لا رخصة معلنة,فحص أجزاء من المحتوى,فتحت الموقع ووصف المشروع ومستودع GitHub (221 commit، ملفات GeoJSON في places ومسارات المقدسي). 2026-09-23,محتوى,خريطة; طرق; مقال موسوعي عن المدن; شبكة طرق; معجم أماكن,الحالة: غير واضح بعد 2022 (آخر إشارة في الموقع). البيانات على GitHub لكن غياب الرخصة يعني ضرورة الاستئذان قبل إعادة النشر. نظام التحويل الصوتي خاص (ŧ للتاء المربوطة). [دُمج معه السجل S-01],,v1.0,,2026-09-23,D-03
LIB-DIG-004,مشروع رقمي مشابه,EIS1600 — The Evolution of Islamic Societies (c.600–1600 CE): Algorithmic Analysis into Social History,تطور المجتمعات الإسلامية 600–1600م: تحليل خوارزمي للتاريخ الاجتماعي,Maxim Romanov (رئيس المشروع),جامعة هامبورغ؛ تمويل DFG (برنامج Emmy Noether),,,لم أتحقق,,,مشروع بحثي رقمي/مستودعات برمجية,إنجليزية (نصوص عربية),إنجليزية,شامل,تأريخ ونقد مصادر; مجتمع; التعليم,العالم الإسلامي,درس منهجي: تحويل كتب التراجم العربية إلى وحدات بيانات (MIUs) قابلة للتحليل الكمي للأشخاص والأماكن والتواريخ؛ مفيد لمشروع بطاقات العلماء الأندلسيين: كيف تُستخرج الأنساب والنسب المكانية وسنوات الوفاة آلياً من التراجم ثم تُراجَع يدوياً.,بحثي متخصص,B,مشروع أكاديمي جاد لكن مخرجاته العامة محدودة ونشاط المستودعات ضعيف الظهور.,https://maximromanov.github.io/,https://github.com/EIS1600,نص كامل مجاني (جزئي),حزمة eis1600-pkg برخصة MIT؛ بقية المستودعات غير متحقق,فحص أجزاء من المحتوى,فتحت الصفحة الشخصية لرومانوف ومنظمة EIS1600 على GitHub (21 مستودعاً منها OpenITI_EIS1600_MIUs_Open ودليل Handbook). صفحة المشروع في جامعة هامبورغ أعادت 404. 2026-09-23,محتوى,بطاقة شخصية; خط زمني,الحالة: نشط ظاهرياً لكن بنشاط عام محدود. لا ذكر لعمل أندلسي خاص في الصفحة الشخصية.,,v1.0,,2026-09-23,D-04
LIB-DIG-005,مشروع رقمي مشابه,RELMIN — The legal status of religious minorities in the Euro-Mediterranean world (5th–15th centuries),الوضع القانوني للأقليات الدينية في العالم الأورو-متوسطي (ق5–15م),John Tolan (مدير المشروع),جامعة نانت؛ ERC (2010–2015)؛ مستضاف حالياً على منصة TELMA (IRHT-CNRS),2010–2015,,لم أتحقق,,,قاعدة بيانات نصوص قانونية,نصوص أصلية (لاتينية، عربية، عبرية، يونانية، قشتالية...) مع ترجمات وتعليقات,متعددة,شامل,الأديان والجماعات; مؤسسات/قضاء/إدارة; فلسفة وفقه,أوروبا والمتوسط بما فيها الأندلس والممالك المسيحية الإيبيرية,درس منهجي: كل مدخل = نص أصلي + ترجمة + تعليق علمي؛ نموذج ممتاز لعرض القضايا الخلافية (أهل الذمة، المدجنون) بالاستناد إلى النص نفسه لا إلى الأحكام العامة. يجيب عن: ما الذي قررته النصوص الفقهية والقانونية فعلاً بشأن الأقليات؟,بحثي متخصص,A,مشروع ERC بإشراف متخصص ونشر ورقي مصاحب (سلسلة Brepols)؛ تحفّظ: عينة تمثيلية لا شاملة بتصريح الموقع.,https://telma.irht.cnrs.fr/outils/relmin/index/?langue=eng,https://telma.irht.cnrs.fr/outils/relmin/index/?langue=eng,نص كامل مجاني,الوصول 'مجاني ودائم' بحسب الموقع؛ الرخصة غير معلنة — غير متحقق,اطلاع على الفهرس/المقدمة/وصف الناشر,فتحت صفحة المقدمة على TELMA. النطاق القديم relmin.eu صار مدونة قمار (فحصته). 2026-09-23,محتوى,مقال موسوعي; درس; وثائق,الحالة: مؤرشف (انتهى التمويل 2015) لكنه متاح عبر IRHT. انتبه: لا تستخدم relmin.eu.,,v1.0,,2026-09-23,D-05
LIB-DIG-006,مشروع رقمي مشابه,Pleiades: a community-built gazetteer and graph of ancient places,بلياديس: معجم أماكن العالم القديم,مجتمع مساهمين؛ ISAW-NYU؛ Ancient World Mapping Center,ISAW NYU,,,لم أتحقق,,,معجم أماكن/بيانات مترابطة,إنجليزية,إنجليزية,ما قبل الفتح,جغرافيا; آثار; مدن وعمران,العالم القديم بما فيه هسبانيا,"أهم درس في نمذجة المكان: 'المكان' كيان مفاهيمي مجرد، وله 'أسماء' و'مواقع' منفصلة، لكل منها نطاق زمني ودرجة يقين، إضافة إلى 'روابط' بين الأماكن. هذا يحل مشكلة الأندلس المزمنة: قرطبة/Corduba، أو مواضع لا يُعرف موقعها بدقة (مثل مواضع المعارك)، دون فرض إحداثيات وهمية. كما يغطي مدن هسبانيا الرومانية لفصل 'ما قبل الفتح'. | الفائدة من زاوية «مصدر مكاني/بصري»: إحداثيات ومعرفات ثابتة للمدن الرومانية/القوطية التي صارت مدنًا أندلسية (Corduba, Hispalis, Toletum…)؛ يخدم خلفية ما قبل الفتح وربط الأسماء القديمة بالعربية.",متقدم,A,معيار مرجعي في الإنسانيات الرقمية؛ محدود بالعالم القديم أساساً.,https://pleiades.stoa.org/,https://pleiades.stoa.org/downloads,نص كامل مجاني,CC BY (صفحة التنزيل: CC BY 3.0)؛ البرمجيات مفتوحة المصدر,فحص أجزاء من المحتوى,فتحت الرئيسية وصفحة conceptual-overview وصفحة downloads (JSON/CSV/KML/RDF؛ إصدار 4.1 في 28 مايو 2025؛ مستودع isawnyu/pleiades.datasets). 2026-09-23,محتوى,خريطة; ربط المعرفات; خلفية ما قبل الفتح,الحالة: نشط. يُنصح بإعطاء كل مدينة أندلسية معرّف Pleiades حين يوجد. [دُمج معه السجل S-03],,v1.0,,2026-09-23,D-06
LIB-DIG-007,مشروع رقمي مشابه,World Historical Gazetteer (WHG),المعجم الجغرافي التاريخي العالمي,Ruth Mostern (مديرة),Institute for Spatial History Innovation، جامعة بيتسبرغ (منذ سبتمبر 2025),بيتا 2019؛ الإصدار 3.2 حالياً,,لم أتحقق,,,منصة معجم أماكن/API,إنجليزية (أسماء متعددة اللغات),إنجليزية,شامل,جغرافيا,عالمي,درس منهجي: رفع معجم أماكن الأطلس بصيغة Linked Places أو LP-TSV ثم 'مطابقته' (reconciliation) مع Wikidata وGeoNames، ونشره كمجموعة (collection) قابلة للاستشهاد. يمكن للمشروع أن ينشر معجم مواضع الأندلس هنا ويستفيد من API للبحث الجغرافي. | الفائدة من زاوية «مصدر مكاني/بصري»: ربط أسماء الموضع الواحد عبر العصور واللغات (قرطبة/Qurtuba/Corduba) ونشر مجموعات بيانات أماكن؛ مفيد لتوحيد معرّفات المدن في الأطلس.,متقدم,A,بنية تحتية أكاديمية نشطة؛ جودة كل مجموعة تعتمد على مساهمها.,https://whgazetteer.org/,https://docs.whgazetteer.org/,نص كامل مجاني (التنزيل يتطلب حساب ORCiD),التوثيق CC BY-NC 4.0؛ لكل مجموعة بيانات رخصتها — غير متحقق عموماً,فحص أجزاء من المحتوى,فتحت الرئيسية وصفحة about وموقع التوثيق (فهرس 2.2 مليون مكان، فهرس مطابقة 13 مليون سجل، خطة نموذج بياني v4). 2026-09-23,محتوى,خريطة; ربط المعرفات; نشر البيانات; معرّفات أماكن; ربط بيانات,الحالة: نشط (آخر تحديث للتوثيق 22 سبتمبر 2026). [دُمج معه السجل S-02؛ روابط إضافية: https://whgazetteer.org/about/],,v1.0,,2026-09-23,D-07
LIB-DIG-008,مشروع رقمي مشابه,Linked Places Format (LPF),صيغة الأماكن المترابطة,LinkedPasts / Pelagios / WHG,GitHub: LinkedPasts,الإصدار 1.3 (24 يونيو 2024),,لم أتحقق,,,معيار بيانات,إنجليزية,إنجليزية,شامل,جغرافيا,عالمي,درس في نموذج البيانات: JSON-LD صالح في آن واحد كـGeoJSON وRDF؛ حقل when لتقييد الأسماء والهندسات والعلاقات زمنياً، وحقل certainty (certain/less-certain/uncertain)، وrelations (جزء من...). يصلح هيكلاً جاهزاً لسجلات مدن الأندلس المتغيرة التبعية (كورة، طائفة، مملكة) عبر الزمن مع إظهار عدم اليقين.,متقدم,A,معيار معتمد في WHG وRecogito؛ مواصفة تقنية لا محتوى تاريخي.,https://github.com/LinkedPasts/linked-places-format,https://github.com/LinkedPasts/linked-places-format,نص كامل مجاني,لم تظهر رخصة صريحة في الصفحة — غير متحقق,فحص كامل,قرأت README المستودع (الحقول والإصدار). 2026-09-23,محتوى,نموذج بيانات الأطلس,الحالة: نشط. يُقترح اعتماده صيغةً لتصدير بيانات الأطلس.,,v1.0,,2026-09-23,D-08
LIB-DIG-009,مشروع رقمي مشابه,"PeriodO — a gazetteer of scholarly definitions of historical, art-historical, and archaeological periods",بيريود-أو: معجم تعريفات العصور التاريخية,Adam Rabinowitz؛ Ryan Shaw؛ Patrick Golden (مطوّر),جامعة تكساس أوستن؛ جامعة نورث كارولاينا؛ دعم NEH وIMLS,,,لم أتحقق,,,معجم عصور/بيانات مترابطة,إنجليزية (وإسبانية للواجهة),إنجليزية,شامل,تأريخ ونقد مصادر,عالمي,درس جوهري للخط الزمني: كل 'عصر' يُسجَّل كتعريف منسوب إلى مصدر علمي بعينه، مع نطاقه المكاني وحدود بدايته ونهايته، فتظهر مواضع اتفاق التعريفات واختلافها. ينطبق مباشرة على الأندلس: متى تنتهي 'الخلافة' (1009 أم 1031)؟ ومتى تبدأ الطوائف؟ بدل فرض تاريخ واحد يعرض الأطلس تعريفات موثقة.,متقدم,A,مشروع ممول أكاديمياً ومعتمد في الإنسانيات الرقمية.,https://perio.do/en/,https://perio.do/en/,نص كامل مجاني (JSON/Turtle/CSV),ملك عام (public domain) بحسب الموقع,اطلاع على الفهرس/المقدمة/وصف الناشر,فتحت perio.do/en. 2026-09-23,محتوى,خط زمني; تحقيب,الحالة: نشط؛ الكود على github.com/periodo.,,v1.0,,2026-09-23,D-09
LIB-DIG-010,مشروع رقمي مشابه,Syriaca.org: The Syriac Reference Portal,بوابة المراجع السريانية,فريق Syriaca.org,Syriaca.org,المعجم الجغرافي 2014,,لم أتحقق,,,بوابة مراجع مترابطة (معجم أماكن/أشخاص),إنجليزية مع أسماء سريانية,إنجليزية,شامل,تأريخ ونقد مصادر; الأديان والجماعات; جغرافيا,الشرق الأوسط,درس منهجي: مجموعة وحدات مترابطة (معجم أماكن ~2500 سجل، معجم أعلام، فهرس قديسين، SPEAR للأحداث والعلاقات) كلها بمعرّفات URI ثابتة وTEI XML، وأسماء بالخط الأصلي. نموذج لبناء موسوعة أندلسية من 'ملفات استناد' للأشخاص والأماكن تُبنى عليها المقالات، مع وحدة للأحداث والعلاقات على نمط factoids.,متقدم,A,مشروع أكاديمي مفتوح مرجعي في البيانات المترابطة.,https://syriaca.org/,https://github.com/srophe,نص كامل مجاني,CC BY 4.0 للمنشورات؛ عدة مستودعات برمجية GPL-3.0,فحص أجزاء من المحتوى,فتحت الرئيسية ومنظمة srophe على GitHub (syriaca-data نشط 2026، تطبيق eXist القديم مؤرشف). 2026-09-23,محتوى,نموذج بيانات الموسوعة; بطاقة شخصية; خريطة,الحالة: نشط جزئياً؛ بعض الوحدات بتواريخ إصدار قديمة.,,v1.0,,2026-09-23,D-10
LIB-DIG-011,مشروع رقمي مشابه,Pelagios Network & Recogito (and Recogito Studio),شبكة بيلاغيوس وأداة ريكوجيتو للتوسيم,شبكة Pelagios؛ Recogito: AIT، جامعة إكستر، معهد همبولت، الجامعة المفتوحة، جامعة لندن؛ Recogito Studio: Performant Software,Pelagios Network؛ تمويل Mellon,,,لم أتحقق,,,أداة توسيم/مجتمع ممارسة,إنجليزية,إنجليزية,شامل,جغرافيا; تأريخ ونقد مصادر,عالمي,درس منهجي: توسيم الأماكن والأشخاص في نصوص المصادر (مثل الإدريسي أو ابن حوقل) وصورها وربطها بمعاجم الأماكن، ثم تصدير النتائج؛ Recogito Studio يدعم TEI وIIIF وPDF ومعيار W3C Web Annotation. طريقة عملية لبناء الأطلس من النصوص نفسها بحيث يبقى كل موضع مربوطاً بالسطر الذي ورد فيه. | الفائدة من زاوية «مصدر مكاني/بصري»: أداة لاستخراج أسماء الأماكن من نصوص الجغرافيين والرحالة (الإدريسي، الحميري…) وربطها بمعاجم مثل Pleiades وWHG وتصديرها؛ منهجية نافعة لبناء طبقات الأطلس من النصوص.,متوسط,A,أدوات مفتوحة المصدر معتمدة أكاديمياً؛ لا محتوى أندلسياً جاهزاً.,https://pelagios.org/,https://recogito.pelagios.org/,نص كامل مجاني (حساب مجاني)؛ Recogito Studio ذاتي الاستضافة أو باشتراك,مفتوح المصدر (نوع الرخصة لم يظهر في الصفحات المفتوحة),فحص أجزاء من المحتوى,فتحت pelagios.org وrecogito.pelagios.org (إحصاءات حية) وrecogitostudio.org. 2026-09-23,محتوى,توسيم النصوص; خريطة; منهجية; استخراج أماكن من النصوص,الحالة: Recogito الأصلي يعمل؛ Recogito Studio هو الامتداد الحديث النشط. [دُمج معه السجل S-04],,v1.0,,2026-09-23,D-11
LIB-DIG-012,مشروع رقمي مشابه,Peripleo (Pelagios search & browsing engine),بيريبليو: محرك تصفح بيانات بيلاغيوس,مجتمع Pelagios,GitHub: pelagios,,,لم أتحقق,,,أداة عرض/بحث مكاني,إنجليزية,إنجليزية,شامل,جغرافيا,عالمي,درس في واجهة المستخدم: التصفح عبر الخريطة مع شريط زمني وفلاتر، وعرض كل الموارد المرتبطة بمكان واحد من مجموعات بيانات مختلفة. يوضح كيف تُصمَّم صفحة 'المدينة' في الأطلس بحيث تجمع المقتنيات والنصوص والصور المرتبطة بها.,متقدم,B,أداة مرجعية لكن النسخة الأولى مؤرشفة؛ المرجع للاطلاع على التصميم.,https://github.com/pelagios/peripleo,https://github.com/pelagios/peripleo2,نص كامل مجاني,GPL-3.0,اطلاع على الفهرس/المقدمة/وصف الناشر,فتحت مستودع peripleo (مؤرشف 16 يناير 2021 مع إحالة إلى peripleo2). لم أفتح peripleo2. 2026-09-23,محتوى,تصميم واجهة الخريطة,الحالة: v1 مؤرشف؛ v2 هو البديل.,,v1.0,,2026-09-23,D-12
LIB-DIG-013,مشروع رقمي مشابه,Mapping Past Societies (MAPS) — formerly Digital Atlas of Roman and Medieval Civilizations (DARMC),رسم خرائط المجتمعات الماضية (الأطلس الرقمي للحضارات الرومانية والوسيطة سابقاً),,Harvard University (Center for Geographic Analysis / Initiative for the Science of the Human Past),,,لم أتحقق,,,قاعدة بيانات جغرافية/أطلس,إنجليزية,إنجليزية,ما قبل الفتح; شامل,جغرافيا; اقتصاد وتجارة; الأديان والجماعات,أوروبا والمتوسط,درس منهجي: أطلس طبقات موضوعية (اقتصاد، أوبئة، مناخ، تحول ديني، هجرة) على منصة ArcGIS؛ يوضح فكرة الأطلس المتعدد الطبقات الذي يتيح مقارنة الظواهر فوق الخريطة نفسها، وتضمين طبقات بيئية/مناخية لتفسير التحولات في الأندلس.,متقدم,B,جامعي موثوق؛ لكن المنصة في طور التحديث وشروط البيانات لم تظهر.,https://darmc.harvard.edu/,https://darmc.harvard.edu/,نص كامل مجاني (عرض),غير متحقق,اطلاع على الفهرس/المقدمة/وصف الناشر,فتحت darmc.harvard.edu فظهر باسم MAPS مع لافتة 'Coming soon' وتحديث المنصة. 2026-09-23,محتوى,خريطة; طبقات موضوعية,الحالة: قيد التحديث. تحقق من قسم Data Availability قبل استعمال الطبقات.,,v1.0,,2026-09-23,D-13
LIB-DIG-014,مشروع رقمي مشابه,ORBIS: The Stanford Geospatial Network Model of the Roman World,أوربيس: نموذج ستانفورد الشبكي للعالم الروماني,Walter Scheidel؛ Elijah Meeks,Stanford University Libraries,نسخة 2012 وما بعدها,,لم أتحقق,,,نموذج شبكي تفاعلي,إنجليزية,إنجليزية,ما قبل الفتح,جغرافيا; اقتصاد وتجارة; بحرية وموانئ,الإمبراطورية الرومانية بما فيها هسبانيا,درس منهجي: نمذجة التنقل بالتكلفة والزمن لا بالمسافة فقط — وسائط متعددة (طريق، نهر، ساحل، بحر مفتوح)، تغير الفصول، أولوية الأسرع/الأرخص. يمكن تطبيقه على الأندلس لحساب زمن وصول الأخبار أو الجيوش بين قرطبة والثغور، أو الرحلة البحرية إلى المغرب.,متقدم,A,نموذج أكاديمي مشهور؛ خاص بالعصر الروماني.,https://orbis.stanford.edu/,https://orbis.stanford.edu/,نص كامل مجاني,خرائط الأساس من AWMC برخصة CC؛ بيانات النموذج غير متحقق,فحص أجزاء من المحتوى,فتحت الواجهة الرئيسية. 2026-09-23,محتوى,خريطة; طرق وزمن السفر,الحالة: متاح (مع نسخة 2012 القديمة)؛ لا يُعرف تحديث حديث.,,v1.0,,2026-09-23,D-14
LIB-DIG-015,مشروع رقمي مشابه,Regnum Francorum Online – Interactive maps and sources of early medieval Europe 614–918,مملكة الفرنجة على الشبكة: خرائط ومصادر أوروبا الوسيطة المبكرة,Johan Åhlfeldt,,,,لم أتحقق,,,نظام معلومات جغرافي تاريخي,إنجليزية,إنجليزية,الفتح والولاة; الإمارة,جغرافيا; تأريخ ونقد مصادر,أوروبا الفرنجية (تشمل الثغر الإسباني),درس منهجي: ربط كل موضع على الخريطة بالوثائق الأصلية الرقمية التي ورد فيها (5764 إحالة) وبطبقات مثل مسارات الملوك وأملاك الأديرة. نموذج لربط أحداث الأندلس الحدودية (الثغر الأعلى، حملات شارلمان) بالمصادر. وتحذير: اعتماده على روابط خارجية وواجهة Google Maps جعله هشاً.,متوسط,C,مشروع فردي قديم (Legacy) والنطاق الأصلي لم يعد يستجيب؛ يُستفاد منه كدرس لا كمصدر.,https://wiki.digitalclassicist.org/Regnum_Francorum_Online,http://www.francia.ahlfeldt.se/index.php,غير متاح حالياً (لم يستجب النطاق regnumfrancorum.org),CC BY 4.0 بحسب ويكي Digital Classicist,اطلاع على الفهرس/المقدمة/وصف الناشر,فتحت صفحة المشروع في Digital Classicist Wiki (آخر تحديث 27/9/2019، مصنف Legacy). regnumfrancorum.org لم يُحلّ اسم نطاقه. لم أفتح francia.ahlfeldt.se. 2026-09-23,محتوى,درس في الاستدامة الرقمية,الحالة: مؤرشف/Legacy. الدرس: اعتمد روابط دائمة ومعايير مفتوحة لتجنب الانقراض الرقمي.,,v1.0,,2026-09-23,D-15
LIB-DIG-016,مشروع رقمي مشابه,Nomisma.org,نوميزما: بيانات مترابطة للمسكوكات,Ethan Gruber (مطوّر رئيسي),American Numismatic Society (منذ 2010),,,لم أتحقق,,,مفردات مترابطة/SPARQL,إنجليزية,إنجليزية,شامل,مسكوكات,عالمي,درس منهجي: URIs ثابتة لمفاهيم المسكوكات (دار الضرب، الحاكم، النوع، الكنز) مع أنطولوجيا RDF ونقطة SPARQL. يوضح كيف تُربط صفحة حاكم أندلسي أو دار ضرب (مدينة الزهراء، قرطبة) بمجموعات النقود في المتاحف عبر معرّفات مشتركة.,متقدم,A,معيار دولي في النميات؛ لم أتحقق من مدى تغطية النقود الإسلامية/الأندلسية.,https://nomisma.org/,https://nomisma.org/,نص كامل مجاني (تنزيل جماعي وSPARQL),CC BY للمفاهيم؛ بيانات الشركاء قد تختلف,اطلاع على الفهرس/المقدمة/وصف الناشر,فتحت الصفحة الرئيسية. 2026-09-23,محتوى,بطاقة حاكم; مسكوكات; خريطة دور الضرب,الحالة: نشط. تحقق من وجود مفاهيم لدور الضرب الأندلسية قبل الاعتماد.,,v1.0,,2026-09-23,D-16
LIB-DIG-017,مشروع رقمي مشابه,Mapping Manuscript Migrations (MMM),رسم خرائط هجرة المخطوطات,Toby Burrows (أكسفورد)، Hanno Wijsman (IRHT)، Lynn Ransom (بنسلفانيا)، فريق SeCo آلتو/هلسنكي,Digging into Data (T-AP) Round 4؛ ESRC، ANR، IMLS، أكاديمية فنلندا,أطلقت البوابة يناير 2020,,لم أتحقق,,,بوابة بيانات مترابطة,إنجليزية,إنجليزية,شامل,مخطوطات; تأريخ ونقد مصادر,أوروبا وأمريكا,درس منهجي: دمج قواعد مخطوطات مختلفة (Schoenberg، Bibale، مخطوطات أكسفورد) في مخطط معرفي موحد يوسع CIDOC-CRM وFRBRoo دون تصحيح بيانات المصدر، مع بحث متعدد الأوجه وخرائط لمسارات انتقال المخطوطات. يصلح لتتبع 'رحلة' مخطوطات أندلسية إلى الإسكوريال أو المغرب.,بحثي متخصص,A,مشروع دولي ممول مع منشور بيانات في Journal of Open Humanities Data.,https://seco.cs.aalto.fi/projects/mmm/,https://mappingmanuscriptmigrations.org/,نص كامل مجاني (SPARQL: ldf.fi/mmm/sparql),CC BY-NC 4.0,اطلاع على الفهرس/المقدمة/وصف الناشر,فتحت صفحة المشروع لدى SeCo. البوابة نفسها تطبيق JavaScript لم يُعرض محتواه عند الجلب. 2026-09-23,محتوى,مخطوطات; خريطة انتقال,الحالة: البوابة قائمة مع منشورات حتى 2025.,,v1.0,,2026-09-23,D-17
LIB-DIG-018,مشروع رقمي مشابه,People of Medieval Scotland 1093–1314 (PoMS),أهل اسكتلندا في العصر الوسيط,,مشروعا The Paradox of Medieval Scotland (2007–2010) وThe Breaking of Britain (2010–2013)، تمويل AHRC,,,لم أتحقق,,,قاعدة بيانات بروسوبوغرافية,إنجليزية,إنجليزية,شامل,مجتمع; تأريخ ونقد مصادر,اسكتلندا,درس منهجي في البروسوبوغرافيا: كل شخص معروف في فترة محددة كما يرد في أكثر من 8600 وثيقة معاصرة؛ الشخص يُبنى من شهادات الوثائق لا من سيرة مكتوبة. يصلح نموذجاً لبطاقات أعلام الأندلس المبنية على مصادر التراجم (ابن الفرضي، ابن بشكوال) بحيث تشير كل معلومة إلى مصدرها.,متقدم,B,نموذج بروسوبوغرافي معتبر لكن خارج موضوع الأندلس؛ لم أتمكن من فتح صفحة about (مقيدة بـrobots).,https://www.poms.ac.uk/,https://www.poms.ac.uk/,نص كامل مجاني,غير متحقق,اطلاع على الفهرس/المقدمة/وصف الناشر,فتحت الرئيسية فقط. 2026-09-23,محتوى,نموذج بطاقة شخصية,الحالة: متاح؛ التمويل انتهى 2013.,,v1.0,,2026-09-23,D-18
LIB-DIG-019,مشروع رقمي مشابه,Prosopography of Anglo-Saxon England (PASE),بروسوبوغرافيا إنجلترا الأنجلوسكسونية,,King's College London وجامعة كامبريدج؛ مستضاف في كلية التاريخ بأكسفورد منذ 2024؛ تمويل AHRB/AHRC,2000–2008 (تمويل),,لم أتحقق,,,قاعدة بيانات بروسوبوغرافية,إنجليزية,إنجليزية,شامل,مجتمع; تأريخ ونقد مصادر,إنجلترا,درس منهجي: سجلات منظمة لكل الساكنين المسجلين من مصادر متنوعة (حوليات، سير قديسين، مواثيق، نقوش، عملات)؛ نموذج لجمع أنواع مصادر مختلفة في بطاقة واحدة. ودرس في الاستدامة: انتقال الاستضافة بين المؤسسات مع بقاء المحتوى.,متقدم,B,نموذج معتبر؛ خارج الموضوع؛ الرخصة مقيدة.,https://pase.ac.uk/,https://pase.ac.uk/,نص كامل مجاني,للاستخدام الفردي غير التجاري فقط مع الإشارة؛ غير ذلك يحتاج إذناً كتابياً,اطلاع على الفهرس/المقدمة/وصف الناشر,فتحت الرئيسية وصفحة copyright. 2026-09-23,محتوى,نموذج بطاقة شخصية,الحالة: متاح ومستضاف في أكسفورد.,,v1.0,,2026-09-23,D-19
LIB-DIG-020,مشروع رقمي مشابه,Prosopography of the Byzantine World (PBW 2016),بروسوبوغرافيا العالم البيزنطي,Michael Jeffreys (محرر)؛ Elliott Hall؛ Charlotte Roueché,King's College London؛ الأكاديمية البريطانية,2016,,ISBN 978-1-908951-20-5 (ظاهر في الموقع),,,قاعدة بيانات بروسوبوغرافية,إنجليزية,إنجليزية,الفتنة والطوائف; المرابطون,مجتمع; تأريخ ونقد مصادر,بيزنطة والمشرق,درس منهجي: 'قراءة بروسوبوغرافية للمصادر' 1025–1180 تشمل حتى الكامل لابن الأثير، مع روابط دائمة لكل مدخل وإصدار مؤرخ قابل للاستشهاد (PBW 2016). يعلّم نشر الموسوعة في 'طبعات' مؤرخة ذات رقم تعريفي، والإقرار بعدم الاكتمال.,بحثي متخصص,B,مشروع أكاديمي رصين؛ خارج النطاق الجغرافي.,https://pbw2016.kdl.kcl.ac.uk/,https://pbw2016.kdl.kcl.ac.uk/,نص كامل مجاني,غير متحقق,اطلاع على الفهرس/المقدمة/وصف الناشر,فتحت الصفحة الرئيسية. 2026-09-23,محتوى,نموذج الاستشهاد والإصدارات,الحالة: متاح (إصدار 2016). المنهج المعروف باسم factoid prosopography مرتبط بفريق KCL؛ لم أفتح صفحة تشرحه صراحة.,,v1.0,,2026-09-23,D-20
LIB-DIG-021,مشروع رقمي مشابه,Onomasticon Arabicum,الأونوماستيكون العربي (معجم الأعلام العرب),,IRHT-CNRS,,,لم أتحقق,,,قاعدة بيانات أعلام,عربية/فرنسية,عربية,شامل,تأريخ ونقد مصادر; التعليم; فلسفة وفقه,العالم الإسلامي,درس منهجي بالغ الصلة: تفكيك الاسم العربي إلى عناصره (الاسم، الكنية، النسب، النسبة، اللقب) للبحث المتقاطع، مع أكثر من 27000 عالم وعلَم من الألف الأولى مستخلصين من نحو 50 معجم تراجم؛ ورموز صريحة لعدم اليقين ('?' للمشكوك، '#' للتقريبي). يصلح مباشرة لتصميم حقول بطاقة العالم الأندلسي وإظهار عدم اليقين في التواريخ.,بحثي متخصص,A,مشروع مؤسسي طويل الأمد في IRHT؛ تحفّظ: التغطية الأندلسية لم تُفحص.,https://onomasticon.irht.cnrs.fr/,https://onomasticon.irht.cnrs.fr/,نص كامل مجاني,غير متحقق,اطلاع على الفهرس/المقدمة/وصف الناشر,فتحت صفحة الدخول والشرح (قائمة المصادر ورموز الإدخال). 2026-09-23,محتوى,بطاقة شخصية; نموذج الأسماء,الحالة: متاح. يكمّل PUA/HATA المدرجين في قاعدة المعرفة.,,v1.0,,2026-09-23,D-21
LIB-DIG-022,مشروع رقمي مشابه,TimelineJS,أداة الخط الزمني TimelineJS,,Knight Lab (جامعة نورث وسترن),,,لم أتحقق,,,أداة برمجية مفتوحة,متعددة اللغات,متعددة,شامل,تأريخ ونقد مصادر,—,درس في التنفيذ: خط زمني تفاعلي يُغذّى من جدول Google Sheets أو JSON، ما يسمح لغير المبرمجين بتحرير الأحداث. مناسب لنماذج أولية سريعة لخط زمني أندلسي؛ لكن دعم العربية/RTL لم يُذكر صراحة فيلزم اختباره.,تمهيدي,B,أداة موثوقة ومنتشرة لكنها عامة وغير مخصصة للتواريخ غير المؤكدة أو التقويم الهجري.,https://timeline.knightlab.com/,https://timeline.knightlab.com/,نص كامل مجاني,Mozilla Public License 2.0,اطلاع على الفهرس/المقدمة/وصف الناشر,فتحت الصفحة الرئيسية. 2026-09-23,محتوى,خط زمني,الحالة: متاح ومفتوح المصدر. لا يدعم فترات غامضة الحدود؛ للتحقيب الأدق استعن بمنهج PeriodO.,,v1.0,,2026-09-23,D-22
LIB-DIG-023,مشروع رقمي مشابه,nodegoat,نودغوت: بيئة إدارة بيانات وتحليل شبكات وتصوير زماني-مكاني,LAB1100,LAB1100,,,لم أتحقق,,,منصة بحثية,إنجليزية,إنجليزية,شامل,تأريخ ونقد مصادر; مجتمع,—,درس منهجي: بناء نموذج بيانات مخصص عبر واجهة رسومية، وإثراء الكيانات بسمات علائقية وجغرافية وزمنية، ثم عرضها زمنياً ومكانياً وشبكياً (تحليل diachronic). مناسب لنمذجة شبكات الشيوخ والتلاميذ أو رحلات العلماء بين الأندلس والمشرق دون برمجة.,متوسط,B,أداة ناضجة (الإصدار 8.7) لكنها تجارية الإدارة بخطط وصول متدرجة.,https://nodegoat.net/,https://nodegoat.net/,مجاني بمستويات/اشتراك مؤسسي,غير متحقق,اطلاع على الفهرس/المقدمة/وصف الناشر,فتحت الصفحة الرئيسية. 2026-09-23,محتوى,شبكات; خريطة; خط زمني,الحالة: نشط.,,v1.0,,2026-09-23,D-23
LIB-DIG-024,مشروع رقمي مشابه,Heilbrunn Timeline of Art History,الخط الزمني لتاريخ الفن (متحف المتروبوليتان),,The Metropolitan Museum of Art,,,لم أتحقق,,,موسوعة/خط زمني فني,إنجليزية,إنجليزية,شامل; غرناطة النصرية,عمارة وفنون,عالمي؛ منه مقال عن الفن النصري,درس في تصميم الخط الزمني الموسوعي: أكثر من 1000 مقال و300 تسلسل زمني منظمة موضوعياً وزمنياً وجغرافياً ومربوطة بقطع من مجموعة المتحف. مثال: مقال 'The Art of the Nasrid Period (1232–1492)' يجمع السياق السياسي والعمارة والفنون الزخرفية — نموذج لصفحة 'عصر' في الموسوعة تربط السرد بالمقتنيات. | الفائدة من زاوية «موسوعة/موقع متخصص»: مقالات قصيرة موثوقة تربط الحقب بالقطع المتحفية (عاج، معادن، منسوجات، مدينة الزهراء، جامع قرطبة، الحمراء) — مناسبة لبطاقات تعريفية ودروس، ولربط الخط الزمني بالمقتنيات.,تمهيدي,B,مؤسسة متحفية كبرى ومحتوى محرّر؛ تعريفي لا بحثي.,https://www.metmuseum.org/toah/,https://www.metmuseum.org/toah/hd/nasr/hd_nasr.htm,نص كامل مجاني,انظر صفحة Rights and Permissions؛ غير متحقق (صور المتحف ذات الوصول المفتوح تحتاج تحققاً بكل قطعة),فحص أجزاء من المحتوى,فتحت الصفحة الرئيسية ومقال الفن النصري (لم يظهر اسم المؤلف في المستخلص). 2026-09-23,محتوى,خط زمني; مقال موسوعي; صورة; درس,الحالة: يُحدَّث بحسب الموقع. [دُمج معه السجل E-07؛ روابط إضافية: https://www.metmuseum.org/essays/the-art-of-the-umayyad-period-in-spain-711-1031 ; https://www.metmuseum.org/toah/ht/07/eusi.html],,v1.0,,2026-09-23,D-24
LIB-DIG-025,مشروع رقمي مشابه,Alhambra: Arquitectura Hispano-Musulmana en 3D; El museo en 360º y realidad virtual,الحمراء: رقمنة ثلاثية الأبعاد لقطع المتحف وجولة 360 درجة,,Patronato de la Alhambra y Generalife؛ مع CTAP (مركز التقنيات المتقدمة للحجر) ضمن تعاون عابر للحدود أندلوسيا–المغرب,2013 (الرقمنة)؛ 2017 (فيديو 360),,لم أتحقق,,,مشروع رقمنة/واقع افتراضي,إسبانية,إسبانية,غرناطة النصرية,عمارة وفنون; آثار,غرناطة,درس منهجي: رقمنة 42 قطعة معمارية (تيجان، مشبكات، حوض الملك باديس) ونشر جولة 360 عبر يوتيوب. يوضح مستويين من الإتاحة الرقمية للمعالم (نموذج علمي ثلاثي الأبعاد مقابل جولة عرض)، ويحذر من غياب رخصة معلنة ومنصة نشر واضحة.,تمهيدي,C,جهة رسمية مسؤولة عن المعلم؛ لكن المواد إعلامية ولا تحمل بيانات وصفية أو رخصة.,https://www.alhambra-patronato.es/digitalizadas-en-3d-piezas-del-museo-de-la-alhambra,https://www.alhambra-patronato.es/360-realidad-virtual,عرض مجاني,غير معلنة — لا يُعاد النشر دون إذن,اطلاع على الفهرس/المقدمة/وصف الناشر,فتحت صفحتي الرقمنة (28/11/2013) و360 (8/2/2017). ظهرت في البحث أخبار عن 'توأم رقمي' (Alhambra Living Lab) في سبتمبر 2026 لم أفتحها. 2026-09-23,محتوى,صورة; نموذج ثلاثي الأبعاد,الحالة: مواد قديمة؛ تابع مشروع التوأم الرقمي الجديد.,,v1.0,,2026-09-23,D-29
LIB-DIG-026,مشروع رقمي مشابه,3D Reconstruction of Medina Azahara Mosque (Google Arts & Culture),إعادة بناء ثلاثية الأبعاد لمسجد مدينة الزهراء,,Conjunto Arqueológico de Madinat al-Zahra عبر Google Arts & Culture,,,لم أتحقق,,,إعادة بناء افتراضية/معرض رقمي,إنجليزية/إسبانية,إنجليزية,الخلافة,عمارة وفنون; آثار; مدن وعمران,قرطبة,درس في عرض الترميم الافتراضي: تقديم إعادة بناء عبر منصة معارض رقمية لمؤسسة رسمية. الدرس للأطلس: يجب أن تُرفق أي إعادة بناء ببيانات من صنعها ومتى وعلى أي أدلة أثرية بنيت ودرجة الافتراض فيها — وهذه غائبة عن الصفحة كما فُتحت.,تمهيدي,C,جهة رسمية؛ لكن بلا بيانات منشئ أو تاريخ أو منهج ظاهرة.,https://artsandculture.google.com/asset/3d-reconstruction-of-medina-azahara-mosque/9gEovmne-ZaaBQ?hl=en,https://artsandculture.google.com/asset/3d-reconstruction-of-medina-azahara-mosque/9gEovmne-ZaaBQ?hl=en,عرض مجاني,غير متحقق,اطلاع على الفهرس/المقدمة/وصف الناشر,فتحت صفحة الأصل. موقع الكونخونتو في museosdeandalucia.es تعذر جلبه (خطأ شهادة SSL). 2026-09-23,محتوى,صورة; مقال عن مدينة الزهراء,الحالة: متاح. توجد أخبار عن رقمنة 3D لمبانٍ بجامعة قادس لم أفتحها.,,v1.0,,2026-09-23,D-30
LIB-DIG-027,مشروع رقمي مشابه,Las Rutas de El legado andalusí,طرق الإرث الأندلسي,المديرة: María de la Concepción de Santa Ana Fernández,Fundación Pública Andaluza El legado andalusí (Junta de Andalucía)؛ طريق ثقافي معتمد من مجلس أوروبا,الطرق معتمدة طرقاً ثقافية أوروبية منذ 1997 بحسب الموقع,,لم أتحقق,,,موقع/طرق ثقافية/منشورات,إسبانية وإنجليزية,إسبانية,شامل; الإرث,جغرافيا; مدن وعمران; عمارة وفنون,أندلوسيا والمغرب,درس في التحويل السياحي-التعليمي: تقديم التاريخ كمسارات (طريق الخلافة، طريق النصريين...) مع خرائط ومقترحات بالسيارة أو المشي أو الدراجة ومعارض وأكثر من 70 إصداراً. يلهم ميزة 'مسارات' في الأطلس، مع التنبه إلى الطابع الترويجي. | الفائدة من زاوية «موسوعة/موقع متخصص»: مسارات ثقافية تربط مواقع أندلسية، ومعارض، وأكثر من 70 عنوانًا منشورًا ومجلة — مفيدة لتصميم مسارات الأطلس وللصور والمعارض.,تمهيدي,C,جهة عامة لها إصدارات علمية أحياناً، لكن محتوى الموقع ترويجي ثقافي.,https://www.legadoandalusi.es/,https://www.legadoandalusi.es/,نص كامل مجاني,غير متحقق,اطلاع على الفهرس/المقدمة/وصف الناشر,فتحت الرئيسية (آخر تعديل 14/9/2026) وصفحة مجلس أوروبا. 2026-09-23,محتوى,مسارات; خريطة; درس; صورة,الحالة: نشط. [دُمج معه السجل E-10],,v1.0,,2026-09-23,D-31
LIB-DIG-028,مشروع رقمي مشابه,Muslim Heritage (muslimheritage.com),موقع التراث الإسلامي,,"Foundation for Science, Technology and Civilisation (FSTC)",,,لم أتحقق,,,موقع مقالات,إنجليزية,إنجليزية,شامل,علوم وطب وفلك,العالم الإسلامي مع مقالات عن الأندلس,حالة دراسية للتحذير المنهجي: موقع ثري بمقالات عن علوم الأندلس (مثل 'The Golden Age of Andalusi Science') لكن سياسته التحريرية وآلية المراجعة غير ظاهرة، ويحمل منظوراً احتفائياً. الدرس للموسوعة: التمييز بين المحتوى الاحتفائي والدراسة المحكّمة في قضية 'نسبة المنجزات العلمية' التي ينص عليها الموجز.,تمهيدي,C,بعض المقالات لباحثين معروفين، لكن لا سياسة تحرير أو رخصة ظاهرة؛ لا يُعتمد منفرداً في القضايا الخلافية.,https://www.muslimheritage.com/,https://www.muslimheritage.com/,نص كامل مجاني,غير متحقق (صور متفرقة بـCC BY 2.0 وCC0),اطلاع على الفهرس/المقدمة/وصف الناشر,فتحت الرئيسية فقط. 2026-09-23,محتوى,اكتشاف مصادر فقط,الحالة: نشط. تحقق من كل مقال على حدة (المؤلف والإحالات).,,v1.0,,2026-09-23,D-32
LIB-PRI-036,مصدر أصلي,البيان المغرب في أخبار الأندلس والمغرب,,ابن عذاري المراكشي,لم أتحقق (فهرس الشاملة لا يذكر الطبعة),لم أتحقق,لم أتحقق,لا ينطبق/لم أتحقق,,,نص تراثي,العربية,العربية,الإمارة; الخلافة; الفتنة والطوائف; المرابطون; الموحدون,سياسة; تأريخ ونقد مصادر,الأندلس والمغرب,حوليات الأندلس والمغرب؛ نص أساسي لعصر الإمارة والخلافة,بحثي متخصص,A,مصدر أولي معتمد؛ الترقيم ترقيم الطبعة كما تعرضه الشاملة ويُقابل بالمطبوع قبل النشر,,https://shamela.ws/book/11782,نص كامل عبر المكتبة الشاملة,النص في الملك العام؛ التحقيق والحواشي لأصحابها,فحص أجزاء من المحتوى,صفحات بعينها عبر وصلة الشاملة (انظر verification_log_v1_2.csv),فهرس الشاملة + قراءة مباشرة,خط زمني; بطاقة شخصية; مقال موسوعي,,,v1.2,أُضيف لسد فجوة المصادر الأولية,2026-09-23,
LIB-PRI-037,مصدر أصلي,نفح الطيب من غصن الأندلس الرطيب,,المقري التلمساني (ت 1041هـ)؛ تحقيق: إحسان عباس (بحسب عنوان نسخة الشاملة),لم أتحقق (فهرس الشاملة لا يذكر الطبعة),لم أتحقق,لم أتحقق,لا ينطبق/لم أتحقق,,,نص تراثي,العربية,العربية,شامل,سياسة; أدب وشعر; تأريخ ونقد مصادر,الأندلس,موسوعة أدبية تاريخية متأخرة تنقل نصوصًا مفقودة (منها الإحاطة وتعليقات ابن لسان الدين),بحثي متخصص,A,مصدر أولي معتمد؛ الترقيم ترقيم الطبعة كما تعرضه الشاملة ويُقابل بالمطبوع قبل النشر,,https://shamela.ws/book/1002,نص كامل عبر المكتبة الشاملة,النص في الملك العام؛ التحقيق والحواشي لأصحابها,فحص أجزاء من المحتوى,صفحات بعينها عبر وصلة الشاملة (انظر verification_log_v1_2.csv),فهرس الشاملة + قراءة مباشرة,خط زمني; بطاقة شخصية; مقال موسوعي,,,v1.2,أُضيف لسد فجوة المصادر الأولية,2026-09-23,
LIB-PRI-038,مصدر أصلي,الإحاطة في أخبار غرناطة,,لسان الدين ابن الخطيب (ت 776هـ),لم أتحقق (فهرس الشاملة لا يذكر الطبعة),لم أتحقق,لم أتحقق,لا ينطبق/لم أتحقق,,,نص تراثي,العربية,العربية,غرناطة النصرية,سياسة; تأريخ ونقد مصادر,الأندلس,المصدر الأول لتراجم غرناطة النصرية؛ في النسخة زيادات مختصِر بعد ترجمة المؤلف لنفسه,بحثي متخصص,A,مصدر أولي معتمد؛ الترقيم ترقيم الطبعة كما تعرضه الشاملة ويُقابل بالمطبوع قبل النشر,,https://shamela.ws/book/11682,نص كامل عبر المكتبة الشاملة,النص في الملك العام؛ التحقيق والحواشي لأصحابها,فحص أجزاء من المحتوى,صفحات بعينها عبر وصلة الشاملة (انظر verification_log_v1_2.csv),فهرس الشاملة + قراءة مباشرة,خط زمني; بطاقة شخصية; مقال موسوعي,,,v1.2,أُضيف لسد فجوة المصادر الأولية,2026-09-23,
LIB-PRI-039,مصدر أصلي,جذوة المقتبس في ذكر ولاة الأندلس,,الحميدي (ت 488هـ),لم أتحقق (فهرس الشاملة لا يذكر الطبعة),لم أتحقق,لم أتحقق,لا ينطبق/لم أتحقق,,,نص تراثي,العربية,العربية,الإمارة; الخلافة; الفتنة والطوائف,سياسة; تأريخ ونقد مصادر,الأندلس,تراجم ولاة الأندلس وعلمائها؛ كنى الأمراء وألقابهم,بحثي متخصص,A,مصدر أولي معتمد؛ الترقيم ترقيم الطبعة كما تعرضه الشاملة ويُقابل بالمطبوع قبل النشر,,https://shamela.ws/book/5742,نص كامل عبر المكتبة الشاملة,النص في الملك العام؛ التحقيق والحواشي لأصحابها,فحص أجزاء من المحتوى,صفحات بعينها عبر وصلة الشاملة (انظر verification_log_v1_2.csv),فهرس الشاملة + قراءة مباشرة,خط زمني; بطاقة شخصية; مقال موسوعي,,,v1.2,أُضيف لسد فجوة المصادر الأولية,2026-09-23,
LIB-PRI-040,مصدر أصلي,تاريخ إسبانية الإسلامية أو كتاب أعمال الأعلام في من بويع قبل الاحتلام من ملوك الإسلام,أعمال الأعلام — القسم الخاص بالأندلس,لسان الدين ابن الخطيب (ت 776هـ)؛ تحقيق وتعليق: إ. ليفي بروفنسال,دار المكشوف، بيروت,1956 (الطبعة الثانية، آذار),الطبعة الثانية؛ مجلد واحد، نحو 380 ص (النص حتى ص321 ثم الفهارس),لا ينطبق,,,نص تراثي محقق,عربية,عربية,شامل; غرناطة النصرية,سياسة; تأريخ ونقد مصادر,الأندلس,تاريخ الأندلس من بني أمية إلى بني نصر حتى الولاية الثانية لمحمد الخامس، كتبه ابن الخطيب بين 774 و776هـ؛ مصدر معاصر لسلاطين غرناطة (ص286–321).,بحثي متخصص,A,مصدر أولي لمؤلف معاصر لبني نصر وفاعل في بلاطهم؛ تحيز محتمل لممدوحيه. ترجمة محمد الأول مبتورة في هذه الطبعة (ص286). مقدمة المحقق كلام حديث يُعزى إليه لا إلى ابن الخطيب.,https://archive.org/details/ar106biog55,https://archive.org/details/ar106biog55,نص كامل (مصوّر في أرشيف الإنترنت),الطبعة محفوظة الحقوق لدار المكشوف؛ النص التراثي في الملك العام,فحص أجزاء من المحتوى,صور الصفحات كاملة (197 صورة، كل صورة صفحتان) أرسلها المستخدم من أرشيف الإنترنت: صفحة العنوان وبيانات الطبعة وفهرس المحتويات ومقدمة المحقق وقسم بني نصر ص286–321 بتعرّف ضوئي وقراءة بصرية للمواضع المعتمدة. (تاريخ التحقق: 2026-09-24),محتوى,خط زمني; بطاقة شخصية; مقال موسوعي,النسخة المصوّرة المتداولة مصدرها موقع تحميل (abbassa.wordpress.com) كما يظهر على الصورة؛ لا تُعاد نشرها.,,v1.2,سجل جديد,2026-09-24,
LIB-PRI-041,مصدر أصلي,تاريخ ابن خلدون (كتاب العبر وديوان المبتدأ والخبر),,ابن خلدون (ت 808هـ),لم أتحقق (فهرس الشاملة لا يذكر الطبعة),لم أتحقق,لم أتحقق,لا ينطبق/لم أتحقق,,,نص تراثي,العربية,العربية,شامل; غرناطة النصرية,سياسة; تأريخ ونقد مصادر,الأندلس,تاريخ عام؛ أخبار بني مرين وبني الأحمر بشهادة معاصر,بحثي متخصص,A,مصدر أولي معتمد؛ الترقيم ترقيم الطبعة كما تعرضه الشاملة ويُقابل بالمطبوع قبل النشر,,https://shamela.ws/book/12320,نص كامل عبر المكتبة الشاملة,النص في الملك العام؛ التحقيق والحواشي لأصحابها,فحص أجزاء من المحتوى,صفحات بعينها عبر وصلة الشاملة (انظر verification_log_v1_2.csv),فهرس الشاملة + قراءة مباشرة,خط زمني; بطاقة شخصية; مقال موسوعي,فُحصت ج7 ص452–453 عبر وصلة الشاملة,,v1.2,أُضيف شاهدًا أوليًا لمقتل ابن الخطيب (AST-G28),2026-09-24,
LIB-PRI-042,مصدر أصلي,رحلة ابن خلدون (التعريف بابن خلدون ورحلته غربًا وشرقًا),,ابن خلدون (ت 808هـ),لم أتحقق (فهرس الشاملة لا يذكر الطبعة),لم أتحقق,لم أتحقق,لا ينطبق/لم أتحقق,,,نص تراثي,العربية,العربية,غرناطة النصرية,سياسة; تأريخ ونقد مصادر,الأندلس,سيرة ذاتية لمعاصر ابن الخطيب وصديقه,بحثي متخصص,A,مصدر أولي معتمد؛ الترقيم ترقيم الطبعة كما تعرضه الشاملة ويُقابل بالمطبوع قبل النشر,,https://shamela.ws/book/37022,نص كامل عبر المكتبة الشاملة,النص في الملك العام؛ التحقيق والحواشي لأصحابها,فحص أجزاء من المحتوى,صفحات بعينها عبر وصلة الشاملة (انظر verification_log_v1_2.csv),فهرس الشاملة + قراءة مباشرة,خط زمني; بطاقة شخصية; مقال موسوعي,فُحصت ص187 عبر وصلة الشاملة,,v1.2,أُضيف شاهدًا أوليًا لمقتل ابن الخطيب (AST-G28),2026-09-24,
LIB-PRI-043,مصدر أصلي,الذخيرة في محاسن أهل الجزيرة,,ابن بسام الشنتريني (ت 542هـ),لم أتحقق (فهرس الشاملة لا يذكر الطبعة),لم أتحقق,لم أتحقق,لا ينطبق/لم أتحقق,,,نص تراثي,العربية,العربية,الخلافة; الفتنة والطوائف,سياسة; تأريخ ونقد مصادر,الأندلس,تراجم وأخبار عصر الطوائف، وينقل نصوص ابن حيان,بحثي متخصص,A,مصدر أولي معتمد؛ الترقيم ترقيم الطبعة كما تعرضه الشاملة ويُقابل بالمطبوع قبل النشر,,https://shamela.ws/book/1035,نص كامل عبر المكتبة الشاملة,النص في الملك العام؛ التحقيق والحواشي لأصحابها,فحص أجزاء من المحتوى,صفحات بعينها عبر وصلة الشاملة (انظر verification_log_v1_2.csv),فهرس الشاملة + قراءة مباشرة,خط زمني; بطاقة شخصية; مقال موسوعي,فُحصت ج1 ص37 وص436 عبر وصلة الشاملة,,v1.2,أُضيف شاهدًا أوليًا (CHG-1216),2026-09-24,
LIB-PRI-044,مصدر أصلي,رسائل ابن حزم (رسالة في فضل الأندلس وذكر رجالها),,ابن حزم (ت 456هـ),لم أتحقق (فهرس الشاملة لا يذكر الطبعة),لم أتحقق,لم أتحقق,لا ينطبق/لم أتحقق,,,نص تراثي,العربية,العربية,الخلافة; الفتنة والطوائف,سياسة; تأريخ ونقد مصادر,الأندلس,شهادة معاصر على علماء الأندلس في القرن الخامس,بحثي متخصص,A,مصدر أولي معتمد؛ الترقيم ترقيم الطبعة كما تعرضه الشاملة ويُقابل بالمطبوع قبل النشر,,https://shamela.ws/book/1038,نص كامل عبر المكتبة الشاملة,النص في الملك العام؛ التحقيق والحواشي لأصحابها,فحص أجزاء من المحتوى,صفحات بعينها عبر وصلة الشاملة (انظر verification_log_v1_2.csv),فهرس الشاملة + قراءة مباشرة,خط زمني; بطاقة شخصية; مقال موسوعي,فُحصت ج2 ص185 عبر وصلة الشاملة,,v1.2,أُضيف شاهدًا أوليًا (CHG-1216),2026-09-24,
LIB-AV-028,مادة تعليمية/مرئية/مسموعة,مقرر الدولة الإسلامية في الأندلس,مقرر دراسي في تاريخ الدولة الإسلامية في الأندلس (إحدى عشرة وحدة),فريق علمي (كما أفاد المستخدم؛ لم تُذكر الأسماء),وقف,2021,مجلد واحد، نحو 276 صفحة بحسب النسخة المرفقة؛ الطبعة: لم أتحقق,لم أتحقق,,,مقرر دراسي,عربية,عربية,ما قبل الفتح; الفتح والولاة; الإمارة; الخلافة; الفتنة والطوائف; المرابطون; الموحدون; غرناطة النصرية,جغرافيا; سياسة; عسكري; مجتمع; عمارة وفنون,شبه الجزيرة الإيبيرية والأندلس,مقرر منظّم في إحدى عشرة وحدة، من جغرافية شبه الجزيرة إلى مملكة بني الأحمر والجوانب الحضارية؛ لكل وحدة أهداف وخلاصة وأسئلة تقويم. يفيد نموذجًا لبناء الوحدات التعليمية وتسلسلها.,تمهيدي,B,مرجع تعليمي ثانوي (تصنيف المستخدم). يعتمد أساسًا على «دولة الإسلام في الأندلس» لعنان (28 حاشية) ثم «البيان المغرب» (19) و«أعمال الأعلام» (18)، ويكرر سهو عنان في وفاة ابن الأحمر (1272 بدل يناير 1273)؛ فلا يُعدّ شاهدًا مستقلًا على التواريخ حيث يوجد عنان. فصل «الدروس المستفادة» وعظي (منه رواية منام طارق) ولا يُنقل إلى المادة الموسوعية.,لم أتحقق,نسخة PDF لدى المستخدم,نسخة لدى المستخدم,لم أتحقق,فحص أجزاء من المحتوى,نسخة نصية مستخرجة من ملف PDF أرفقه المستخدم: الحروف تالفة بترميز خط قديم فلا يصح الاقتباس الحرفي منها؛ فُكّت الأرقام والتواريخ وقوبلت تواريخ الأحداث الرئيسية بقاعدة v1.2؛ وحُصرت المراجع المحال إليها في الحواشي. لم تظهر صفحة العنوان في النسخة. (تاريخ التحقق: 2026-09-24),محتوى + بيانات من المستخدم,درس; خط زمني,البيانات الببليوغرافية (العنوان، «فريق علمي»، «وقف»، 2021) كما أفاد المستخدم، وأنها مادة محكّمة؛ لم أتحقق من جهة النشر أو التحكيم. يُطلب الملف الأصلي للاقتباس الحرفي.,,v1.2,سجل جديد,2026-09-24,
